image_001.jpg,b'1011.4168',b'212.89847',b'-219.88434',b'1011.93475',b'202.99307',b'-182.71771',b'1014.5779',b'203.4442',b'-182.6549',b'1016.8977',b'203.76361',b'-182.64687',b'1001.62695',b'201.28482',b'-204.36382',b'996.1882',b'200.64925',b'-204.47487',b'990.3584',b'200.13266',b'-204.57666',b'1011.0395',b'208.68971',b'-8.230475',b'973.6236',b'205.28386',b'-108.721756',b'1011.9902',b'228.11455',b'-155.44899',b'1000.10754',b'228.47366',b'-184.91087',b'1044.5221',b'286.284',b'121.029854',b'936.50085',b'282.54123',b'-161.76321',b'1123.3195',b'270.82614',b'117.8409',b'871.932',b'248.0444',b'-456.43893',b'1116.3588',b'186.49835',b'60.600014',b'882.53723',b'159.73668',b'-723.3755',b'1120.3824',b'165.54143',b'53.672157',b'888.26447',b'141.68292',b'-790.0886',b'1113.4928',b'164.88182',b'62.5353',b'895.76135',b'140.58017',b'-764.19525',b'1109.9691',b'171.65149',b'60.13999',b'896.24133',b'145.8568',b'-721.50745',b'1028.3752',b'481.32327',b'99.88592',b'968.5836',b'482.5265',b'-100.1431',b'1034.4371',b'596.6428',b'150.8538',b'979.9442',b'600.0996',b'-80.00504',b'1015.9535',b'722.8861',b'322.32657',b'985.46313',b'733.0839',b'115.47091',b'1004.3072',b'743.3395',b'332.6264',b'976.1143',b'753.34314',b'125.946724',b'1048.0435',b'759.81067',b'207.89252',b'1009.594',b'767.57214',b'-34.28122'
image_002.jpg,b'1003.71045',b'225.59492',b'-221.12053',b'1004.77423',b'214.45874',b'-182.83978',b'1007.3854',b'214.73465',b'-182.78273',b'1009.7811',b'215.06123',b'-182.78717',b'994.2746',b'213.7586',b'-204.22047',b'989.192',b'213.57431',b'-204.28455',b'983.55054',b'213.45404',b'-204.34256',b'1006.1567',b'220.76816',b'-5.493288',b'969.3635',b'217.54198',b'-104.76908',b'1006.1364',b'240.56418',b'-156.28554',b'994.8422',b'240.13419',b'-185.17673',b'1042.1199',b'290.93494',b'112.847916',b'933.7552',b'294.3332',b'-140.36714',b'1120.8608',b'271.24838',b'99.071304',b'877.3205',b'251.9791',b'-378.38245',b'1115.7948',b'186.59424',b'8.161919',b'884.17633',b'162.06226',b'-590.4568',b'1121.0706',b'165.79947',b'-13.091394',b'884.57916',b'143.5357',b'-649.70746',b'1112.3629',b'165.21251',b'-12.456462',b'892.6936',b'141.34866',b'-633.75024',b'1108.1456',b'171.70659',b'2.4472742',b'895.0048',b'147.42943',b'-591.2243',b'1035.8066',b'484.53412',b'87.00044',b'975.3376',b'485.46207',b'-87.15533',b'1030.1501',b'609.53076',b'122.17116',b'980.15497',b'612.10046',b'-115.23516',b'1010.4262',b'732.0642',b'275.757',b'983.72736',b'732.6751',b'42.945488',b'997.44977',b'757.0103',b'282.5256',b'975.33887',b'756.65576',b'48.680077',b'1042.5576',b'766.7883',b'149.84396',b'1006.3473',b'771.22754',b'-123.85959'
image_003.jpg,b'1018.00653',b'259.28543',b'-272.67755',b'1021.76843',b'248.20227',b'-229.07199',b'1024.8644',b'248.80354',b'-229.02751',b'1027.7643',b'249.21869',b'-229.05382',b'1010.33453',b'245.53632',b'-252.3622',b'1005.3624',b'244.81525',b'-252.40448',b'1000.40063',b'244.44002',b'-252.47739',b'1023.7246',b'253.50568',b'-30.243416',b'986.85175',b'249.2744',b'-137.97777',b'1018.84863',b'275.27762',b'-200.43558',b'1006.30554',b'273.33047',b'-231.53217',b'1055.3835',b'315.6729',b'114.86669',b'944.1041',b'315.06427',b'-173.96643',b'1112.7609',b'265.01486',b'152.437',b'892.6584',b'253.84903',b'-333.65356',b'1113.646',b'181.36319',b'53.74875',b'884.2179',b'164.81175',b'-451.7721',b'1117.3232',b'162.76164',b'28.231577',b'883.70135',b'142.35555',b'-509.3546',b'1107.7578',b'158.84254',b'18.029364',b'894.6434',b'140.83737',b'-499.829',b'1103.8752',b'166.51741',b'41.079918',b'898.0595',b'146.74765',b'-454.73648',b'1036.0856',b'519.9364',b'99.65628',b'969.6145',b'519.17035',b'-99.77924',b'1022.26263',b'645.99084',b'177.8056',b'971.3044',b'648.9446',b'-93.50359',b'999.01666',b'770.12335',b'374.2756',b'975.34906',b'771.0555',b'106.359955',b'988.91003',b'795.46625',b'385.64966',b'968.62976',b'796.4771',b'117.83624',b'1040.3832',b'803.8288',b'252.9259',b'1004.35126',b'829.7301',b'-55.187187'
image_004.jpg,b'1017.7596',b'256.20615',b'-236.7297',b'1019.5829',b'244.72122',b'-198.61874',b'1022.42065',b'245.24802',b'-198.58234',b'1025.0131',b'245.7714',b'-198.5859',b'1008.4387',b'243.43546',b'-220.31438',b'1003.2572',b'243.32727',b'-220.36696',b'998.2322',b'243.30608',b'-220.4376',b'1019.6607',b'251.61678',b'-20.774792',b'986.6662',b'247.33899',b'-121.59264',b'1017.79047',b'271.15228',b'-171.57248',b'1006.39606',b'270.55682',b'-200.4756',b'1054.4207',b'313.7729',b'95.62638',b'945.60974',b'315.80353',b'-159.33928',b'1112.9354',b'267.5869',b'111.242455',b'893.72766',b'250.08664',b'-321.2228',b'1116.9697',b'183.85818',b'0.13636965',b'886.65125',b'161.30954',b'-441.61475',b'1118.9081',b'162.51741',b'-29.370579',b'885.4387',b'143.56473',b'-495.95398',b'1109.2883',b'158.60127',b'-44.189953',b'896.65497',b'142.12059',b'-488.31516',b'1105.8739',b'167.22078',b'-14.589917',b'899.1847',b'147.62053',b'-445.05637',b'1046.3656',b'511.52264',b'88.35748',b'980.2447',b'513.053',b'-88.38561',b'1029.0691',b'634.11365',b'165.51501',b'978.0143',b'635.72955',b'-97.816864',b'1005.4992',b'759.5717',b'348.5491',b'980.8001',b'759.84735',b'81.612595',b'992.8988',b'783.51514',b'358.4139',b'972.9228',b'782.52313',b'90.69655',b'1039.5247',b'795.21826',b'227.94714',b'998.454',b'801.8162',b'-75.10404'
image_005.jpg,b'1011.8781',b'243.60493',b'-208.8493',b'1014.5257',b'232.46358',b'-168.52711',b'1017.4982',b'233.17181',b'-168.44717',b'1020.4698',b'233.8155',b'-168.41637',b'1003.24585',b'230.47342',b'-194.27548',b'998.1762',b'230.1746',b'-194.34236',b'992.9731',b'230.08296',b'-194.41406',b'1016.4529',b'239.11395',b'12.784606',b'978.65857',b'235.58595',b'-107.17796',b'1013.60803',b'258.74368',b'-142.75824',b'1000.8808',b'257.77444',b'-177.3148',b'1050.1859',b'306.1936',b'134.54657',b'940.91235',b'307.6347',b'-169.57837',b'1114.5969',b'270.0108',b'155.94803',b'882.3121',b'249.21158',b'-388.95935',b'1117.805',b'182.85583',b'73.95853',b'887.1743',b'158.9071',b'-530.23303',b'1120.6234',b'162.96524',b'58.69137',b'886.6002',b'139.04385',b'-585.2753',b'1110.9042',b'159.41855',b'54.864372',b'897.3349',b'138.17877',b'-565.4144',b'1107.0509',b'166.83945',b'65.555405',b'900.59845',b'143.76314',b'-528.15625',b'1050.5935',b'509.36646',b'98.30532',b'977.9068',b'513.8872',b'-98.332275',b'1050.9948',b'645.355',b'115.14557',b'976.1341',b'627.9423',b'-181.11382',b'1010.44946',b'754.53174',b'247.27455',b'982.4533',b'744.5411',b'14.843231',b'1034.0751',b'801.0809',b'252.04683',b'971.00085',b'766.454',b'26.688784',b'1061.8169',b'792.1907',b'121.43555',b'997.9308',b'789.8058',b'-127.08808'
image_006.jpg,b'1015.1214',b'269.4677',b'-189.72601',b'1016.2484',b'257.55447',b'-152.1363',b'1018.8175',b'258.35016',b'-152.10527',b'1021.2409',b'259.11646',b'-152.13188',b'1005.2178',b'254.98878',b'-174.30391',b'1000.4935',b'254.37521',b'-174.3552',b'995.8762',b'253.94305',b'-174.40683',b'1016.5209',b'264.41092',b'15.929375',b'984.8632',b'257.3554',b'-87.09992',b'1015.72107',b'283.99286',b'-128.69415',b'1003.5753',b'282.1705',b'-158.22987',b'1051.3734',b'323.2352',b'128.37518',b'946.2899',b'324.09158',b'-140.41835',b'1102.765',b'268.64926',b'154.98424',b'897.3254',b'254.12054',b'-264.19296',b'1115.8699',b'185.92845',b'49.69533',b'886.43384',b'165.39102',b'-334.24646',b'1120.6879',b'164.07098',b'22.912659',b'884.78827',b'141.7238',b'-381.7741',b'1110.6289',b'158.58102',b'9.176469',b'894.8877',b'139.99866',b'-376.63425',b'1106.1913',b'166.81581',b'34.94273',b'898.24',b'146.18938',b'-337.84827',b'1039.2021',b'522.1593',b'97.021904',b'973.0529',b'524.96906',b'-97.10214',b'1027.9441',b'650.27936',b'136.0527',b'968.1742',b'659.14044',b'-90.47829',b'1041.37',b'790.2536',b'268.36642',b'972.2651',b'785.0347',b'57.052147',b'991.5818',b'793.16516',b'274.02435',b'963.5117',b'802.1301',b'63.627056',b'1088.3103',b'818.23724',b'155.43382',b'1000.0938',b'831.8701',b'-91.65787'
image_007.jpg,b'1016.65625',b'237.84865',b'-251.48975',b'1018.2779',b'228.04839',b'-212.79451',b'1021.1625',b'228.46077',b'-212.7467',b'1023.76245',b'228.81586',b'-212.77113',b'1007.91516',b'227.02596',b'-235.06635',b'1002.8684',b'226.8806',b'-235.13638',b'997.77765',b'226.81021',b'-235.23979',b'1019.59064',b'234.68823',b'-30.802124',b'983.3691',b'232.7776',b'-135.18918',b'1018.4254',b'252.7966',b'-184.67897',b'1006.63855',b'252.96075',b'-215.04453',b'1050.087',b'302.59903',b'95.12586',b'941.04297',b'303.15982',b'-163.80518',b'1119.983',b'267.4223',b'103.19638',b'882.80133',b'248.57932',b'-377.2449',b'1116.6958',b'185.23497',b'12.6630535',b'882.1727',b'159.61546',b'-552.07947',b'1118.3945',b'165.49759',b'-6.854032',b'884.65796',b'141.1033',b'-608.94446',b'1109.5342',b'161.91948',b'-5.683605',b'895.34485',b'140.09013',b'-590.7079',b'1106.4127',b'169.91164',b'6.5476117',b'897.2193',b'144.83704',b'-551.34204',b'1038.4738',b'498.34927',b'78.73032',b'972.2666',b'499.52704',b'-78.89721',b'1025.7065',b'621.1723',b'84.414986',b'970.9408',b'626.6106',b'-68.20674',b'1000.2505',b'744.2317',b'279.4071',b'978.625',b'745.58203',b'166.87276',b'989.0333',b'766.83624',b'291.55304',b'968.3601',b'768.2532',b'182.67947',b'1030.378',b'771.73334',b'161.00795',b'997.05554',b'776.21356',b'28.340103'
image_008.jpg,b'1019.22076',b'259.8625',b'-267.424',b'1021.3942',b'249.93332',b'-228.66982',b'1024.2611',b'250.7326',b'-228.64828',b'1027.0542',b'251.39062',b'-228.67586',b'1010.7139',b'248.41286',b'-244.8245',b'1005.9915',b'248.41531',b'-244.86674',b'1001.3164',b'248.66562',b'-244.93466',b'1023.65857',b'258.06424',b'-49.18313',b'990.5151',b'255.33534',b'-125.840965',b'1019.7778',b'276.03058',b'-202.35979',b'1007.9662',b'276.12817',b'-224.49805',b'1058.4371',b'320.74374',b'52.684124',b'949.59125',b'322.62204',b'-142.66652',b'1116.7825',b'263.01044',b'51.71627',b'895.5961',b'253.03575',b'-307.9237',b'1113.233',b'181.46724',b'-50.79972',b'883.8279',b'163.91559',b'-461.2295',b'1118.585',b'160.77399',b'-84.97589',b'883.1807',b'142.32478',b'-522.16895',b'1109.3502',b'160.29364',b'-96.88425',b'895.3876',b'140.10501',b'-514.8755',b'1104.1743',b'167.67953',b'-63.880257',b'898.1683',b'146.1719',b'-466.9465',b'1044.309',b'523.07404',b'69.56354',b'975.58856',b'521.71497',b'-69.60619',b'1025.805',b'648.0467',b'209.7304',b'964.85583',b'647.7987',b'-94.85106',b'1003.2842',b'768.19934',b'461.70844',b'966.4971',b'775.3251',b'93.79823',b'988.2159',b'784.8325',b'478.6688',b'961.7847',b'792.2128',b'103.820595',b'1026.2296',b'801.1998',b'343.46762',b'980.8892',b'815.29517',b'-76.32667'
image_009.jpg,b'989.0766',b'228.56122',b'-216.862',b'990.49084',b'217.5197',b'-182.4308',b'992.9632',b'217.63371',b'-182.35703',b'995.4186',b'217.75883',b'-182.37476',b'980.4359',b'216.75201',b'-206.71301',b'975.7814',b'216.59555',b'-206.74855',b'970.8044',b'216.54016',b'-206.83046',b'992.0687',b'222.14404',b'-14.267677',b'956.1653',b'220.87123',b'-127.126175',b'991.38873',b'242.15631',b'-153.52588',b'980.1781',b'243.38335',b'-186.29553',b'1029.7035',b'288.35886',b'106.76781',b'925.5323',b'290.65836',b'-179.15154',b'1111.4967',b'272.1058',b'86.551834',b'876.14136',b'248.35934',b'-474.0491',b'1110.1931',b'190.34232',b'-15.637325',b'884.5608',b'156.13167',b'-723.6255',b'1115.5967',b'169.00926',b'-34.89445',b'885.5443',b'137.9326',b'-790.3859',b'1106.4271',b'166.80699',b'-30.865385',b'896.5495',b'138.4396',b'-765.8029',b'1102.3191',b'173.02898',b'-19.869213',b'898.90186',b'144.8453',b'-721.605',b'1029.7798',b'480.88614',b'80.0454',b'978.48395',b'484.02307',b'-80.225815',b'1017.5499',b'600.8893',b'131.57027',b'986.7532',b'601.1776',b'-60.962986',b'1009.4188',b'727.61615',b'328.10056',b'999.24554',b'725.20905',b'141.07724',b'996.8541',b'752.6189',b'340.86636',b'987.2966',b'749.335',b'154.29674',b'1040.9622',b'757.64325',b'221.39555',b'1012.7111',b'761.0852',b'8.538449'
image_010.jpg,b'1004.95764',b'257.47095',b'-255.22522',b'1006.4672',b'245.21751',b'-215.88043',b'1009.3333',b'245.72429',b'-215.8429',b'1012.03925',b'246.23686',b'-215.84702',b'995.74805',b'244.358',b'-235.63242',b'990.89777',b'244.53275',b'-235.68538',b'985.9208',b'245.02179',b'-235.77115',b'1009.1492',b'251.78981',b'-37.184967',b'974.9159',b'251.45628',b'-129.7398',b'1008.10065',b'272.76376',b'-190.50946',b'994.9054',b'273.4025',b'-217.05872',b'1050.3698',b'316.8998',b'75.2896',b'941.5564',b'320.2087',b'-164.87024',b'1111.537',b'271.03644',b'78.578415',b'892.1262',b'256.39392',b'-313.14444',b'1116.2472',b'185.4072',b'-33.220005',b'886.2819',b'164.3773',b'-406.5509',b'1118.825',b'163.7301',b'-62.818493',b'884.4432',b'140.81053',b'-458.05145',b'1108.1041',b'160.09308',b'-70.81898',b'895.7574',b'139.39005',b'-447.88162',b'1104.2177',b'168.61865',b'-45.05632',b'899.342',b'144.70987',b'-408.72345',b'1051.4775',b'518.7635',b'73.686264',b'983.78107',b'521.27094',b'-73.66959',b'1034.4431',b'655.67163',b'155.08855',b'975.5444',b'644.94696',b'-111.23806',b'1012.6415',b'765.3599',b'353.31857',b'978.4344',b'767.9419',b'91.50985',b'993.18695',b'786.5634',b'365.51785',b'970.61163',b'787.1097',b'103.66978',b'1047.1692',b'800.82465',b'234.58347',b'995.30054',b'812.8187',b'-59.300705'
image_011.jpg,b'1012.2706',b'244.64935',b'-249.52547',b'1012.2463',b'234.47421',b'-210.98076',b'1014.39',b'234.96173',b'-210.9207',b'1016.4582',b'235.45966',b'-210.93715',b'1002.9441',b'233.37923',b'-234.59784',b'998.7637',b'233.30368',b'-234.67381',b'994.48883',b'233.323',b'-234.78346',b'1011.9945',b'241.06433',b'-32.864307',b'982.0505',b'239.13255',b'-142.73833',b'1013.1443',b'259.40677',b'-184.25171',b'1002.62683',b'259.2798',b'-216.15639',b'1050.8671',b'308.92035',b'97.30638',b'941.95636',b'309.9742',b'-189.08871',b'1115.1553',b'271.19843',b'139.69531',b'885.91595',b'250.84496',b'-402.77893',b'1115.4321',b'186.685',b'86.113525',b'886.97394',b'161.79752',b'-555.74634',b'1118.7977',b'165.91138',b'72.854256',b'885.09375',b'140.5994',b'-612.6309',b'1109.6935',b'163.13423',b'67.50462',b'897.12103',b'139.88861',b'-595.3739',b'1105.7583',b'170.73952',b'77.905',b'900.55756',b'145.30885',b'-555.57745',b'1043.4382',b'512.8091',b'92.03905',b'979.59174',b'513.7699',b'-92.170456',b'1036.3363',b'627.5041',b'173.81981',b'981.51385',b'634.1508',b'-100.38492',b'1007.09143',b'753.38635',b'423.74985',b'980.4877',b'763.08844',b'107.119484',b'991.28644',b'774.5092',b'441.82327',b'971.0623',b'782.7666',b'119.91377',b'1039.9514',b'787.8693',b'325.62595',b'1007.1601',b'807.284',b'-44.76726'
image_012.jpg,b'990.1252',b'220.4471',b'-229.46312',b'989.6309',b'209.69823',b'-192.04541',b'992.092',b'209.74377',b'-191.97086',b'994.2413',b'209.75484',b'-191.97913',b'979.8698',b'210.18037',b'-213.88979',b'975.4091',b'210.7282',b'-213.89046',b'970.66724',b'211.41096',b'-213.96478',b'992.0121',b'217.07211',b'-10.705578',b'957.50226',b'218.84084',b'-113.06963',b'995.36786',b'233.99954',b'-162.77975',b'982.84503',b'236.62372',b'-192.33609',b'1042.3588',b'291.13397',b'113.234955',b'929.3208',b'295.39053',b'-177.45813',b'1116.1154',b'275.1036',b'74.22374',b'881.7349',b'252.4281',b'-482.51862',b'1117.5835',b'187.00983',b'-41.05726',b'883.8995',b'156.7368',b'-717.34784',b'1121.2955',b'164.10487',b'-65.03088',b'885.32635',b'137.97037',b'-784.329',b'1111.4944',b'163.07053',b'-59.873127',b'895.32117',b'137.96843',b'-759.9898',b'1108.2429',b'169.72641',b'-45.20594',b'897.2305',b'144.05853',b'-715.76935',b'1054.1171',b'489.837',b'91.440414',b'988.8986',b'494.4753',b'-91.48205',b'1057.2635',b'632.8459',b'117.37955',b'984.8728',b'615.03656',b'-98.96007',b'1044.7764',b'751.88257',b'367.43842',b'998.59814',b'733.3956',b'131.09813',b'1032.4155',b'767.7046',b'384.87427',b'990.92035',b'769.5266',b'146.8619',b'1056.8074',b'779.9115',b'255.2052',b'1007.47504',b'811.9585',b'-16.05252'
image_013.jpg,b'1012.7396',b'234.8657',b'-193.14731',b'1014.933',b'223.85309',b'-153.91803',b'1018.2214',b'224.5726',b'-153.86313',b'1021.0428',b'225.18068',b'-153.89784',b'1003.1149',b'221.92717',b'-173.41072',b'997.367',b'221.44942',b'-173.48909',b'991.24774',b'221.08565',b'-173.56143',b'1017.06433',b'229.52986',b'29.464556',b'976.7103',b'226.23648',b'-60.506317',b'1013.7128',b'249.61095',b'-125.30193',b'1000.93726',b'249.5804',b'-151.53212',b'1045.8896',b'297.5898',b'152.95613',b'937.7068',b'297.73718',b'-88.544044',b'1120.9684',b'272.43863',b'160.98138',b'876.9227',b'249.33733',b'-313.7152',b'1114.6113',b'180.1859',b'96.351036',b'884.5193',b'158.11171',b'-540.9238',b'1119.0172',b'159.51083',b'79.444176',b'880.70953',b'136.7269',b'-600.85034',b'1111.4728',b'156.27863',b'80.87963',b'889.8529',b'132.8187',b'-586.83405',b'1107.2031',b'164.61823',b'91.54535',b'894.5035',b'140.57303',b'-543.42554',b'1032.8431',b'491.3854',b'85.58113',b'975.1487',b'493.4037',b'-85.817726',b'1023.0233',b'616.2044',b'138.7947',b'985.66644',b'619.22156',b'-105.98659',b'1008.8657',b'744.8727',b'295.4035',b'985.3175',b'749.0093',b'54.236423',b'999.56396',b'767.94904',b'303.71594',b'972.5532',b'770.61426',b'62.28859',b'1041.7185',b'775.15533',b'180.63638',b'994.4309',b'804.52277',b'-98.38381'
image_014.jpg,b'1020.35956',b'235.79059',b'-266.36752',b'1024.4424',b'225.60579',b'-225.56047',b'1027.6334',b'226.39037',b'-225.50066',b'1030.5453',b'226.87868',b'-225.51418',b'1013.2506',b'222.8748',b'-250.1084',b'1008.24817',b'222.08253',b'-250.16556',b'1003.07214',b'221.60814',b'-250.22372',b'1027.474',b'231.69719',b'-34.17717',b'988.31415',b'226.77795',b'-149.02576',b'1021.1894',b'251.64583',b'-195.96577',b'1009.2665',b'249.94829',b'-229.0706',b'1057.0176',b'297.25696',b'99.17802',b'946.6914',b'297.35324',b'-164.59013',b'1128.1317',b'273.82266',b'132.61255',b'879.61707',b'249.50322',b'-336.86322',b'1116.5868',b'184.58557',b'52.603863',b'884.65015',b'153.91086',b'-474.89566',b'1117.434',b'163.74348',b'33.776913',b'883.20764',b'134.82503',b'-526.8852',b'1108.0605',b'162.9243',b'30.156559',b'893.1251',b'132.15633',b'-515.2591',b'1104.1226',b'169.49054',b'44.94673',b'896.32947',b'137.99004',b'-475.89215',b'1052.4417',b'496.54993',b'83.33501',b'983.7888',b'499.43503',b'-83.33985',b'1038.8074',b'628.9125',b'147.20152',b'986.8102',b'618.0487',b'-130.36433',b'1011.21173',b'739.77167',b'355.50723',b'982.2014',b'740.58795',b'52.382957',b'989.5879',b'763.80115',b'368.15207',b'970.0874',b'759.3706',b'62.111485',b'1040.6539',b'780.7494',b'237.54611',b'997.2605',b'784.8097',b'-109.18584'
image_015.jpg,b'1017.71533',b'247.86647',b'-222.61824',b'1018.7408',b'235.0002',b'-188.31541',b'1021.94525',b'234.94196',b'-188.28821',b'1024.8003',b'234.71155',b'-188.31845',b'1006.6783',b'234.52435',b'-208.30246',b'1000.88916',b'234.44426',b'-208.3815',b'994.9229',b'234.4152',b'-208.43394',b'1020.7599',b'237.70575',b'-19.122648',b'981.3309',b'237.08624',b'-112.311035',b'1018.7733',b'259.78232',b'-159.31685',b'1006.47046',b'261.3981',b'-186.25822',b'1052.6113',b'296.7305',b'96.418365',b'943.32434',b'301.04306',b'-134.40373',b'1127.0194',b'267.3256',b'89.196724',b'879.62354',b'249.00275',b'-332.88828',b'1112.4349',b'179.40512',b'-13.886382',b'884.53436',b'158.60771',b'-525.3666',b'1117.6458',b'153.26204',b'-40.195168',b'882.66766',b'135.9767',b'-583.34155',b'1109.4736',b'150.22244',b'-41.94658',b'892.3078',b'133.35568',b'-569.332',b'1103.9778',b'160.9235',b'-21.533401',b'895.5981',b'141.81003',b'-527.4959',b'1041.8567',b'499.5981',b'93.22881',b'984.26013',b'502.81476',b'-93.39945',b'1035.1725',b'616.7115',b'180.12509',b'991.10504',b'622.19965',b'-74.519966',b'1004.68085',b'743.20575',b'351.06964',b'987.4101',b'749.58923',b'105.19596',b'989.8963',b'764.0158',b'361.607',b'970.58246',b'770.8908',b'115.20089',b'1046.5924',b'773.2889',b'248.63654',b'1023.01733',b'780.4461',b'-35.06311'
image_016.jpg,b'1013.1586',b'222.65225',b'-187.2046',b'1012.2843',b'212.01553',b'-152.38896',b'1014.4268',b'212.37216',b'-152.34044',b'1016.23303',b'212.62376',b'-152.36804',b'1002.76715',b'210.81488',b'-177.37944',b'997.78815',b'210.61359',b'-177.45978',b'992.5215',b'210.52136',b'-177.54004',b'1008.43835',b'218.35374',b'13.381225',b'977.6906',b'216.57161',b'-102.87343',b'1012.83167',b'237.43968',b'-125.30365',b'1002.69965',b'237.81065',b'-159.11165',b'1044.2748',b'293.53088',b'130.10628',b'936.00635',b'290.86365',b'-154.05492',b'1122.9744',b'269.3923',b'133.74246',b'875.5288',b'249.13956',b'-415.61908',b'1116.1228',b'183.1001',b'64.71678',b'885.5488',b'158.57693',b'-641.72906',b'1121.5784',b'163.6821',b'50.805054',b'886.13477',b'140.85106',b'-702.72955',b'1113.5446',b'162.71886',b'54.371872',b'895.5425',b'139.70338',b'-681.4698',b'1109.7015',b'168.84998',b'61.298447',b'897.9857',b'145.27754',b'-640.47406',b'1040.3738',b'487.82248',b'96.90828',b'977.5146',b'489.2176',b'-97.17361',b'1033.9447',b'609.50146',b'151.84033',b'985.5399',b'612.7968',b'-70.82267',b'1017.4275',b'738.4588',b'332.78055',b'985.6072',b'737.1927',b'126.25485',b'1003.11127',b'758.627',b'344.43094',b'973.97894',b'754.64325',b'137.76234',b'1046.6376',b'770.23895',b'223.96146',b'1006.30884',b'779.532',b'-18.881962'
image_017.jpg,b'1011.80945',b'225.25932',b'-216.17062',b'1013.00854',b'214.8262',b'-177.99867',b'1015.81006',b'215.27434',b'-177.93886',b'1018.27136',b'215.60909',b'-177.97984',b'1001.65375',b'213.13902',b'-199.53612',b'996.08997',b'212.60988',b'-199.61343',b'990.3291',b'212.02992',b'-199.70401',b'1012.71216',b'221.11159',b'2.8192403',b'975.90546',b'216.529',b'-97.96264',b'1012.3969',b'239.68382',b'-149.03333',b'1000.6976',b'239.27629',b'-178.44159',b'1044.2269',b'293.04623',b'121.695854',b'936.3982',b'291.6327',b'-138.38155',b'1123.0142',b'269.39484',b'117.37439',b'874.75226',b'247.56137',b'-426.96667',b'1116.8284',b'184.16917',b'66.39259',b'884.1405',b'158.16154',b'-683.2261',b'1121.6781',b'164.10713',b'55.135426',b'885.9224',b'139.43806',b'-745.13965',b'1113.5327',b'162.7503',b'63.254757',b'895.70526',b'137.69794',b'-724.81647',b'1110.1926',b'169.03717',b'65.602394',b'897.9716',b'143.23604',b'-683.0067',b'1037.2623',b'489.57266',b'79.07435',b'974.9736',b'491.28336',b'-79.37455',b'1030.4462',b'611.26764',b'99.25716',b'984.7132',b'614.1533',b'-14.2734785',b'1019.22766',b'742.9525',b'261.1797',b'994.6446',b'741.1913',b'210.88454',b'1028.2451',b'781.9176',b'270.4912',b'982.82434',b'759.83295',b'225.34769',b'1048.4066',b'775.14514',b'139.3988',b'999.4659',b'782.7991',b'73.01824'
image_018.jpg,b'1004.0544',b'279.73276',b'-267.81622',b'1004.1656',b'269.1201',b'-244.39685',b'1007.11475',b'269.00232',b'-244.39236',b'1009.76495',b'268.8476',b'-244.47078',b'993.35034',b'269.2814',b'-259.69846',b'988.4594',b'269.6275',b'-259.72507',b'983.9382',b'270.32657',b'-259.75577',b'1008.3681',b'273.14078',b'-114.38666',b'970.07776',b'278.02432',b'-182.1888',b'1008.25415',b'293.58533',b'-216.89984',b'995.45483',b'294.51678',b'-236.87105',b'1031.8502',b'324.87796',b'-39.340645',b'942.5597',b'327.35815',b'-187.9627',b'1080.5608',b'270.7233',b'-117.63216',b'911.3593',b'264.6172',b'-370.9041',b'1110.6482',b'197.00546',b'-241.48264',b'889.4455',b'200.26884',b'-536.1402',b'1115.629',b'182.40504',b'-274.89966',b'880.27563',b'185.98376',b'-584.439',b'1113.2474',b'180.10423',b'-279.2949',b'888.37976',b'183.85083',b'-587.8121',b'1111.706',b'184.20575',b'-251.2309',b'893.17773',b'189.12665',b'-545.34973',b'1015.12103',b'446.04507',b'52.114586',b'965.39417',b'448.78537',b'-52.225246',b'1018.0647',b'548.7218',b'91.66757',b'975.64703',b'545.0907',b'-107.30601',b'1016.3512',b'635.83154',b'245.117',b'979.5232',b'637.6411',b'-13.93334',b'1009.9006',b'638.9148',b'255.97948',b'976.879',b'643.01666',b'-10.287098',b'1039.2202',b'672.31775',b'154.2396',b'990.4231',b'670.3326',b'-146.70238'
image_019.jpg,b'998.3173',b'250.60825',b'-278.2947',b'998.2417',b'240.16565',b'-236.70088',b'1000.3813',b'240.79648',b'-236.6331',b'1002.35596',b'241.30807',b'-236.6262',b'988.75635',b'238.6759',b'-265.2443',b'983.9884',b'238.69234',b'-265.30914',b'978.89124',b'238.96921',b'-265.37793',b'996.7944',b'247.5858',b'-49.459198',b'965.48254',b'245.85555',b'-180.8569',b'1000.09357',b'266.2598',b'-209.43225',b'988.6976',b'265.99808',b'-247.24734',b'1033.0369',b'311.70593',b'92.18771',b'931.2596',b'313.95493',b'-249.50624',b'1097.579',b'270.05408',b'147.81378',b'885.8646',b'248.81187',b'-471.7896',b'1116.8876',b'186.86485',b'68.04547',b'885.5151',b'160.3928',b'-607.9488',b'1124.2803',b'166.61005',b'50.437763',b'886.36316',b'140.40292',b'-668.1954',b'1116.3364',b'162.54831',b'35.513195',b'897.57385',b'138.21945',b'-650.2993',b'1111.649',b'168.69441',b'53.996548',b'899.6699',b'144.16689',b'-607.0689',b'1037.6356',b'510.2921',b'105.768074',b'974.8623',b'516.0078',b'-105.86718',b'1027.9608',b'636.5993',b'209.54579',b'975.14154',b'635.7608',b'-95.05412',b'1006.595',b'746.101',b'458.0297',b'974.3267',b'758.13336',b'121.978165',b'989.3842',b'766.0085',b'476.32944',b'966.1971',b'775.89545',b'135.52042',b'1028.9928',b'784.40424',b'365.78815',b'999.31915',b'810.3956',b'-25.4822'
image_020.jpg,b'1011.6879',b'283.13187',b'-276.08563',b'1011.3386',b'272.94913',b'-245.98059',b'1013.7909',b'273.61493',b'-245.99376',b'1016.2881',b'274.3417',b'-246.04208',b'1001.65247',b'272.1766',b'-263.92297',b'996.6845',b'272.49954',b'-263.955',b'991.6064',b'273.07867',b'-264.04312',b'1012.65875',b'279.98752',b'-95.55198',b'977.3561',b'278.70697',b'-177.2743',b'1015.0225',b'296.14603',b'-219.35797',b'1003.4397',b'295.68335',b'-243.38033',b'1043.6101',b'328.03003',b'-4.2707467',b'939.5384',b'335.48975',b'-192.15369',b'1090.8729',b'262.31796',b'-4.806621',b'911.0347',b'251.16862',b'-296.6716',b'1112.6182',b'182.67067',b'-110.74406',b'887.0831',b'164.30843',b'-360.44458',b'1119.734',b'165.82002',b'-146.90575',b'885.25806',b'144.98245',b'-410.5058',b'1112.8561',b'165.05531',b'-165.65999',b'891.9483',b'143.12146',b'-418.60526',b'1108.9202',b'170.15121',b'-126.942444',b'893.7932',b'149.62674',b'-370.22028',b'1033.9956',b'520.6404',b'62.80354',b'971.76294',b'521.9031',b'-62.878433',b'1025.2341',b'662.2933',b'130.30064',b'977.58466',b'663.23456',b'-128.77202',b'997.27637',b'778.9583',b'315.0998',b'974.8246',b'788.9365',b'-13.075504',b'980.309',b'799.39636',b'324.7944',b'960.8473',b'808.09784',b'-11.264231',b'1024.6355',b'800.62085',b'188.42654',b'986.83344',b'832.95264',b'-191.57126'
image_021.jpg,b'1005.11957',b'264.96402',b'-237.15326',b'1004.379',b'254.62535',b'-199.90497',b'1006.2148',b'254.99455',b'-199.84811',b'1008.05237',b'255.45084',b'-199.85547',b'995.62646',b'254.42223',b'-224.2675',b'990.92053',b'254.87633',b'-224.3271',b'985.7912',b'255.60106',b'-224.37306',b'1003.0759',b'262.5452',b'-29.079147',b'972.27734',b'262.0668',b'-141.88991',b'1007.1048',b'280.07465',b'-174.62572',b'995.908',b'280.57877',b'-207.05377',b'1040.9287',b'323.53363',b'92.38015',b'939.8958',b'328.10062',b'-202.8868',b'1098.1389',b'268.73526',b'132.85934',b'896.45374',b'255.2487',b'-376.54825',b'1115.7367',b'186.24788',b'44.029694',b'886.7467',b'164.10023',b'-492.29553',b'1122.9097',b'165.80626',b'20.928429',b'885.44507',b'142.84708',b'-547.94086',b'1112.9856',b'162.12811',b'2.178029',b'896.4795',b'140.50395',b'-537.78296',b'1107.3938',b'169.5638',b'28.26215',b'899.38763',b'145.72554',b'-494.93637',b'1042.3739',b'518.16345',b'104.26433',b'981.7945',b'521.8398',b'-104.36538',b'1033.7402',b'642.0786',b'174.16248',b'979.8336',b'647.6119',b'-75.51023',b'1003.59155',b'765.1069',b'332.30942',b'976.43774',b'772.7881',b'98.30094',b'985.6574',b'782.6704',b'340.4481',b'964.32104',b'790.63635',b'107.22764',b'1050.2534',b'797.3477',b'227.06448',b'1010.9079',b'814.0744',b'-45.09735'
image_022.jpg,b'1011.3723',b'278.96414',b'-181.54097',b'1012.97644',b'267.7798',b'-150.10031',b'1015.4247',b'268.36768',b'-150.09723',b'1017.82336',b'269.0183',b'-150.15245',b'1003.4119',b'266.47647',b'-166.56712',b'998.20233',b'266.22876',b'-166.59164',b'992.598',b'265.99014',b'-166.6123',b'1013.7548',b'274.84833',b'-7.196013',b'976.67096',b'269.44476',b'-82.553246',b'1012.9897',b'292.34674',b'-128.9536',b'1001.34247',b'292.09412',b'-151.07513',b'1043.4265',b'329.0525',b'48.58867',b'933.49695',b'332.14502',b'-96.07949',b'1099.3927',b'266.014',b'25.548643',b'895.2103',b'262.62003',b'-226.79439',b'1109.6967',b'186.41779',b'-62.691708',b'885.0239',b'168.56544',b'-329.86014',b'1120.3679',b'166.59157',b'-99.265686',b'884.8904',b'144.0025',b'-379.87918',b'1112.7208',b'165.29973',b'-108.83201',b'892.4801',b'142.9914',b'-377.14484',b'1106.893',b'170.38196',b'-75.10473',b'894.5548',b'150.54361',b'-336.89725',b'1036.297',b'517.3906',b'49.69208',b'973.86304',b'520.6775',b'-49.770287',b'1029.5844',b'660.24603',b'84.09758',b'980.2915',b'660.33966',b'-84.62376',b'1005.3098',b'777.7938',b'222.30963',b'982.15106',b'780.65314',b'47.780678',b'994.1542',b'794.8261',b'227.9212',b'973.56274',b'796.33246',b'51.68239',b'1035.6027',b'814.58026',b'91.03498',b'1008.2714',b'818.21185',b'-114.05888'
image_023.jpg,b'1008.96643',b'251.23077',b'-219.1364',b'1009.41156',b'239.6722',b'-184.2905',b'1011.6607',b'240.13855',b'-184.20901',b'1013.7316',b'240.68192',b'-184.20833',b'999.67847',b'238.3372',b'-211.22415',b'994.99744',b'238.025',b'-211.27426',b'990.03845',b'237.68723',b'-211.32611',b'1007.9399',b'246.8337',b'-18.74736',b'976.52356',b'241.87885',b'-144.4273',b'1009.44214',b'266.20676',b'-157.73425',b'999.19385',b'265.0566',b'-193.90775',b'1042.9963',b'312.02072',b'109.44935',b'938.4417',b'312.09662',b'-197.44115',b'1109.5643',b'273.77777',b'164.08432',b'884.5962',b'248.98529',b'-374.95413',b'1120.2448',b'188.90645',b'99.16942',b'887.1384',b'157.69803',b'-475.5581',b'1126.8337',b'167.65948',b'86.56364',b'886.7229',b'137.8616',b'-524.9947',b'1117.9294',b'164.21994',b'76.11456',b'897.927',b'137.046',b'-508.71747',b'1113.2656',b'170.74756',b'88.00638',b'900.2998',b'143.45473',b'-474.551',b'1042.9727',b'510.12448',b'100.98236',b'976.6834',b'513.07263',b'-101.13327',b'1039.4795',b'629.3308',b'172.67581',b'981.2702',b'637.70856',b'-45.925793',b'1021.46985',b'757.05896',b'337.2625',b'988.22754',b'756.8894',b'148.4009',b'1003.3318',b'779.292',b'346.59506',b'979.441',b'780.05963',b'159.41727',b'1057.8892',b'791.93243',b'228.90244',b'1009.64404',b'797.9499',b'10.622235'
image_024.jpg,b'1008.39716',b'263.13763',b'-230.54382',b'1009.3838',b'254.36932',b'-191.30916',b'1011.4343',b'255.17374',b'-191.31305',b'1013.5531',b'256.04538',b'-191.37299',b'999.2799',b'253.1684',b'-209.08426',b'994.33295',b'253.1861',b'-209.1323',b'989.1662',b'253.33936',b'-209.20126',b'1011.186',b'264.92548',b'-16.05464',b'975.4226',b'260.25195',b'-98.43337',b'1011.2818',b'277.9697',b'-167.5738',b'997.3878',b'276.98624',b'-191.53508',b'1045.2928',b'327.82532',b'82.13325',b'934.7351',b'329.79913',b'-127.19739',b'1104.8063',b'272.8067',b'88.40275',b'891.94617',b'252.84052',b'-259.587',b'1112.2511',b'188.39047',b'-15.618201',b'882.74854',b'164.28809',b'-359.8046',b'1117.5258',b'167.54596',b'-48.385086',b'881.9306',b'143.76265',b'-415.7747',b'1107.6222',b'163.10281',b'-64.01888',b'893.422',b'140.77702',b'-410.80768',b'1102.6196',b'170.59973',b'-30.941294',b'895.9603',b'146.75365',b'-365.8669',b'1031.1589',b'522.3933',b'69.153046',b'964.7422',b'522.3948',b'-69.13775',b'1031.2166',b'649.19385',b'104.26643',b'970.7578',b'652.63074',b'-58.43063',b'1016.61676',b'769.3375',b'294.76422',b'990.5421',b'775.8056',b'142.3466',b'1003.1259',b'791.8278',b'305.27484',b'984.4645',b'798.85205',b'153.13654',b'1048.6852',b'802.17236',b'162.33528',b'1003.4924',b'817.4146',b'-21.300997'
image_025.jpg,b'1007.4137',b'256.08548',b'-249.98808',b'1009.26074',b'245.171',b'-208.26044',b'1011.92334',b'245.98381',b'-208.18405',b'1014.3401',b'246.60585',b'-208.19672',b'998.0768',b'242.72937',b'-231.663',b'992.69965',b'242.48383',b'-231.69598',b'987.0299',b'242.6188',b'-231.7471',b'1010.32733',b'251.33614',b'-22.14451',b'974.3793',b'248.92348',b'-130.64229',b'1009.5108',b'271.6882',b'-182.51718',b'995.23535',b'270.97702',b'-213.79079',b'1042.8899',b'314.9101',b'117.89539',b'940.9147',b'313.74808',b'-183.22456',b'1101.8699',b'271.20508',b'178.55759',b'891.53015',b'249.44035',b'-350.84702',b'1115.4575',b'189.29694',b'113.789024',b'885.5192',b'159.76848',b'-446.5478',b'1120.0974',b'168.9342',b'98.62845',b'888.7601',b'140.3505',b'-497.57047',b'1111.7976',b'165.54787',b'87.53295',b'900.4975',b'139.18762',b'-485.27502',b'1107.5298',b'172.64847',b'101.7561',b'902.0153',b'144.13544',b'-447.67877',b'1034.2773',b'515.73224',b'100.63248',b'968.4001',b'515.68146',b'-100.766945',b'1023.0828',b'646.3691',b'182.36456',b'972.62524',b'644.62976',b'-96.98625',b'1004.2937',b'763.4403',b'375.88657',b'975.5454',b'767.6965',b'78.77581',b'990.74866',b'782.97675',b'388.05045',b'968.0208',b'787.0125',b'88.571014',b'1035.954',b'794.3177',b'273.37466',b'994.8031',b'822.71155',b'-70.53515'
image_026.jpg,b'1005.8868',b'248.00737',b'-256.43066',b'1007.65283',b'237.01459',b'-214.83144',b'1010.18634',b'237.5195',b'-214.76913',b'1012.53076',b'237.9873',b'-214.7868',b'997.229',b'235.37671',b'-237.048',b'992.1754',b'234.98514',b'-237.102',b'986.77515',b'234.58783',b'-237.16768',b'1008.87476',b'242.8099',b'-25.499018',b'971.9386',b'239.7089',b'-128.92264',b'1008.1556',b'263.14288',b'-187.45383',b'994.5886',b'262.1277',b'-217.36914',b'1041.4833',b'307.36215',b'110.90428',b'932.2771',b'307.00168',b'-171.68777',b'1103.1912',b'271.32397',b'155.06923',b'883.9626',b'250.89644',b'-376.32477',b'1115.5215',b'188.43958',b'85.47525',b'883.05',b'161.59755',b'-530.9365',b'1120.695',b'167.6085',b'69.51993',b'883.38495',b'141.10217',b'-587.5531',b'1111.9932',b'163.50688',b'60.18621',b'894.81616',b'139.48741',b'-571.85126',b'1107.8744',b'171.61636',b'75.10102',b'897.8371',b'144.39087',b'-531.1741',b'1035.7717',b'508.7531',b'90.384865',b'967.95465',b'511.07678',b'-90.48324',b'1032.4039',b'632.5669',b'113.111626',b'978.16394',b'636.01514',b'-68.31319',b'1008.29004',b'756.5638',b'306.16852',b'980.4635',b'755.17834',b'145.6416',b'992.00775',b'775.46185',b'317.85315',b'970.88916',b'770.6771',b'158.63708',b'1037.3539',b'793.5083',b'187.08368',b'998.1321',b'799.209',b'-3.551403'
image_027.jpg,b'1007.2173',b'233.55919',b'-227.47325',b'1009.82794',b'222.72562',b'-188.86766',b'1012.8034',b'223.3568',b'-188.78346',b'1015.6106',b'223.79565',b'-188.77786',b'998.4153',b'220.606',b'-214.92972',b'992.948',b'220.18906',b'-214.96593',b'987.0362',b'219.95471',b'-215.00426',b'1012.2138',b'228.63081',b'-7.126404',b'972.0781',b'225.01997',b'-127.87507',b'1007.94226',b'249.5542',b'-159.88658',b'995.55084',b'249.35646',b'-194.76448',b'1044.5088',b'298.36282',b'119.399574',b'935.93274',b'296.26157',b'-178.2343',b'1117.2256',b'270.6275',b'145.95154',b'874.07434',b'241.65266',b'-439.45895',b'1116.643',b'180.53226',b'76.50561',b'883.1234',b'154.27528',b'-657.21466',b'1120.3505',b'159.91171',b'61.84398',b'881.256',b'134.71419',b'-717.89624',b'1110.6584',b'155.90218',b'57.49516',b'890.79047',b'131.88995',b'-700.1125',b'1106.7169',b'163.6728',b'68.94351',b'895.0381',b'138.86319',b'-656.85754',b'1039.281',b'494.5217',b'94.22418',b'978.2764',b'496.0667',b'-94.386024',b'1031.806',b'616.9971',b'139.37589',b'988.08405',b'619.142',b'-65.90418',b'1013.5811',b'743.4065',b'300.7985',b'992.26917',b'740.66974',b'126.12163',b'1006.75195',b'770.79456',b'309.1363',b'985.7267',b'767.7735',b'136.64629',b'1045.9614',b'779.3695',b'181.43571',b'1000.5661',b'786.22034',b'-17.63573'
image_028.jpg,b'1007.2753',b'233.28894',b'-272.85056',b'1009.9094',b'222.88815',b'-231.5091',b'1012.7061',b'223.42915',b'-231.42346',b'1015.4685',b'224.00197',b'-231.44044',b'999.5573',b'221.72823',b'-254.16106',b'994.704',b'221.6548',b'-254.17181',b'989.32916',b'221.75095',b'-254.19934',b'1014.03064',b'229.8073',b'-37.330185',b'975.7622',b'227.31548',b'-143.3428',b'1010.8887',b'248.69997',b'-201.45149',b'997.52826',b'247.79224',b'-231.99446',b'1044.8577',b'293.13608',b'102.104935',b'941.12195',b'294.92426',b'-177.22337',b'1111.1819',b'267.6106',b'147.37703',b'876.54987',b'246.04282',b'-422.3014',b'1114.0676',b'183.30412',b'92.17615',b'886.41205',b'157.14087',b'-625.18225',b'1118.6577',b'164.6384',b'78.99658',b'885.7205',b'141.13078',b'-686.5846',b'1110.5374',b'161.13239',b'73.44886',b'897.0381',b'138.52803',b'-665.84283',b'1106.3721',b'168.10666',b'84.40778',b'899.422',b'143.28358',b'-623.9259',b'1046.6931',b'498.27106',b'85.820724',b'986.0281',b'501.7813',b'-85.92606',b'1040.005',b'613.22986',b'178.71701',b'988.57294',b'618.33203',b'-81.8646',b'1028.0233',b'735.8194',b'418.98682',b'994.9688',b'738.61383',b'130.57133',b'1029.5764',b'765.12445',b'435.8365',b'987.75226',b'756.0669',b'144.92578',b'1056.4888',b'775.0845',b'311.18945',b'999.9141',b'779.0588',b'-11.953934'
image_029.jpg,b'1033.4229',b'287.4779',b'-146.47282',b'1036.7024',b'276.85254',b'-122.530914',b'1038.5653',b'277.0153',b'-122.51523',b'1040.4769',b'277.19864',b'-122.583275',b'1027.8716',b'274.35843',b'-131.46873',b'1022.8285',b'272.46057',b'-131.50684',b'1017.77216',b'270.7179',b'-131.54797',b'1036.5696',b'278.82147',b'-2.822844',b'1003.659',b'270.72574',b'-41.37315',b'1032.5192',b'297.3322',b'-100.60418',b'1022.6213',b'296.51343',b'-112.26276',b'1052.919',b'324.99857',b'35.788097',b'954.01013',b'319.6083',b'-9.849337',b'1104.0314',b'263.65927',b'-27.895006',b'905.04956',b'257.7049',b'-32.0896',b'1113.1028',b'186.33147',b'-132.14346',b'880.9751',b'164.2106',b'-68.494514',b'1116.0349',b'175.79843',b'-168.8123',b'883.12103',b'144.48227',b'-96.89633',b'1111.3251',b'174.10545',b'-163.13725',b'889.33905',b'143.11235',b'-109.46953',b'1109.1312',b'175.659',b'-137.10716',b'889.74744',b'147.31793',b'-78.59364',b'1029.0778',b'482.75305',b'25.892748',b'965.7066',b'480.38107',b'-25.826033',b'1022.822',b'607.43317',b'-25.075943',b'984.8745',b'627.86383',b'-143.13194',b'1022.5152',b'719.96906',b'67.311134',b'975.3972',b'728.1203',b'-64.03337',b'1016.0686',b'733.3452',b'70.40732',b'974.3651',b'747.36017',b'-62.980606',b'1036.9595',b'762.0753',b'-59.47343',b'968.895',b'760.08826',b'-212.891'
image_030.jpg,b'1048.1283',b'271.3393',b'-193.8679',b'1050.0466',b'260.0886',b'-161.7175',b'1051.8973',b'260.28928',b'-161.69737',b'1053.6403',b'260.49814',b'-161.7257',b'1040.7086',b'257.62912',b'-192.05037',b'1035.4807',b'256.21506',b'-192.13078',b'1029.3075',b'254.84453',b'-192.1885',b'1044.8315',b'262.56262',b'1.0200129',b'1010.74164',b'255.83371',b'-141.33298',b'1045.1536',b'284.4032',b'-131.35832',b'1035.7007',b'283.17227',b'-172.42867',b'1065.8939',b'316.80652',b'110.44636',b'957.6445',b'312.16742',b'-172.09125',b'1117.4723',b'264.41986',b'136.46873',b'894.9209',b'254.99829',b'-367.02765',b'1118.2327',b'184.98056',b'39.596634',b'884.41266',b'165.45268',b'-565.15845',b'1122.3081',b'163.51196',b'13.658049',b'883.9592',b'143.59666',b'-626.40936',b'1114.2871',b'161.77258',b'1.7208831',b'892.9719',b'140.20723',b'-619.0281',b'1110.7079',b'167.17406',b'27.230207',b'895.8937',b'146.18095',b'-569.69763',b'1045.6952',b'516.9909',b'102.84406',b'984.0548',b'514.1614',b'-103.02804',b'1027.2509',b'643.8436',b'200.61877',b'982.9175',b'643.96014',b'-100.2239',b'1001.95',b'771.29663',b'383.4156',b'978.0024',b'770.93945',b'65.82253',b'984.81525',b'787.78577',b'395.01212',b'964.9768',b'790.45135',b'74.28249',b'1030.8916',b'801.5091',b'280.23346',b'999.85144',b'807.7618',b'-85.98568'
image_031.jpg,b'1044.1522',b'262.39398',b'-274.39243',b'1046.7544',b'250.32281',b'-233.68839',b'1049.116',b'250.75642',b'-233.63184',b'1051.4832',b'251.1871',b'-233.67044',b'1036.0906',b'247.69188',b'-259.7073',b'1030.825',b'246.57806',b'-259.74973',b'1024.7924',b'245.54724',b'-259.77853',b'1045.2905',b'254.49011',b'-36.459393',b'1007.799',b'248.68355',b'-157.6108',b'1042.0725',b'275.77374',b'-200.51028',b'1031.4341',b'273.96896',b'-235.27106',b'1065.9583',b'310.73236',b'109.528076',b'956.6002',b'310.2674',b'-169.86253',b'1120.1971',b'263.9369',b'175.51482',b'890.6813',b'252.2982',b'-337.31586',b'1119.0288',b'185.35161',b'104.943436',b'882.98834',b'161.07036',b'-510.56644',b'1122.0994',b'165.10783',b'84.97443',b'882.7127',b'142.83255',b'-568.8081',b'1113.9775',b'163.63736',b'74.51033',b'892.46106',b'141.20476',b'-564.54645',b'1109.8499',b'170.72316',b'93.40433',b'894.5638',b'147.52223',b'-515.6566',b'1051.1312',b'511.65295',b'100.47284',b'987.53815',b'510.8665',b'-100.62273',b'1034.4258',b'635.74445',b'183.91309',b'988.81415',b'637.32635',b'-79.92681',b'1006.5713',b'762.5162',b'369.29276',b'980.81976',b'755.96674',b'114.772484',b'992.0947',b'784.3346',b'380.5601',b'967.59534',b'777.8068',b'126.829216',b'1043.8704',b'798.5206',b'259.7774',b'998.2813',b'800.6119',b'-28.623589'
image_032.jpg,b'1019.41614',b'224.22995',b'-286.36536',b'1021.039',b'215.40921',b'-244.90288',b'1023.40186',b'216.39587',b'-244.87021',b'1025.7505',b'217.30544',b'-244.8522',b'1011.79974',b'213.0592',b'-263.94623',b'1007.68146',b'212.51448',b'-263.9902',b'1003.4499',b'212.01204',b'-264.07898',b'1023.5789',b'224.30434',b'-55.51011',b'991.14166',b'219.16154',b'-145.96053',b'1022.3441',b'237.91826',b'-218.19324',b'1009.6366',b'236.47853',b'-244.33594',b'1055.5444',b'290.517',b'61.117664',b'944.2261',b'292.69116',b'-144.61606',b'1119.3313',b'267.83527',b'35.03881',b'873.30865',b'247.78648',b'-287.97247',b'1116.2626',b'182.47333',b'-107.79676',b'885.1764',b'153.2696',b'-396.02423',b'1120.5234',b'163.24861',b'-140.72023',b'886.2055',b'137.35187',b'-446.257',b'1109.1682',b'160.56288',b'-139.78621',b'901.659',b'137.45065',b'-428.4342',b'1103.8262',b'168.08162',b'-116.3488',b'904.5523',b'141.99513',b'-394.22586',b'1054.8962',b'495.98862',b'66.20006',b'989.9223',b'499.53702',b'-66.09952',b'1050.7701',b'605.05756',b'124.69499',b'989.851',b'609.59906',b'-73.45809',b'1024.7794',b'732.43054',b'323.31418',b'993.3452',b'742.10016',b'136.38063',b'1011.9949',b'756.3424',b'334.8823',b'985.578',b'764.31226',b'148.07329',b'1067.6376',b'773.9259',b'185.81471',b'1012.2369',b'776.7712',b'-29.136667'
image_033.jpg,b'1028.6544',b'258.03403',b'-279.321',b'1031.0259',b'246.75304',b'-236.77219',b'1033.8977',b'247.34264',b'-236.7417',b'1036.5245',b'248.02147',b'-236.78354',b'1020.3407',b'245.26947',b'-260.67474',b'1014.9557',b'245.09578',b'-260.73764',b'1009.26154',b'245.04352',b'-260.81665',b'1030.96',b'253.11362',b'-38.812233',b'993.3915',b'250.09486',b'-150.12154',b'1028.0361',b'274.6121',b'-206.77945',b'1015.92096',b'273.47928',b'-238.86578',b'1058.3091',b'314.18488',b'95.218704',b'948.33234',b'316.5002',b'-170.98053',b'1111.7358',b'264.55377',b'128.56044',b'892.805',b'254.14351',b'-326.0459',b'1113.3379',b'185.51788',b'28.738304',b'882.9695',b'164.56488',b'-453.08914',b'1119.0209',b'164.61487',b'0.0379825',b'883.0223',b'142.57735',b'-509.79303',b'1110.6189',b'163.34595',b'-10.407555',b'891.222',b'140.39343',b'-504.63895',b'1105.7834',b'170.85992',b'15.991899',b'893.5967',b'146.2456',b'-457.96524',b'1049.1696',b'515.0423',b'94.384766',b'981.97034',b'517.6039',b'-94.48119',b'1037.5375',b'639.6375',b'138.95131',b'983.4804',b'644.08844',b'-92.01158',b'1021.2068',b'774.3672',b'373.1962',b'978.207',b'767.4805',b'135.76445',b'983.70886',b'781.7203',b'388.81757',b'966.64215',b'786.50745',b'149.84923',b'1039.3464',b'796.638',b'258.92462',b'1003.34',b'807.6159',b'-19.796038'
image_034.jpg,b'1025.2675',b'256.79474',b'-299.26874',b'1028.4639',b'246.90611',b'-256.68134',b'1031.467',b'247.54048',b'-256.66467',b'1034.6584',b'248.23001',b'-256.71698',b'1017.28796',b'245.30829',b'-278.3975',b'1012.0578',b'244.865',b'-278.45056',b'1006.47766',b'244.59683',b'-278.53278',b'1032.66',b'253.28175',b'-58.06207',b'992.7379',b'249.40991',b'-159.994',b'1027.3792',b'271.81512',b'-226.81573',b'1013.8704',b'271.27222',b'-256.26367',b'1059.1348',b'313.47745',b'76.01351',b'948.37494',b'314.05383',b'-163.4716',b'1114.9379',b'262.03564',b'105.918495',b'891.43176',b'254.6103',b'-295.49426',b'1114.2445',b'181.7424',b'2.8460133',b'882.9104',b'165.73126',b'-416.7533',b'1120.6309',b'161.75182',b'-29.879986',b'883.2425',b'143.64944',b'-475.25415',b'1111.4817',b'161.43633',b'-40.43412',b'890.868',b'141.38818',b'-471.51035',b'1106.0593',b'167.86078',b'-10.030329',b'893.07153',b'147.08577',b'-422.9742',b'1046.002',b'515.7107',b'89.70266',b'981.8',b'514.4254',b'-89.81868',b'1033.3242',b'639.6543',b'203.4656',b'980.93445',b'644.91907',b'-109.140015',b'1003.37036',b'757.50336',b'473.45013',b'973.97815',b'763.2157',b'99.05875',b'984.9374',b'777.69684',b'492.4744',b'962.5857',b'784.4634',b'111.06697',b'1035.9039',b'794.5541',b'361.51526',b'994.1115',b'804.8959',b'-71.353966'
image_035.jpg,b'1024.3307',b'249.54979',b'-298.1809',b'1026.064',b'239.7201',b'-258.58237',b'1028.4717',b'240.42674',b'-258.54126',b'1030.856',b'241.17537',b'-258.5816',b'1016.52704',b'238.14897',b'-280.92966',b'1012.2344',b'237.95992',b'-280.9966',b'1007.80835',b'237.86853',b'-281.08524',b'1027.1381',b'247.38077',b'-72.04248',b'995.0043',b'244.44768',b'-177.86757',b'1025.5135',b'264.41266',b'-229.8583',b'1013.93176',b'263.38712',b'-260.5209',b'1059.7714',b'311.84058',b'48.439396',b'951.22095',b'312.65784',b'-192.87737',b'1114.8716',b'261.74197',b'104.075836',b'889.3905',b'252.26328',b'-380.26498',b'1115.0526',b'179.0091',b'51.747063',b'882.9706',b'161.99263',b'-534.5593',b'1120.4763',b'159.6022',b'33.196842',b'882.51825',b'141.79123',b'-593.24817',b'1109.5812',b'157.0079',b'23.73563',b'893.1297',b'139.48106',b'-576.8996',b'1104.5586',b'164.64413',b'41.57178',b'896.09827',b'144.99188',b'-535.7692',b'1055.5637',b'515.5387',b'73.708855',b'990.91516',b'517.14136',b'-73.77471',b'1038.6735',b'626.4577',b'116.35054',b'989.3293',b'637.2596',b'-33.144955',b'1010.24164',b'743.3006',b'417.7616',b'984.7697',b'754.77954',b'231.49591',b'991.2498',b'761.95605',b'442.18018',b'973.3952',b'775.1808',b'249.88417',b'1029.0082',b'783.39514',b'315.4677',b'996.42206',b'795.7071',b'83.68495'
image_036.jpg,b'1033.4114',b'275.95947',b'-183.0878',b'1035.6381',b'263.04736',b'-149.6228',b'1037.7274',b'263.52615',b'-149.61197',b'1039.6069',b'264.07584',b'-149.65073',b'1025.7878',b'260.97278',b'-173.01158',b'1020.4634',b'260.07855',b'-173.07895',b'1014.8021',b'259.18286',b'-173.14944',b'1031.9989',b'268.2298',b'16.526533',b'998.61945',b'259.81027',b'-93.102684',b'1030.5426',b'288.81854',b'-120.073715',b'1019.89496',b'286.83597',b'-152.09099',b'1054.9813',b'320.81323',b'112.10543',b'945.49884',b'317.86957',b'-115.96904',b'1110.8582',b'260.66214',b'114.94208',b'896.4632',b'253.56554',b'-309.52368',b'1114.4126',b'184.06337',b'19.488295',b'885.5603',b'164.95778',b'-483.89667',b'1119.1663',b'163.78156',b'-9.112886',b'883.5575',b'140.90337',b'-539.8228',b'1111.5787',b'163.41351',b'-16.806263',b'891.0911',b'137.94327',b'-533.28784',b'1107.5657',b'169.48116',b'8.837914',b'894.4247',b'144.24866',b'-488.98367',b'1032.6849',b'513.9022',b'85.20189',b'972.6353',b'513.704',b'-85.34616',b'1024.2087',b'647.7642',b'144.5783',b'976.95636',b'649.1107',b'-152.49672',b'996.06494',b'766.11676',b'295.90186',b'975.9421',b'771.5675',b'-28.92974',b'979.36914',b'787.3972',b'303.1291',b'962.47833',b'795.7427',b'-25.417635',b'1030.7485',b'795.3913',b'179.11598',b'1006.8367',b'802.7654',b'-197.2691'
image_037.jpg,b'1034.2799',b'262.43097',b'-224.79605',b'1036.4254',b'249.465',b'-188.75632',b'1038.1078',b'249.8514',b'-188.71799',b'1039.6409',b'250.26662',b'-188.75111',b'1027.4784',b'247.292',b'-212.01471',b'1022.9573',b'246.21777',b'-212.08847',b'1018.00116',b'245.04495',b'-212.18037',b'1031.3677',b'254.6247',b'-16.12428',b'1001.2908',b'245.27557',b'-125.17397',b'1030.2654',b'274.073',b'-160.75334',b'1021.0871',b'272.62207',b'-192.4234',b'1056.8439',b'310.39032',b'88.54685',b'945.9021',b'305.91415',b'-125.721085',b'1119.9187',b'266.0338',b'98.767204',b'882.76337',b'249.29608',b'-262.48727',b'1116.7344',b'187.92325',b'-4.328608',b'880.5393',b'159.54643',b'-382.2321',b'1120.1848',b'164.30956',b'-31.310001',b'882.6172',b'140.30994',b'-432.0917',b'1109.462',b'161.4736',b'-38.211967',b'891.8173',b'139.48593',b'-421.5169',b'1104.5746',b'171.11272',b'-14.961571',b'892.94977',b'146.2741',b'-384.22327',b'1042.8804',b'503.9535',b'68.43496',b'977.9133',b'506.23502',b'-68.47667',b'1032.8077',b'630.04297',b'98.94078',b'981.5886',b'636.5171',b'-88.58095',b'1003.30444',b'755.95917',b'287.47366',b'976.9298',b'759.5845',b'80.863464',b'986.35516',b'771.663',b'298.60236',b'965.4717',b'777.14606',b'89.43212',b'1022.59265',b'787.5857',b'166.10931',b'993.8137',b'794.4614',b'-75.72919'
image_038.jpg,b'1040.3557',b'281.82346',b'-227.61028',b'1042.6964',b'268.3778',b'-193.30183',b'1044.4708',b'268.48846',b'-193.25658',b'1046.204',b'268.62872',b'-193.26823',b'1033.4811',b'266.30078',b'-221.3587',b'1028.1691',b'265.12482',b'-221.40765',b'1022.45087',b'263.9549',b'-221.45773',b'1037.7205',b'269.26334',b'-23.49641',b'1005.4485',b'263.39526',b'-155.69409',b'1037.4886',b'293.1361',b'-162.91037',b'1025.7218',b'292.20108',b'-201.01869',b'1060.9359',b'319.83688',b'90.672066',b'952.49036',b'317.20435',b'-184.63322',b'1116.6904',b'266.7238',b'124.43205',b'891.6914',b'257.82297',b'-353.45056',b'1117.9358',b'184.68651',b'26.665188',b'885.6346',b'167.19803',b'-504.60675',b'1122.2571',b'163.6916',b'1.2504984',b'886.31665',b'143.56917',b'-561.71643',b'1112.7052',b'162.18202',b'-12.456712',b'894.2053',b'140.9313',b'-552.69147',b'1108.4359',b'168.25005',b'13.257358',b'895.91974',b'146.77596',b'-507.44357',b'1047.4376',b'522.78937',b'96.856636',b'983.6349',b'524.7637',b'-96.97204',b'1025.1372',b'657.7873',b'227.3354',b'976.81824',b'655.6326',b'-129.8216',b'1019.00256',b'772.3803',b'428.29718',b'979.39154',b'779.46405',b'24.059315',b'1003.6321',b'793.80695',b'441.95615',b'972.4856',b'799.309',b'31.629765',b'1047.26',b'804.15295',b'332.47043',b'993.7827',b'817.9717',b'-132.14523'
image_039.jpg,b'1032.4587',b'282.24295',b'-153.02568',b'1036.2424',b'271.02213',b'-131.88655',b'1038.4086',b'271.14536',b'-131.87466',b'1040.5237',b'271.3141',b'-131.93758',b'1027.441',b'268.74542',b'-144.40218',b'1022.6072',b'267.04456',b'-144.428',b'1017.3447',b'265.2175',b'-144.52487',b'1035.9036',b'272.60895',b'-24.023577',b'1002.90295',b'263.94357',b'-79.62012',b'1031.5143',b'292.33844',b'-110.75373',b'1022.7086',b'291.08716',b'-127.37912',b'1053.7057',b'319.89456',b'14.3777485',b'952.3415',b'315.6378',b'-47.57667',b'1110.5793',b'268.3992',b'-27.897648',b'897.85785',b'258.22922',b'-68.8671',b'1114.1191',b'185.31018',b'-104.75053',b'881.0848',b'169.40947',b'-74.04808',b'1116.939',b'171.58885',b'-135.28964',b'881.9441',b'147.5409',b'-95.28639',b'1111.3503',b'169.86307',b'-130.16704',b'888.96686',b'145.23225',b'-100.11513',b'1108.6654',b'172.21225',b'-108.631676',b'889.81335',b'149.38457',b'-79.7409',b'1029.0696',b'490.86047',b'28.09322',b'966.4808',b'482.2952',b'-28.08849',b'1028.5197',b'625.5847',b'24.36337',b'985.17267',b'627.9678',b'-102.83561',b'1012.356',b'721.7771',b'127.58073',b'975.3225',b'723.17535',b'-23.110413',b'1004.854',b'735.83655',b'132.47557',b'974.5381',b'741.48444',b'-21.76878',b'1029.3629',b'764.3692',b'21.301186',b'971.76965',b'757.39734',b'-158.41125'
image_040.jpg,b'1037.2961',b'268.93866',b'-263.95978',b'1040.5092',b'256.40698',b'-225.54984',b'1042.7767',b'256.54343',b'-225.51845',b'1044.7749',b'256.58865',b'-225.56091',b'1030.2103',b'253.75478',b'-250.50653',b'1025.0541',b'252.1802',b'-250.57355',b'1019.3937',b'250.70345',b'-250.66753',b'1037.9396',b'257.95068',b'-37.73173',b'1002.4946',b'251.87495',b'-154.25227',b'1035.1813',b'280.64206',b'-193.49918',b'1023.7953',b'279.06384',b'-227.27254',b'1061.0753',b'311.76025',b'95.1885',b'949.6747',b'307.93637',b'-156.24081',b'1117.0552',b'264.88263',b'133.33087',b'889.64',b'253.19632',b'-291.03177',b'1116.2382',b'184.76813',b'36.03656',b'885.41327',b'161.36046',b'-412.85156',b'1120.7993',b'163.6682',b'11.230322',b'885.6684',b'134.93997',b'-466.45593',b'1112.1111',b'161.81468',b'1.320859',b'892.5371',b'132.80745',b'-457.12714',b'1107.6461',b'169.00108',b'24.051403',b'894.8778',b'140.43846',b'-415.32025',b'1043.574',b'509.76804',b'84.32176',b'978.5202',b'510.90405',b'-84.37152',b'1032.2562',b'633.06226',b'153.45247',b'980.28796',b'639.8847',b'-113.4608',b'1003.2049',b'755.12024',b'390.21942',b'974.5491',b'767.66656',b'73.74278',b'986.90643',b'772.5412',b'406.58133',b'965.74805',b'782.0868',b'84.23677',b'1033.264',b'794.2397',b'283.28415',b'997.31964',b'810.9248',b'-88.7868'
image_041.jpg,b'1012.26984',b'260.8211',b'-257.28885',b'1015.6533',b'248.34242',b'-218.8131',b'1017.90106',b'248.79921',b'-218.79234',b'1020.05457',b'249.21304',b'-218.83429',b'1005.39136',b'245.14835',b'-243.21683',b'1000.5886',b'243.64783',b'-243.23465',b'995.6272',b'242.25865',b'-243.30156',b'1015.1592',b'251.41728',b'-32.893208',b'981.5064',b'241.23665',b'-147.31793',b'1011.5239',b'272.14932',b'-187.97885',b'999.4927',b'269.60583',b'-221.0571',b'1040.7667',b'305.44223',b'98.2406',b'931.35406',b'300.1965',b'-161.01733',b'1105.239',b'269.8009',b'124.40874',b'874.4731',b'250.82805',b'-301.91187',b'1114.3328',b'183.17648',b'2.8336804',b'881.6781',b'158.50745',b'-431.2309',b'1120.3461',b'164.3587',b'-26.3068',b'880.56586',b'140.31412',b'-487.52924',b'1111.0361',b'160.06389',b'-41.55271',b'892.23773',b'139.06071',b'-482.28928',b'1106.0328',b'167.08325',b'-11.977587',b'895.3491',b'144.65547',b'-435.43695',b'1024.036',b'499.9915',b'88.94258',b'960.7488',b'503.0154',b'-88.9022',b'1019.7384',b'619.8408',b'179.68843',b'972.7524',b'625.1632',b'-134.71893',b'1003.8832',b'746.5458',b'388.49295',b'976.5771',b'749.4639',b'22.663765',b'988.97595',b'766.9449',b'401.2898',b'968.046',b'766.51245',b'29.984365',b'1031.8228',b'780.11304',b'272.00784',b'993.1761',b'791.19507',b'-145.707'
image_042.jpg,b'1012.6207',b'273.16425',b'-206.25537',b'1014.50946',b'262.4504',b'-171.21053',b'1017.564',b'262.70935',b'-171.20651',b'1020.46246',b'262.87073',b'-171.25816',b'1002.8865',b'261.2251',b'-186.58273',b'997.5128',b'260.69345',b'-186.62904',b'992.42914',b'260.02197',b'-186.66287',b'1017.52966',b'267.95285',b'-0.03252453',b'980.9945',b'261.9729',b'-72.37911',b'1014.9203',b'286.18402',b'-142.68573',b'1002.30054',b'285.04575',b'-163.7728',b'1047.5996',b'318.1984',b'82.575356',b'941.5935',b'320.56906',b'-62.41772',b'1101.5212',b'258.02872',b'56.30567',b'888.5106',b'251.43176',b'-213.95749',b'1105.2354',b'178.15825',b'-56.598312',b'875.1361',b'168.22249',b'-388.02435',b'1114.7738',b'160.30551',b'-97.04353',b'871.9478',b'146.62497',b'-446.80576',b'1106.5204',b'160.90448',b'-109.07526',b'881.20667',b'142.71301',b'-444.4368',b'1100.1321',b'166.80533',b'-70.11141',b'884.25665',b'149.19183',b'-395.87988',b'1040.4618',b'516.6865',b'53.816692',b'979.73474',b'517.3759',b'-53.82582',b'1024.4513',b'661.1572',b'92.12399',b'982.50146',b'656.7889',b'-66.29837',b'995.02374',b'779.20496',b'257.97018',b'965.40186',b'782.6997',b'116.270615',b'981.70404',b'796.13153',b'265.4152',b'956.53357',b'799.8654',b'124.34256',b'1019.0617',b'815.2151',b'111.73519',b'992.97034',b'819.9864',b'-57.242825'
image_043.jpg,b'1006.1111',b'271.9655',b'-156.96071',b'1006.68506',b'262.00748',b'-131.09328',b'1009.1588',b'262.17017',b'-131.06836',b'1011.56213',b'262.40723',b'-131.17532',b'997.76697',b'261.96454',b'-138.22728',b'992.9069',b'262.06796',b'-138.24725',b'987.38947',b'262.31427',b'-138.26793',b'1007.4489',b'267.82404',b'-15.072022',b'972.4577',b'268.76837',b'-45.738747',b'1008.10364',b'284.47742',b'-114.26013',b'997.7064',b'285.3554',b'-123.52382',b'1030.187',b'320.98572',b'18.918976',b'935.5056',b'318.28796',b'-5.771478',b'1089.0762',b'265.81',b'-30.459599',b'888.51044',b'254.7566',b'-19.196188',b'1101.3402',b'186.61343',b'-118.684326',b'871.6287',b'170.88197',b'-55.948643',b'1110.2644',b'172.21376',b'-144.81036',b'876.5888',b'153.18419',b'-77.38478',b'1107.8135',b'169.79935',b'-144.34445',b'883.82086',b'152.0196',b'-76.48291',b'1102.9034',b'172.86423',b'-124.948',b'882.8456',b'156.39034',b'-60.989082',b'1013.79706',b'447.23767',b'17.08433',b'954.4782',b'450.1548',b'-16.97116',b'1028.2913',b'542.94434',b'-59.572716',b'977.63525',b'548.12805',b'-167.97496',b'1026.058',b'633.38617',b'54.11274',b'981.97473',b'647.378',b'-90.78295',b'1020.10596',b'643.5394',b'61.358734',b'982.89404',b'667.7081',b'-88.88541',b'1041.6477',b'670.8616',b'-44.6348',b'975.7731',b'667.19257',b'-221.83746'
image_044.jpg,b'998.04065',b'230.6037',b'-97.85863',b'998.3472',b'221.95842',b'-72.96429',b'1000.9272',b'221.98',b'-72.92899',b'1003.42804',b'221.95126',b'-73.023964',b'988.6968',b'222.0088',b'-72.2727',b'984.02185',b'222.38994',b'-72.319855',b'979.3501',b'223.16194',b'-72.32355',b'1002.62524',b'227.89148',b'34.96835',b'967.00323',b'235.00607',b'40.98574',b'1002.41223',b'244.43018',b'-59.864407',b'990.30383',b'246.475',b'-58.50632',b'1030.9309',b'293.46683',b'59.205452',b'939.4348',b'290.18454',b'88.840645',b'1103.6971',b'268.79208',b'-29.256302',b'875.03674',b'247.22508',b'36.631493',b'1102.634',b'183.77791',b'-115.351456',b'878.75507',b'159.16301',b'-53.075134',b'1112.2943',b'165.59764',b'-141.20174',b'881.0005',b'140.08759',b'-77.535645',b'1106.3213',b'162.99323',b'-127.04152',b'889.2611',b'142.79384',b'-66.318695',b'1100.0192',b'167.21819',b'-115.435814',b'889.293',b'150.68643',b'-55.738407',b'1002.38904',b'418.2817',b'-2.1682172',b'946.59534',b'418.18198',b'2.357904',b'1018.1353',b'480.1862',b'-149.9181',b'964.46594',b'510.16858',b'-133.43556',b'1005.16034',b'570.013',b'-32.01471',b'963.9101',b'595.869',b'-19.797865',b'999.5556',b'582.5229',b'-22.329666',b'964.3548',b'614.0027',b'-11.801918',b'1018.05975',b'602.0837',b'-104.85641',b'956.44824',b'615.083',b'-109.45766'
image_045.jpg,b'1020.1465',b'270.2204',b'-243.24973',b'1021.55066',b'259.69962',b'-204.13942',b'1024.1',b'260.56546',b'-204.11046',b'1026.589',b'261.41846',b'-204.13982',b'1011.08746',b'257.58987',b'-227.73918',b'1006.44415',b'257.2462',b'-227.81126',b'1001.67163',b'256.9391',b'-227.90555',b'1021.979',b'267.89127',b'-23.100304',b'989.83167',b'260.49258',b'-132.89174',b'1021.02014',b'284.48895',b'-176.67029',b'1008.4933',b'282.87408',b'-208.29109',b'1055.6174',b'323.4655',b'95.90015',b'950.0236',b'326.3826',b'-168.60138',b'1106.0127',b'266.3397',b'139.99837',b'896.24414',b'256.98834',b'-315.30435',b'1112.1233',b'184.28941',b'56.262608',b'882.64',b'166.45178',b'-420.93945',b'1118.0758',b'164.88275',b'29.19691',b'881.2351',b'145.85574',b'-477.17822',b'1108.372',b'161.46745',b'10.892105',b'892.7581',b'142.72421',b'-470.82437',b'1103.2769',b'168.63062',b'40.52583',b'895.2178',b'149.0469',b'-425.30914',b'1050.01',b'523.00586',b'92.63832',b'984.5254',b'525.2531',b'-92.69678',b'1026.6703',b'651.97736',b'197.45404',b'969.39935',b'657.73145',b'-94.38252',b'998.7632',b'774.9459',b'429.8675',b'969.0657',b'785.3266',b'93.17132',b'981.78705',b'792.2989',b'445.29803',b'959.2235',b'802.537',b'103.1322',b'1034.6852',b'809.7074',b'319.8142',b'998.579',b'823.5254',b'-70.76835'
image_046.jpg,b'1012.2974',b'231.81131',b'-266.59326',b'1012.66895',b'222.58035',b'-226.17348',b'1015.2071',b'223.1459',b'-226.11179',b'1017.66986',b'223.58',b'-226.1172',b'1002.3611',b'221.32724',b'-251.251',b'997.5198',b'221.23561',b'-251.32516',b'992.73157',b'221.21826',b'-251.4105',b'1013.8122',b'229.74599',b'-38.272194',b'979.7214',b'226.93964',b'-154.29744',b'1013.83826',b'246.1359',b'-197.5547',b'1002.0012',b'245.6305',b'-231.07498',b'1052.1826',b'298.2419',b'91.28186',b'945.87067',b'302.72333',b'-202.22206',b'1117.0336',b'272.57544',b'101.83544',b'878.194',b'251.66661',b'-462.35907',b'1111.3854',b'181.92683',b'20.826033',b'886.9141',b'158.17719',b'-663.6388',b'1114.2966',b'163.09123',b'-1.1440387',b'885.8657',b'142.44885',b'-728.523',b'1104.8164',b'161.78851',b'-3.0866342',b'895.6627',b'140.52899',b'-706.7783',b'1100.691',b'167.401',b'13.730491',b'898.54376',b'145.8042',b'-662.71564',b'1050.9788',b'503.45966',b'99.27415',b'988.1535',b'505.97943',b'-99.46489',b'1037.0398',b'639.15356',b'235.58818',b'986.25275',b'626.8597',b'-42.1683',b'1001.9518',b'743.4382',b'501.88647',b'984.3965',b'747.29803',b'190.83319',b'987.78937',b'769.5184',b'521.94366',b'972.7462',b'773.46155',b'206.52219',b'1039.9192',b'783.0729',b'404.76242',b'1012.8819',b'791.40375',b'47.298847'
image_047.jpg,b'1006.8427',b'230.05664',b'-153.29317',b'1005.9804',b'219.86736',b'-117.896286',b'1007.9064',b'220.05592',b'-117.84438',b'1009.7511',b'220.1943',b'-117.86743',b'996.9873',b'219.69545',b'-140.03049',b'992.2111',b'219.83603',b'-140.11081',b'986.93713',b'220.08264',b'-140.18033',b'1004.6899',b'226.0031',b'42.203476',b'971.4794',b'225.17339',b'-60.098557',b'1008.60767',b'245.01697',b'-94.69476',b'998.02515',b'246.09473',b'-124.71072',b'1040.9769',b'295.08694',b'150.09958',b'936.5159',b'297.7227',b'-108.17269',b'1116.5068',b'270.69522',b'167.12256',b'879.8106',b'248.79953',b'-332.86395',b'1111.9714',b'186.04947',b'119.22072',b'886.085',b'160.09952',b'-523.7128',b'1117.6595',b'166.71217',b'107.41608',b'884.5146',b'141.7107',b'-579.39667',b'1109.5376',b'164.91208',b'105.73885',b'892.77234',b'140.70345',b'-561.0879',b'1105.2821',b'170.8742',b'114.03294',b'895.85065',b'147.43864',b'-523.1764',b'1033.2079',b'485.6264',b'89.71432',b'974.63995',b'488.60565',b'-89.9252',b'1027.7747',b'619.6651',b'145.33414',b'980.5719',b'623.5913',b'-140.51741',b'1004.6521',b'744.7151',b'288.836',b'981.80994',b'749.0179',b'-32.150063',b'999.0258',b'768.34204',b'295.37335',b'971.6479',b'772.6266',b'-30.821106',b'1042.3848',b'773.4108',b'175.46944',b'1015.69244',b'775.87213',b'-199.48459'
image_048.jpg,b'1011.73883',b'267.77798',b'-266.37708',b'1013.23083',b'255.34726',b'-225.38062',b'1015.8409',b'256.26343',b'-225.33336',b'1018.354',b'257.23383',b'-225.35217',b'1002.7572',b'252.99603',b'-250.88594',b'998.1937',b'252.61488',b'-250.93617',b'993.80493',b'252.35742',b'-251.00415',b'1014.07495',b'263.7029',b'-40.101562',b'982.6563',b'256.7764',b'-158.4747',b'1012.2106',b'282.4142',b'-198.51634',b'1000.0219',b'280.70383',b'-232.60448',b'1050.0627',b'320.75806',b'96.30288',b'943.32135',b'323.59375',b'-215.81525',b'1102.4147',b'270.05804',b'156.85806',b'891.12805',b'256.07162',b'-400.2833',b'1110.6904',b'184.98485',b'81.267586',b'887.1523',b'164.38815',b'-524.1992',b'1116.3005',b'166.0129',b'61.716343',b'885.74207',b'142.01598',b'-584.10126',b'1106.1355',b'160.801',b'45.006493',b'898.0861',b'140.62671',b'-571.00256',b'1100.6298',b'167.9593',b'66.658394',b'901.5948',b'146.47375',b'-525.521',b'1039.0823',b'525.63855',b'106.814224',b'972.0939',b'527.8597',b'-106.91133',b'1022.94446',b'655.4913',b'254.17105',b'971.2936',b'660.6997',b'-118.62894',b'995.9206',b'771.6456',b'537.3456',b'973.531',b'783.1634',b'59.23568',b'981.9848',b'793.66394',b'559.2742',b'964.34576',b'803.66876',b'69.41821',b'1032.738',b'804.4849',b'452.48044',b'1001.301',b'840.46155',b'-103.55185'
image_049.jpg,b'1017.5124',b'281.17307',b'-242.1815',b'1017.8655',b'271.0858',b'-202.9057',b'1020.24054',b'272.10233',b'-202.89932',b'1022.3776',b'273.228',b'-202.94534',b'1007.86914',b'268.56497',b'-228.30118',b'1002.8508',b'267.92773',b'-228.35918',b'997.6323',b'267.39584',b'-228.43607',b'1016.6186',b'278.91663',b'-23.006306',b'983.29706',b'270.0865',b'-140.65279',b'1018.0681',b'295.35303',b'-176.0934',b'1005.9354',b'293.714',b'-210.16887',b'1048.4938',b'332.5156',b'96.957855',b'941.8521',b'335.43723',b'-181.37341',b'1099.0685',b'270.71725',b'133.78857',b'897.8508',b'258.77475',b'-328.56464',b'1108.8188',b'184.58392',b'21.987574',b'882.1035',b'166.09146',b'-436.20798',b'1115.5271',b'164.93303',b'-9.250774',b'882.27057',b'142.79799',b'-495.63693',b'1106.3302',b'160.47588',b'-29.694752',b'891.8228',b'140.54428',b'-488.75735',b'1100.1824',b'166.83728',b'4.268311',b'894.4125',b'146.262',b'-440.7135',b'1032.3723',b'532.3738',b'95.97021',b'967.4126',b'533.8842',b'-96.029236',b'1019.68555',b'669.9622',b'179.22223',b'964.4131',b'674.27026',b'-120.82463',b'996.08014',b'786.5072',b'422.9577',b'963.6553',b'801.88635',b'54.391552',b'985.722',b'803.56165',b'439.48492',b'956.9114',b'819.8525',b'63.081642',b'1029.3922',b'821.37213',b'316.33005',b'991.77246',b'844.25464',b'-118.245415'
image_050.jpg,b'1011.6593',b'244.17802',b'-286.4779',b'1016.2641',b'233.11577',b'-242.59578',b'1019.675',b'233.96881',b'-242.51031',b'1023.0683',b'234.72214',b'-242.52325',b'1003.89404',b'230.94325',b'-269.13184',b'998.798',b'230.69809',b'-269.17505',b'993.4068',b'230.62628',b'-269.24664',b'1021.11566',b'239.54094',b'-41.45456',b'980.6941',b'236.30759',b'-165.14142',b'1014.9187',b'259.6534',b'-212.70537',b'999.8855',b'258.59933',b'-248.38629',b'1054.061',b'301.79648',b'110.312805',b'945.4187',b'306.20248',b'-209.46796',b'1116.4661',b'270.43887',b'175.7304',b'883.9993',b'253.5692',b'-450.28354',b'1112.3851',b'184.12595',b'131.97496',b'888.1088',b'163.83162',b'-632.4773',b'1115.4991',b'165.1904',b'121.39216',b'887.2369',b'142.96844',b'-695.82135',b'1106.177',b'162.21727',b'115.973045',b'898.61176',b'141.5822',b'-674.1682',b'1102.002',b'169.33154',b'124.19868',b'901.6658',b'147.89474',b'-630.47845',b'1053.0621',b'508.1746',b'94.947876',b'990.4756',b'511.62222',b'-95.040665',b'1032.2299',b'629.2607',b'176.20055',b'989.49695',b'635.9969',b'-97.68448',b'1007.0953',b'749.4807',b'467.7647',b'987.5489',b'749.45074',b'137.38568',b'990.2353',b'769.17017',b'490.53818',b'976.6942',b'767.30145',b'153.88327',b'1038.81',b'787.7162',b'371.14725',b'1005.4664',b'816.5644',b'-11.339177'
image_051.jpg,b'1023.3673',b'274.63974',b'-244.22476',b'1023.6929',b'262.25912',b'-206.9956',b'1025.9528',b'262.9378',b'-206.91563',b'1028.0176',b'263.6073',b'-206.91525',b'1013.39014',b'259.69745',b'-237.29594',b'1008.3745',b'258.84518',b'-237.35745',b'1003.55115',b'258.26703',b'-237.42805',b'1019.89496',b'268.0762',b'-29.432245',b'990.77246',b'260.70694',b'-171.98969',b'1022.20825',b'288.20227',b'-178.17836',b'1011.5658',b'286.27228',b'-219.13173',b'1054.7158',b'326.98273',b'103.59868',b'948.2683',b'327.85666',b'-247.1523',b'1105.4419',b'271.2839',b'200.79631',b'897.46936',b'255.04643',b'-481.96863',b'1111.5603',b'187.98627',b'172.09436',b'886.78217',b'164.97832',b'-644.4535',b'1117.655',b'166.6002',b'165.4249',b'886.5025',b'144.78421',b'-708.81573',b'1106.4332',b'162.08067',b'143.76624',b'896.3564',b'142.09546',b'-693.66644',b'1101.0969',b'170.02649',b'157.90042',b'898.73566',b'148.12321',b'-645.5675',b'1054.5217',b'531.4527',b'116.140945',b'989.7543',b'535.8099',b'-116.23493',b'1039.1775',b'665.8729',b'269.68198',b'976.55664',b'664.1244',b'-100.063866',b'1013.9764',b'765.61084',b'554.36127',b'975.37866',b'784.3113',b'89.659485',b'1024.7102',b'792.2731',b'576.5407',b'967.27545',b'793.63324',b'100.68906',b'1071.1987',b'816.39404',b'471.723',b'996.81384',b'856.24786',b'-67.20339'
image_052.jpg,b'1014.7751',b'267.65094',b'-111.03296',b'1015.46313',b'258.42322',b'-75.70963',b'1017.7643',b'259.04425',b'-75.69651',b'1020.0959',b'259.66504',b'-75.742615',b'1006.0967',b'256.95172',b'-94.701324',b'1001.05566',b'256.8311',b'-94.7408',b'995.78625',b'256.89014',b'-94.80497',b'1016.19965',b'265.7305',b'75.35969',b'981.1138',b'262.28046',b'-11.095948',b'1016.56714',b'282.48688',b'-56.45942',b'1005.915',b'281.75714',b'-81.96206',b'1046.4738',b'324.77267',b'145.81763',b'939.4765',b'328.02087',b'-47.389545',b'1106.0789',b'268.47525',b'138.52902',b'893.68854',b'260.3754',b'-186.05908',b'1109.6362',b'187.84993',b'68.76516',b'883.2683',b'165.74243',b'-270.687',b'1116.6477',b'166.65044',b'39.727577',b'881.4277',b'143.58218',b'-319.34085',b'1108.5616',b'165.44043',b'32.46118',b'888.7721',b'141.65984',b'-314.7132',b'1104.1216',b'170.33798',b'58.3039',b'891.95776',b'148.17552',b'-275.96906',b'1031.4178',b'519.03235',b'69.016556',b'968.4846',b'518.77435',b'-69.12706',b'1025.9719',b'664.77563',b'129.36588',b'971.4624',b'663.38245',b'-118.29862',b'995.57086',b'774.9609',b'291.22147',b'969.2837',b'778.1831',b'-16.867634',b'985.8324',b'796.34686',b'299.00864',b'960.6252',b'797.8801',b'-15.8631115',b'1027.3131',b'804.0726',b'173.9648',b'983.0492',b'832.7178',b'-180.99957'
image_053.jpg,b'1022.4853',b'289.41452',b'-255.35147',b'1023.69116',b'278.59857',b'-220.4221',b'1025.4795',b'279.1312',b'-220.39584',b'1027.1614',b'279.71616',b'-220.45874',b'1015.2806',b'275.98428',b'-245.06041',b'1010.69354',b'274.6376',b'-245.11737',b'1005.3466',b'273.39417',b'-245.20598',b'1019.5872',b'282.7731',b'-48.792385',b'987.7598',b'273.62393',b'-163.54497',b'1021.3764',b'300.02466',b'-190.67847',b'1009.854',b'298.21332',b'-224.48155',b'1041.9187',b'333.02182',b'42.459553',b'934.7262',b'329.30145',b'-169.28616',b'1091.9087',b'266.77487',b'53.87738',b'887.3661',b'256.89673',b'-343.45493',b'1104.6191',b'184.43658',b'-25.899862',b'880.49976',b'165.75665',b'-465.7394',b'1113.5697',b'165.18611',b'-56.711143',b'881.0664',b'141.50621',b'-524.6937',b'1106.0665',b'164.29189',b'-73.91046',b'889.99884',b'139.40002',b'-514.9415',b'1100.5004',b'168.924',b'-40.79591',b'892.6495',b'147.3349',b'-470.2979',b'1019.2922',b'533.69836',b'67.806656',b'951.0638',b'533.05853',b'-67.94025',b'1026.4728',b'678.6697',b'131.10672',b'959.9965',b'679.4788',b'-80.027664',b'992.93207',b'776.1053',b'448.19534',b'969.55237',b'791.3475',b'117.40201',b'981.6458',b'792.7267',b'473.02066',b'965.58484',b'805.6385',b'128.53372',b'1016.40314',b'823.0691',b'351.92215',b'989.42206',b'832.7921',b'-47.16926'
image_054.jpg,b'1021.5126',b'284.78134',b'-189.16899',b'1022.03784',b'275.19196',b'-161.91624',b'1024.5807',b'275.5002',b'-161.92606',b'1027.1173',b'275.88318',b'-161.98764',b'1012.0689',b'274.86993',b'-179.23436',b'1006.8441',b'275.09113',b'-179.25775',b'1000.8895',b'275.53983',b'-179.33353',b'1023.96173',b'281.2619',b'-25.993261',b'986.0781',b'281.1771',b'-103.16641',b'1024.7509',b'296.65256',b'-137.48126',b'1014.25635',b'298.86923',b'-160.08984',b'1049.7909',b'330.3809',b'33.21685',b'950.50726',b'337.34125',b'-106.532906',b'1096.2185',b'262.90723',b'-21.490051',b'914.629',b'267.14105',b'-216.80347',b'1108.5735',b'179.84224',b'-145.69656',b'884.3278',b'168.68962',b'-307.35275',b'1120.7513',b'161.30783',b'-186.26906',b'885.00824',b'154.05612',b'-352.2806',b'1116.0024',b'160.02527',b'-195.15855',b'890.1691',b'151.81178',b'-362.07004',b'1109.4354',b'165.59598',b'-157.8902',b'890.75903',b'155.51566',b'-317.96896',b'1036.297',b'528.35944',b'40.68246',b'975.5021',b'515.24835',b'-40.766407',b'1015.86847',b'674.53253',b'71.79543',b'966.01685',b'673.1697',b'-91.51699',b'989.5676',b'764.24084',b'208.94986',b'954.08704',b'766.48645',b'16.2586',b'977.65924',b'790.5998',b'214.38213',b'947.3133',b'797.3445',b'17.406673',b'999.9404',b'820.11597',b'76.08245',b'938.7436',b'812.96765',b'-150.03545'
image_055.jpg,b'1010.6675',b'263.4978',b'-183.46786',b'1009.51605',b'254.88116',b'-144.68431',b'1012.0217',b'255.50508',b'-144.675',b'1014.4137',b'256.32812',b'-144.72215',b'999.32166',b'254.51636',b'-165.8956',b'994.2745',b'254.98119',b'-165.94847',b'988.99164',b'255.55824',b'-166.04747',b'1009.2745',b'263.8983',b'25.59393',b'975.24115',b'262.3337',b'-71.08958',b'1014.344',b'277.65564',b'-121.992584',b'1002.16516',b'277.37097',b'-150.37624',b'1039.1652',b'320.14868',b'126.63972',b'935.3373',b'323.96957',b'-116.66886',b'1094.4598',b'263.94946',b'141.27512',b'888.8183',b'250.39188',b'-290.9224',b'1112.1561',b'186.49078',b'64.76671',b'878.79926',b'161.00072',b'-401.23184',b'1119.4785',b'166.52118',b'39.195835',b'878.967',b'137.38112',b'-458.77158',b'1110.4747',b'163.51863',b'23.854221',b'890.02704',b'136.02295',b'-446.266',b'1106.7045',b'170.65695',b'50.356205',b'891.66364',b'143.92873',b'-404.03406',b'1022.8185',b'518.8756',b'83.22975',b'957.0237',b'516.3261',b'-83.38982',b'1016.56274',b'667.38135',b'123.54319',b'970.2926',b'661.1209',b'-112.99889',b'993.20654',b'772.3821',b'324.42477',b'977.5448',b'780.2276',b'47.081688',b'981.7363',b'790.992',b'336.0639',b'970.07733',b'797.7035',b'54.252033',b'1023.75916',b'810.9756',b'204.1222',b'1004.13354',b'818.7541',b'-121.449066'
image_056.jpg,b'1008.5496',b'280.46045',b'-212.10397',b'1012.49634',b'269.6758',b'-173.5431',b'1015.62756',b'270.45795',b'-173.54846',b'1019.02484',b'271.27078',b'-173.63583',b'1001.88654',b'267.48734',b'-187.63309',b'997.30566',b'266.94046',b'-187.66449',b'992.5945',b'266.45737',b'-187.73903',b'1018.92883',b'276.4895',b'7.35098',b'982.13446',b'268.00705',b'-58.547215',b'1011.31177',b'293.77985',b'-145.71152',b'997.0111',b'292.11502',b'-165.09093',b'1048.9501',b'324.21',b'103.678444',b'941.0301',b'325.53458',b'-63.722206',b'1098.9929',b'262.403',b'111.85083',b'898.0917',b'255.74284',b'-184.58209',b'1109.9149',b'180.22751',b'14.631539',b'879.7634',b'165.3071',b'-300.70847',b'1119.4244',b'162.07648',b'-22.720314',b'879.89',b'140.70065',b'-359.1771',b'1111.5299',b'161.81143',b'-38.79376',b'889.86646',b'138.37314',b'-358.65768',b'1104.8813',b'167.1885',b'-0.90883917',b'892.02405',b'145.32817',b'-309.1864',b'1028.628',b'524.73425',b'52.817158',b'960.5462',b'523.5059',b'-52.816856',b'1022.18',b'666.7399',b'52.348633',b'960.1698',b'668.0455',b'-52.857536',b'998.4617',b'788.47003',b'280.63583',b'970.94214',b'792.92993',b'170.29529',b'988.16016',b'807.7916',b'295.31223',b'967.9464',b'812.24786',b'183.50957',b'1027.079',b'820.57324',b'141.58464',b'987.84784',b'832.3622',b'2.0158935'
image_057.jpg,b'1010.3684',b'281.33173',b'-336.49603',b'1013.8273',b'269.4424',b'-297.21988',b'1016.84784',b'270.32626',b'-297.21832',b'1019.8685',b'271.274',b'-297.309',b'1003.0456',b'267.44272',b'-317.1323',b'998.22107',b'267.17764',b'-317.2129',b'993.31995',b'267.12866',b'-317.30945',b'1019.06354',b'276.91302',b'-103.78878',b'983.43005',b'270.26245',b'-195.8751',b'1012.8492',b'295.13644',b'-264.32715',b'999.188',b'294.06128',b'-291.2393',b'1049.4668',b'326.72357',b'23.69265',b'944.8094',b'328.64627',b'-198.70319',b'1098.7665',b'262.90698',b'64.71103',b'898.6874',b'254.51616',b'-347.412',b'1111.2356',b'180.21129',b'-29.542078',b'880.34564',b'162.69872',b'-493.97952',b'1119.9747',b'162.38068',b'-60.952206',b'880.41254',b'139.90944',b'-558.7763',b'1112.6672',b'161.56523',b'-85.79024',b'889.6242',b'137.74792',b'-552.9728',b'1106.2908',b'166.96938',b'-48.065845',b'892.0949',b'144.27284',b'-500.32648',b'1032.5177',b'525.2431',b'68.14106',b'965.69055',b'527.4704',b'-68.15306',b'1021.96356',b'660.68475',b'81.51176',b'967.3896',b'665.60547',b'-58.33046',b'997.785',b'779.5849',b'375.41406',b'973.24286',b'792.3273',b'210.13855',b'984.7858',b'797.1737',b'396.96466',b'967.9833',b'809.7649',b'228.477',b'1026.2458',b'815.4398',b'254.09889',b'994.5107',b'830.82904',b'51.378933'
image_058.jpg,b'1001.77985',b'284.52744',b'-215.02063',b'1006.2759',b'280.6315',b'-213.27129',b'1009.3298',b'281.44534',b'-213.20512',b'1012.37866',b'282.3038',b'-213.19914',b'998.64325',b'277.90656',b'-216.1799',b'995.724',b'276.53513',b'-216.21028',b'992.8266',b'275.15344',b'-216.17134',b'1014.6315',b'283.91245',b'-173.23878',b'987.7152',b'273.6966',b'-187.15399',b'1002.2843',b'291.8743',b'-196.44637',b'992.79224',b'288.3477',b'-200.38834',b'1010.1875',b'293.23645',b'-117.079735',b'979.2329',b'283.12537',b'-138.95412',b'1010.817',b'293.63937',b'-32.811882',b'976.9662',b'275.37558',b'-74.01664',b'1008.4402',b'294.30338',b'38.29394',b'982.6575',b'265.91626',b'-1.5517967',b'1009.57446',b'295.09265',b'49.118904',b'983.5981',b'262.97015',b'6.603038',b'1007.8729',b'295.3486',b'47.757942',b'983.03046',b'263.35016',b'3.3599706',b'1006.4407',b'294.84543',b'39.289154',b'983.3912',b'264.86212',b'-1.0263029',b'983.011',b'327.4323',b'0.54649353',b'967.33954',b'321.6041',b'-0.53213656',b'988.65186',b'328.36374',b'68.530685',b'981.6694',b'322.56064',b'76.69151',b'978.7112',b'321.28973',b'154.85864',b'974.385',b'322.99905',b'158.93623',b'976.3138',b'319.41162',b'164.78188',b'975.0608',b'323.5213',b'168.21982',b'975.09064',b'325.8278',b'176.85976',b'969.4614',b'330.18832',b'177.55777'
image_059.jpg,b'1014.0488',b'270.74982',b'-115.071945',b'1016.0694',b'261.67883',b'-88.61627',b'1018.49805',b'262.47217',b'-88.622055',b'1020.9773',b'263.4813',b'-88.7019',b'1005.57886',b'260.00223',b'-97.566895',b'1000.0248',b'259.66293',b'-97.592476',b'994.15247',b'259.54898',b'-97.66039',b'1017.28217',b'270.03195',b'27.701939',b'979.81055',b'265.11038',b'-10.600257',b'1014.9384',b'285.3973',b'-72.44836',b'1003.6398',b'284.80856',b'-84.034424',b'1039.862',b'328.04773',b'45.221066',b'936.07263',b'326.3585',b'4.35173',b'1094.0801',b'265.781',b'-12.313773',b'892.4042',b'259.9017',b'-69.7135',b'1110.2048',b'187.07278',b'-92.777084',b'876.73596',b'168.43619',b'-137.5233',b'1118.4108',b'167.35307',b'-128.10217',b'878.7489',b'146.8484',b'-173.21422',b'1112.3091',b'165.15106',b'-127.92747',b'884.8418',b'144.44815',b'-176.18822',b'1107.8334',b'171.1403',b'-99.914825',b'884.9855',b'151.61574',b'-146.43259',b'1023.4879',b'519.50745',b'7.684255',b'959.8401',b'520.7093',b'-7.721536',b'1013.63916',b'665.8561',b'-2.7215548',b'969.7908',b'665.52167',b'-35.31853',b'999.80804',b'770.8777',b'98.52582',b'979.1883',b'771.84973',b'100.383835',b'999.44696',b'774.63153',b'100.13864',b'981.6647',b'775.5393',b'105.58972',b'1013.14465',b'816.2038',b'-48.01604',b'965.648',b'818.00775',b'-44.912853'
image_060.jpg,b'1008.97107',b'279.78644',b'-190.33035',b'1011.3445',b'269.38168',b'-162.69913',b'1013.8329',b'269.53714',b'-162.67606',b'1016.318',b'269.71933',b'-162.73994',b'1001.3894',b'268.596',b'-175.2078',b'996.19104',b'268.06183',b'-175.25749',b'990.9018',b'267.46298',b'-175.31429',b'1014.02747',b'274.10938',b'-26.821726',b'976.45514',b'269.98145',b'-82.11633',b'1011.39746',b'291.60312',b'-138.85071',b'999.65643',b'291.8361',b'-155.34221',b'1038.6752',b'326.45508',b'20.785849',b'937.20337',b'326.1771',b'-53.312428',b'1098.4801',b'271.51328',b'-37.67266',b'894.655',b'261.04648',b'-128.7839',b'1110.3359',b'188.2204',b'-140.79927',b'874.456',b'170.71782',b'-210.81541',b'1117.8208',b'167.73898',b'-176.31146',b'878.1852',b'148.32274',b'-247.8549',b'1113.1805',b'164.65407',b'-177.66728',b'884.3739',b'145.45009',b'-252.74669',b'1107.9739',b'170.61119',b'-149.01414',b'882.81055',b'152.06027',b'-219.9701',b'1025.379',b'500.34045',b'20.221964',b'960.57416',b'496.1426',b'-20.029251',b'1018.782',b'640.27203',b'3.3682342',b'975.36584',b'642.2555',b'-109.45949',b'1006.25244',b'742.6105',b'107.794136',b'964.8262',b'747.7449',b'-2.941341',b'1001.20447',b'757.8994',b'110.70424',b'968.41486',b'769.0712',b'-1.1168438',b'1017.45825',b'780.8061',b'-31.07498',b'952.8575',b'778.2031',b'-167.07028'
image_061.jpg,b'1015.81915',b'302.43552',b'-349.22977',b'1017.2739',b'293.20712',b'-319.6599',b'1019.69775',b'293.5068',b'-319.67322',b'1022.2728',b'293.99164',b'-319.75272',b'1008.0231',b'292.6453',b'-334.6134',b'1003.1106',b'292.53024',b'-334.64313',b'997.4564',b'292.3872',b'-334.71014',b'1019.6553',b'297.98083',b'-158.1536',b'981.0405',b'294.63943',b'-225.4664',b'1018.0718',b'313.9316',b'-287.12894',b'1005.09796',b'314.84534',b'-307.0313',b'1047.0125',b'341.99414',b'-58.500393',b'942.0397',b'345.5499',b'-219.82051',b'1094.3037',b'267.92133',b'-81.29904',b'907.07117',b'259.74734',b'-309.31085',b'1109.988',b'184.81548',b'-203.05681',b'882.14777',b'168.915',b'-375.48865',b'1120.5901',b'165.61403',b'-245.84695',b'884.5142',b'152.83856',b'-429.16797',b'1113.4875',b'162.70598',b'-265.17923',b'890.23224',b'150.84445',b'-442.36078',b'1108.5696',b'168.96024',b'-220.03362',b'890.0236',b'154.10127',b'-388.07318',b'1028.1655',b'545.86945',b'53.091007',b'963.31287',b'541.578',b'-53.19682',b'1015.345',b'695.7465',b'83.07481',b'969.1826',b'692.8446',b'-80.803764',b'1004.5538',b'806.99225',b'274.6863',b'981.50024',b'816.1181',b'80.252365',b'995.53577',b'825.78644',b'284.78812',b'976.7625',b'829.9434',b'85.80392',b'1030.7894',b'824.72577',b'129.5868',b'987.8129',b'854.871',b'-100.51203'
image_062.jpg,b'1010.94775',b'282.1329',b'-163.91942',b'1015.2625',b'272.21378',b'-137.5646',b'1017.7066',b'272.44324',b'-137.55363',b'1020.3612',b'272.73315',b'-137.61029',b'1005.0032',b'270.52264',b'-144.36038',b'999.901',b'269.69052',b'-144.40353',b'994.4721',b'268.98135',b'-144.3848',b'1019.4575',b'275.94632',b'-4.601923',b'980.92474',b'270.65216',b'-32.68935',b'1011.86414',b'294.50278',b'-113.65085',b'999.57904',b'293.14343',b'-122.15222',b'1034.8563',b'321.36185',b'34.91261',b'939.4795',b'316.25208',b'16.134466',b'1089.7374',b'269.88898',b'-104.37688',b'891.3573',b'255.3212',b'-42.08849',b'1109.7338',b'205.81003',b'-294.735',b'877.0097',b'174.08528',b'-158.6195',b'1115.0995',b'206.02156',b'-339.87558',b'881.67365',b'154.4275',b'-194.43304',b'1110.4655',b'202.86363',b'-338.39655',b'886.60986',b'152.20547',b'-198.09563',b'1109.2147',b'203.75272',b'-303.77032',b'885.4232',b'157.22585',b'-166.69661',b'1012.7766',b'436.32504',b'13.559613',b'950.01855',b'432.84805',b'-13.252966',b'1010.4135',b'539.78937',b'-123.38386',b'962.5534',b'532.26904',b'-180.14896',b'1006.4692',b'640.2484',b'-52.154102',b'961.4494',b'641.15137',b'-128.52435',b'1001.0631',b'654.2031',b'-50.290737',b'961.94904',b'665.0088',b'-129.80075',b'1015.4639',b'673.6435',b'-169.91722',b'951.8723',b'656.89795',b'-265.86078'
image_063.jpg,b'1008.72015',b'293.1998',b'-291.43246',b'1010.1704',b'282.2758',b'-267.15604',b'1012.3705',b'282.2435',b'-267.15326',b'1014.7134',b'282.18228',b'-267.25034',b'1000.1533',b'281.46924',b'-281.2898',b'994.71185',b'280.77496',b'-281.29935',b'988.89014',b'280.11172',b'-281.37567',b'1012.539',b'285.83975',b'-135.49384',b'975.5653',b'282.65118',b'-198.64435',b'1010.39294',b'304.6704',b'-239.90399',b'1000.3244',b'304.49268',b'-258.6683',b'1031.5634',b'333.9792',b'-61.757935',b'938.32275',b'334.42285',b'-172.2104',b'1086.6858',b'273.4096',b'-85.90813',b'899.555',b'266.11478',b'-270.01385',b'1105.4633',b'189.74347',b'-151.71811',b'879.8402',b'178.32358',b'-358.6236',b'1114.521',b'171.15523',b'-183.04759',b'876.07465',b'170.38602',b'-400.33603',b'1113.0963',b'168.06085',b'-190.36954',b'880.6721',b'169.95418',b'-408.4047',b'1108.6915',b'172.01253',b'-161.78525',b'882.393',b'170.99603',b'-368.8463',b'1011.9468',b'486.53162',b'34.465862',b'958.0505',b'481.57516',b'-34.558357',b'1013.1814',b'594.13306',b'37.332737',b'964.5121',b'595.2939',b'-93.65505',b'1006.14856',b'696.68585',b'170.25034',b'968.7736',b'699.0605',b'18.650047',b'996.1496',b'699.9406',b'176.61328',b'968.12933',b'702.1611',b'21.563744',b'1023.05237',b'739.88776',b'48.92785',b'968.9523',b'729.8136',b'-134.21802'
image_064.jpg,b'1023.9688',b'272.6864',b'-251.7573',b'1024.8177',b'259.93582',b'-215.68747',b'1026.8616',b'260.29828',b'-215.63828',b'1028.9818',b'260.781',b'-215.671',b'1015.6039',b'258.32214',b'-244.38414',b'1011.11035',b'257.82874',b'-244.45467',b'1006.70746',b'257.43912',b'-244.52283',b'1022.71967',b'265.52158',b'-40.632103',b'993.16406',b'259.30142',b'-175.04485',b'1023.23364',b'285.0414',b'-185.99512',b'1012.3899',b'283.97104',b'-224.79643',b'1055.1261',b'321.95508',b'93.34766',b'948.9433',b'318.23337',b'-222.24577',b'1106.7661',b'266.43607',b'176.36685',b'890.6937',b'251.79622',b'-405.30832',b'1118.5665',b'182.76639',b'112.22695',b'878.47156',b'159.95372',b'-547.1675',b'1124.2968',b'163.7394',b'97.51884',b'880.6236',b'139.93529',b'-607.92236',b'1114.1024',b'159.3994',b'73.476456',b'893.8092',b'138.21466',b'-593.3977',b'1109.1279',b'166.92',b'95.27102',b'895.8138',b'144.07495',b'-548.74396',b'1043.757',b'528.51874',b'108.07087',b'977.2484',b'531.5995',b'-108.19203',b'1034.4824',b'652.1411',b'236.62163',b'974.04443',b'663.3282',b'-63.0487',b'1005.6817',b'764.0803',b'505.4524',b'978.30756',b'789.4077',b'141.58136',b'985.44366',b'784.2061',b'526.1563',b'970.4747',b'802.64594',b'153.71622',b'1033.7083',b'808.4148',b'417.21017',b'1006.66693',b'830.514',b'-9.363372'
image_066.jpg,b'1006.2069',b'262.4703',b'-239.10332',b'1007.1992',b'252.64168',b'-196.62065',b'1009.62054',b'253.45691',b'-196.58461',b'1012.0492',b'254.42175',b'-196.6305',b'996.7672',b'251.1549',b'-221.26674',b'991.5431',b'251.01305',b'-221.31741',b'985.92737',b'250.97293',b'-221.40353',b'1007.7904',b'261.56555',b'-9.8295555',b'971.0147',b'256.41226',b'-123.28194',b'1008.56104',b'277.32114',b'-171.88023',b'994.3264',b'276.36792',b'-204.77754',b'1037.4786',b'321.45407',b'127.54419',b'933.9409',b'321.3432',b'-170.9249',b'1101.9977',b'275.6514',b'193.6704',b'882.23456',b'252.38303',b'-304.34204',b'1111.2518',b'188.85382',b'130.79738',b'882.5269',b'161.7421',b'-365.49557',b'1120.617',b'167.42729',b'111.31976',b'884.5483',b'142.18169',b'-417.5468',b'1113.167',b'165.28214',b'95.957405',b'895.3354',b'140.29926',b'-408.8422',b'1108.0714',b'171.73131',b'116.656715',b'896.8572',b'146.26',b'-368.05234',b'1024.3804',b'519.49414',b'103.68086',b'960.5786',b'519.9267',b'-103.77817',b'1021.6651',b'648.51385',b'139.79857',b'963.0509',b'657.4818',b'-72.803825',b'1003.2555',b'776.0562',b'319.08017',b'977.3411',b'784.2157',b'112.78741',b'992.2373',b'798.5734',b'329.16345',b'968.7955',b'804.2467',b'122.660355',b'1070.8185',b'810.4109',b'203.39232',b'1006.8062',b'832.5589',b'-46.723377'
image_067.jpg,b'1009.10394',b'242.27611',b'-99.22508',b'1010.27515',b'233.13087',b'-61.375965',b'1013.14557',b'233.77197',b'-61.33609',b'1015.8881',b'234.48143',b'-61.412838',b'999.09955',b'231.68553',b'-73.58011',b'993.9463',b'231.34708',b'-73.64135',b'988.6505',b'231.06377',b'-73.68593',b'1014.7704',b'242.25189',b'100.78806',b'976.05414',b'236.96622',b'44.354584',b'1012.58264',b'256.4645',b'-41.42277',b'999.4265',b'255.97928',b'-58.026844',b'1047.8048',b'305.84515',b'175.85437',b'939.0091',b'307.1457',b'33.19495',b'1118.2501',b'270.13324',b'168.8931',b'878.94635',b'249.75786',b'-77.056015',b'1113.0046',b'185.86795',b'103.08548',b'882.4794',b'159.48949',b'-178.98804',b'1119.3545',b'165.47786',b'72.71681',b'881.6196',b'141.28712',b'-227.77298',b'1112.0796',b'162.82051',b'68.687965',b'890.03546',b'140.9726',b'-223.91707',b'1107.9391',b'170.503',b'93.79935',b'892.67175',b'146.75441',b'-185.54945',b'1039.9237',b'504.14545',b'50.406384',b'974.2447',b'502.19083',b'-50.42034',b'1028.1488',b'641.2242',b'90.13132',b'975.34906',b'642.20514',b'-69.26472',b'1004.18085',b'762.7312',b'255.497',b'988.6007',b'770.32086',b'82.63368',b'990.58813',b'782.1552',b'263.81595',b'978.0508',b'789.13336',b'88.42475',b'1037.7952',b'799.0783',b'120.07287',b'1003.7588',b'805.49945',b'-81.69076'
image_068.jpg,b'1032.2158',b'288.29453',b'-199.23877',b'1035.5796',b'277.087',b'-172.18492',b'1038.5786',b'277.5655',b'-172.18207',b'1041.5012',b'277.8758',b'-172.2663',b'1024.3131',b'274.84198',b'-175.36563',b'1019.0752',b'274.05658',b'-175.36514',b'1014.3261',b'273.81628',b'-175.24165',b'1041.8043',b'283.79474',b'-32.53556',b'1002.08417',b'278.01495',b'-42.14063',b'1033.2328',b'300.54074',b'-146.9819',b'1020.7349',b'298.5282',b'-149.95699',b'1058.3654',b'328.11584',b'-4.9237847',b'962.1541',b'323.27838',b'20.67199',b'1104.0964',b'275.4961',b'-224.01248',b'907.913',b'257.48898',b'-99.44902',b'1113.9235',b'222.90398',b'-465.03262',b'881.91486',b'168.3807',b'-261.39062',b'1124.6477',b'221.13513',b'-519.8098',b'884.0554',b'150.14221',b'-300.73495',b'1114.611',b'215.79848',b'-506.45886',b'889.6978',b'149.11919',b'-302.40396',b'1109.7463',b'221.55046',b'-470.27988',b'889.55304',b'153.99141',b'-270.8395',b'1024.7589',b'435.31802',b'-3.1774282',b'961.70404',b'429.97314',b'3.421384',b'1026.4948',b'527.8419',b'-206.08809',b'972.7636',b'527.2481',b'-186.14029',b'1016.35016',b'632.7479',b'-149.54115',b'971.0122',b'618.39734',b'-122.62506',b'1009.66943',b'648.4918',b'-149.23041',b'970.3512',b'640.4321',b'-121.466286',b'1024.7831',b'663.9208',b'-263.2971',b'965.14856',b'631.3749',b'-235.7135'
image_069.jpg,b'1006.7275',b'238.54555',b'-197.48279',b'1007.5045',b'230.7569',b'-159.85416',b'1009.9028',b'231.31158',b'-159.77284',b'1012.27673',b'231.77176',b'-159.76706',b'998.14124',b'229.61852',b'-182.30588',b'993.815',b'229.66139',b'-182.37952',b'989.4236',b'229.88248',b'-182.47588',b'1009.91846',b'239.0491',b'9.483138',b'976.3801',b'236.68694',b'-95.10835',b'1009.68896',b'252.35278',b'-136.09923',b'997.8654',b'252.32239',b'-166.37465',b'1047.1575',b'306.6072',b'130.25995',b'941.31213',b'307.30435',b'-159.48886',b'1116.2714',b'274.2799',b'158.5188',b'876.56866',b'250.9194',b'-385.8212',b'1111.32',b'184.392',b'100.5919',b'888.07245',b'159.19662',b'-529.32294',b'1118.0145',b'164.63141',b'88.81868',b'887.9506',b'141.37776',b'-583.43506',b'1110.1401',b'163.52855',b'83.50741',b'898.84875',b'140.38847',b'-560.3322',b'1104.6534',b'169.44017',b'92.48897',b'902.1366',b'146.03293',b'-526.51654',b'1036.0945',b'509.75',b'99.607056',b'972.0735',b'509.152',b'-99.801094',b'1029.1748',b'638.1804',b'193.06453',b'976.7917',b'642.84906',b'-78.9121',b'998.3684',b'764.35443',b'397.37155',b'980.41406',b'768.20074',b'91.7387',b'983.5865',b'783.24475',b'410.6081',b'969.5687',b'788.9378',b'101.10524',b'1039.838',b'800.60144',b'297.14905',b'1007.14026',b'810.69135',b'-55.623905'
image_070.jpg,b'1020.83167',b'273.10214',b'-282.69473',b'1022.4256',b'261.6984',b'-240.58437',b'1025.0674',b'262.71512',b'-240.55072',b'1027.5017',b'263.66537',b'-240.58345',b'1011.543',b'258.7673',b'-266.8903',b'1006.6677',b'258.17798',b'-266.94775',b'1001.9938',b'257.82162',b'-267.02603',b'1022.6838',b'269.7229',b'-48.95645',b'989.66034',b'261.19156',b'-169.59631',b'1021.26685',b'287.9026',b'-212.58173',b'1009.45917',b'285.43314',b'-247.39801',b'1057.8641',b'330.31317',b'87.19399',b'948.172',b'327.10074',b'-210.90355',b'1107.5527',b'271.44208',b'146.25441',b'893.55786',b'257.58765',b'-379.76367',b'1114.1252',b'188.2398',b'53.632824',b'885.0918',b'167.21416',b'-504.42065',b'1119.2765',b'168.11394',b'28.531052',b'884.5554',b'143.05624',b'-566.7577',b'1109.2479',b'163.13568',b'6.245924',b'895.12524',b'141.58899',b'-553.4371',b'1104.5175',b'170.94888',b'35.696327',b'898.40283',b'147.98192',b'-506.48535',b'1037.8628',b'536.73816',b'94.830956',b'971.47534',b'536.50586',b'-94.86723',b'1023.5299',b'662.0494',b'186.70927',b'968.1388',b'670.73425',b'-39.110584',b'986.8737',b'789.52435',b'448.03052',b'972.96436',b'799.54193',b'178.69334',b'975.29425',b'806.38135',b'466.54767',b'966.84265',b'815.70886',b'191.55042',b'1019.31805',b'828.268',b'338.4668',b'994.77185',b'846.29877',b'16.80094'
image_071.jpg,b'1028.234',b'284.95203',b'-250.27376',b'1029.8018',b'275.01602',b'-219.05336',b'1032.0846',b'275.58487',b'-219.06664',b'1034.3822',b'276.16907',b'-219.11852',b'1019.1529',b'273.09363',b'-234.52664',b'1013.61096',b'272.18585',b'-234.56625',b'1007.66565',b'271.43716',b'-234.5972',b'1029.3717',b'281.4455',b'-73.92763',b'992.3911',b'274.1634',b'-143.20328',b'1028.7146',b'298.02048',b'-196.46844',b'1017.2346',b'297.3273',b'-216.89151',b'1054.6827',b'336.80493',b'-16.53117',b'945.07025',b'334.75513',b'-132.6546',b'1104.3151',b'266.65207',b'-43.50827',b'900.7306',b'259.6292',b'-209.63696',b'1109.6128',b'185.00322',b'-140.69826',b'887.8911',b'165.44511',b'-269.53787',b'1118.5724',b'165.52031',b'-181.77419',b'887.2848',b'143.52797',b'-316.62366',b'1113.6794',b'162.65256',b'-189.66924',b'893.28186',b'139.7039',b'-321.41354',b'1107.5773',b'169.71924',b'-152.24866',b'895.021',b'147.14706',b'-278.3804',b'1033.1729',b'532.21094',b'40.651386',b'970.38324',b'533.5884',b'-40.713444',b'1031.3743',b'675.8655',b'89.56039',b'976.1184',b'677.93494',b'-52.85085',b'1013.4983',b'792.7787',b'252.05446',b'984.2786',b'797.5786',b'107.50929',b'1001.4418',b'811.7338',b'259.97696',b'977.564',b'813.98315',b'113.93499',b'1040.418',b'825.96375',b'110.550415',b'1005.36084',b'826.552',b'-55.501747'
image_072.jpg,b'1026.5945',b'287.0353',b'-284.30884',b'1028.4854',b'276.3627',b'-250.97554',b'1031.1569',b'276.912',b'-250.96645',b'1033.6228',b'277.45465',b'-251.01608',b'1017.8159',b'274.8613',b'-269.67676',b'1012.55255',b'274.16687',b'-269.7326',b'1006.74475',b'273.58734',b'-269.80243',b'1029.4685',b'283.2832',b'-88.09272',b'991.3733',b'276.02942',b'-172.98001',b'1027.3889',b'300.53232',b'-223.3513',b'1015.98267',b'299.47852',b'-248.37054',b'1054.7727',b'338.16754',b'-3.9050379',b'945.16705',b'337.9307',b'-157.31078',b'1106.9595',b'269.01578',b'-17.456406',b'902.46564',b'262.78986',b'-245.40338',b'1112.2684',b'188.04703',b'-128.93527',b'886.6238',b'167.75464',b'-322.86002',b'1118.9093',b'166.62328',b'-170.5744',b'884.45447',b'145.55473',b'-375.43835',b'1112.2802',b'163.152',b'-182.33194',b'889.73364',b'140.92026',b'-378.96057',b'1107.5739',b'170.38675',b'-142.47401',b'892.49036',b'148.33925',b'-331.4452',b'1033.2472',b'533.6909',b'47.1894',b'968.3865',b'531.6516',b'-47.24251',b'1019.6339',b'679.9486',b'102.095',b'963.16626',b'676.6448',b'-64.53208',b'989.40356',b'792.22906',b'304.56583',b'963.64496',b'796.8249',b'101.72015',b'973.6497',b'806.85',b'315.5721',b'954.47424',b'813.922',b'107.69932',b'1011.8144',b'831.90106',b'159.7151',b'986.92554',b'832.1452',b'-79.09821'
image_073.jpg,b'1027.1031',b'291.05215',b'-250.8475',b'1029.674',b'280.07263',b'-217.60912',b'1032.1991',b'280.78632',b'-217.6093',b'1034.5568',b'281.6132',b'-217.68231',b'1019.27295',b'278.06494',b'-235.39595',b'1013.91437',b'277.1572',b'-235.43298',b'1008.25',b'276.46866',b'-235.45865',b'1030.3656',b'287.11148',b'-61.007267',b'993.4942',b'277.9695',b'-142.69388',b'1026.8188',b'304.40436',b'-192.54945',b'1015.1677',b'303.15744',b'-216.60156',b'1054.1423',b'340.76788',b'10.398355',b'945.56537',b'337.89813',b'-127.47705',b'1104.9166',b'272.2978',b'5.3723845',b'900.70447',b'262.5035',b'-199.2987',b'1112.9323',b'192.51636',b'-89.15767',b'885.81775',b'169.2637',b'-263.3124',b'1119.8728',b'169.21542',b'-129.69635',b'886.2544',b'146.27803',b'-312.6019',b'1113.4408',b'165.91533',b'-140.70253',b'892.4245',b'141.68968',b'-316.20425',b'1108.9434',b'173.52191',b'-102.3015',b'894.2408',b'150.337',b'-272.14868',b'1034.9102',b'534.5954',b'47.375923',b'970.8617',b'534.44196',b'-47.422768',b'1033.5216',b'681.64435',b'119.64645',b'979.5236',b'683.0975',b'-49.666565',b'1011.82385',b'794.9205',b'306.79315',b'988.53986',b'802.43756',b'112.93053',b'999.32874',b'816.88794',b'317.6151',b'981.164',b'822.97504',b'119.637535',b'1043.2156',b'829.11414',b'175.84465',b'1003.23065',b'841.02826',b'-51.63512'
image_074.jpg,b'1022.6847',b'288.20584',b'-272.04944',b'1021.4866',b'278.04117',b'-232.17133',b'1023.3933',b'278.56653',b'-232.15564',b'1025.3254',b'279.23904',b'-232.19914',b'1012.28235',b'276.95285',b'-254.94899',b'1007.9255',b'276.82803',b'-254.99098',b'1003.54565',b'276.8797',b'-255.0719',b'1018.3297',b'285.83545',b'-43.698208',b'990.44244',b'280.8554',b'-147.69157',b'1022.5747',b'301.4927',b'-202.15375',b'1012.9749',b'300.94214',b'-232.57591',b'1049.0789',b'338.934',b'80.22823',b'943.95575',b'338.50333',b'-181.13734',b'1096.0222',b'269.4585',b'112.5596',b'903.8079',b'255.56595',b'-325.25903',b'1110.181',b'190.58095',b'11.707742',b'882.8979',b'167.08995',b'-422.84387',b'1120.0704',b'170.90118',b'-20.622927',b'883.13666',b'145.86655',b'-482.51044',b'1111.4196',b'169.19803',b'-43.678062',b'891.2023',b'143.38214',b'-482.66534',b'1106.0057',b'174.396',b'-6.546022',b'892.87683',b'150.3906',b'-430.2477',b'1023.6786',b'537.79913',b'87.33277',b'957.86163',b'536.78345',b'-87.47095',b'1023.03864',b'683.6604',b'140.29749',b'961.6991',b'682.08966',b'-82.9328',b'994.7121',b'800.90283',b'356.53854',b'966.3175',b'809.19714',b'103.75037',b'982.88635',b'820.9034',b'368.75235',b'961.82465',b'829.207',b'112.64878',b'1028.2979',b'835.7874',b'223.14966',b'994.448',b'846.66046',b'-69.96463'
image_076.jpg,b'1004.49896',b'292.48257',b'-324.26663',b'1006.5303',b'280.95782',b'-303.01276',b'1009.32196',b'281.43417',b'-302.97556',b'1011.9223',b'281.77325',b'-303.07098',b'995.4869',b'279.51483',b'-310.61612',b'990.0849',b'279.2625',b'-310.66406',b'984.968',b'279.2724',b'-310.64584',b'1010.74084',b'285.75946',b'-174.04227',b'970.4336',b'283.6872',b'-206.40369',b'1006.2697',b'304.79163',b'-273.17596',b'993.69727',b'304.12262',b'-282.90933',b'1030.6558',b'330.29913',b'-117.620636',b'933.0449',b'327.51187',b'-168.54276',b'1079.931',b'273.5478',b'-253.73254',b'896.34924',b'262.55527',b'-300.7493',b'1103.6544',b'197.2192',b'-419.066',b'877.81195',b'177.17703',b'-446.36517',b'1109.0396',b'185.50414',b'-465.0254',b'878.7075',b'163.97813',b'-492.81033',b'1108.2754',b'183.68602',b'-464.01132',b'882.5572',b'161.73985',b'-492.661',b'1106.263',b'186.14949',b'-427.95035',b'882.2438',b'164.86072',b'-454.28076',b'1005.3169',b'445.60138',b'23.229834',b'950.06055',b'445.07864',b'-23.25294',b'1009.793',b'547.5591',b'-50.12378',b'968.116',b'546.19965',b'-125.94504',b'1011.52716',b'640.49646',b'103.86363',b'972.5639',b'651.3963',b'10.513451',b'1005.71857',b'650.84247',b'114.27952',b'971.5542',b'670.0009',b'18.32243',b'1027.3363',b'677.5522',b'-9.155648',b'976.9077',b'676.74994',b'-127.36892'
image_077.jpg,b'1000.38666',b'257.47885',b'-75.34478',b'1001.2',b'246.96687',b'-47.191105',b'1003.84656',b'247.31528',b'-47.18322',b'1006.4881',b'247.70224',b'-47.246937',b'990.98535',b'246.20006',b'-58.993103',b'985.9442',b'246.05402',b'-59.038513',b'980.1804',b'245.99084',b'-59.03834',b'1003.44476',b'253.23009',b'79.67185',b'964.92957',b'250.49815',b'26.898724',b'1003.41064',b'270.9136',b'-28.635435',b'992.547',b'271.08548',b'-44.361443',b'1029.3214',b'312.49097',b'139.35312',b'931.9994',b'313.02145',b'16.125366',b'1101.6674',b'273.9465',b'120.91203',b'881.10486',b'258.11734',b'-77.72532',b'1109.9681',b'188.51196',b'40.057083',b'882.70935',b'170.05426',b'-166.86421',b'1119.3292',b'168.01695',b'10.097842',b'883.6352',b'148.45682',b'-205.86603',b'1111.6428',b'166.7823',b'12.735121',b'890.7098',b'146.2738',b'-202.96902',b'1106.4547',b'172.54272',b'34.0846',b'892.8361',b'153.19945',b'-172.18947',b'1020.00195',b'502.43134',b'56.456676',b'964.52704',b'503.13605',b'-56.506813',b'1023.09985',b'643.84705',b'48.692577',b'975.1194',b'645.2508',b'-90.67709',b'1020.4083',b'766.28577',b'124.354645',b'990.2578',b'769.8018',b'-6.6624355',b'1012.76196',b'782.17053',b'124.93163',b'989.8202',b'782.3654',b'-5.545468',b'1058.3966',b'785.6405',b'8.673261',b'1018.1567',b'811.6749',b'-139.06712'
image_080.jpg,b'985.5526',b'276.82657',b'-161.1759',b'988.74207',b'266.72372',b'-137.78815',b'991.52844',b'266.9146',b'-137.75562',b'994.0703',b'267.01785',b'-137.80194',b'977.7823',b'266.29752',b'-142.68974',b'972.6209',b'266.11725',b'-142.73245',b'967.8695',b'266.12918',b'-142.75418',b'995.52844',b'271.62555',b'-23.710968',b'954.48627',b'269.79868',b'-43.823517',b'989.358',b'289.36508',b'-118.312515',b'975.7925',b'289.54648',b'-124.69203',b'1018.28705',b'326.57367',b'17.928988',b'924.1664',b'322.20447',b'-22.64486',b'1071.9983',b'279.9245',b'-46.339794',b'886.6489',b'259.12964',b'-93.125786',b'1097.1068',b'209.4544',b'-140.29626',b'877.45123',b'180.71405',b'-179.11354',b'1113.8081',b'188.78563',b'-168.01309',b'875.68744',b'171.65941',b'-210.46217',b'1111.7383',b'184.1688',b'-173.14688',b'881.86426',b'170.93',b'-209.63597',b'1108.8682',b'189.23459',b'-149.31233',b'883.5405',b'172.66573',b'-185.32642',b'1000.9633',b'450.03244',b'19.8077',b'942.58026',b'451.426',b'-19.602694',b'1008.1251',b'557.51556',b'-40.73716',b'959.2905',b'548.9484',b'-125.63932',b'1005.2735',b'639.7729',b'42.103256',b'969.0278',b'649.63824',b'-28.465504',b'1004.44464',b'660.1048',b'44.69075',b'970.10504',b'667.9643',b'-25.515675',b'1025.4214',b'678.6949',b'-79.59542',b'970.62524',b'673.42224',b'-166.93831'
image_081.jpg,b'1000.3987',b'282.5368',b'-340.6881',b'1006.33234',b'271.7372',b'-330.09604',b'1009.9299',b'271.40656',b'-330.06342',b'1012.8677',b'270.97214',b'-330.094',b'994.4408',b'270.96823',b'-331.6921',b'990.0959',b'270.6098',b'-331.73947',b'986.4067',b'270.56686',b'-331.65466',b'1014.6421',b'270.0851',b'-255.57518',b'972.6994',b'272.5795',b'-260.97693',b'1002.7444',b'293.23376',b'-311.13327',b'990.0332',b'292.91547',b'-312.49417',b'1022.5802',b'310.58417',b'-199.76678',b'960.65985',b'303.38284',b'-191.05768',b'1046.7125',b'317.70688',b'-241.41531',b'940.17584',b'313.58844',b'-223.8806',b'1053.8029',b'318.3594',b'-308.49124',b'938.9039',b'287.25107',b'-287.66556',b'1060.1819',b'320.84457',b'-320.9409',b'935.7272',b'279.12054',b'-297.89548',b'1053.5453',b'317.8932',b'-323.3558',b'938.4098',b'277.2933',b'-296.62628',b'1049.5322',b'317.89423',b'-311.12863',b'941.8225',b'281.55463',b'-288.5354',b'994.75995',b'369.45007',b'-9.85022',b'960.6354',b'361.00674',b'9.880252',b'1010.2508',b'382.74454',b'-54.529392',b'946.1474',b'371.95517',b'-0.70599633',b'982.54095',b'386.43875',b'100.93804',b'946.5257',b'377.9932',b'135.98862',b'976.2178',b'387.3115',b'116.16925',b'950.15906',b'383.15',b'149.09694',b'973.68414',b'397.22333',b'104.20613',b'933.96674',b'384.75687',b'132.8761'
image_082.jpg,b'1021.1018',b'294.55154',b'-215.28745',b'1020.61316',b'284.0521',b'-179.17375',b'1022.3379',b'284.5714',b'-179.14867',b'1023.8966',b'285.14658',b'-179.16893',b'1011.59375',b'282.56882',b'-204.87152',b'1007.0173',b'282.13358',b'-204.90714',b'1002.1842',b'281.73627',b'-204.96986',b'1016.68384',b'289.08017',b'-5.0942383',b'987.567',b'284.33698',b'-122.69034',b'1020.91425',b'306.96185',b'-149.52203',b'1010.15967',b'306.21466',b'-183.70425',b'1051.0203',b'334.1036',b'117.921776',b'950.01636',b'339.20435',b'-169.55118',b'1094.4935',b'266.9942',b'157.83553',b'906.1773',b'254.33629',b'-304.47534',b'1109.9122',b'185.66043',b'39.99056',b'886.79205',b'168.4328',b'-375.20273',b'1119.5388',b'166.86293',b'7.978978',b'885.03296',b'147.10666',b'-428.46893',b'1112.049',b'166.11218',b'-14.4423485',b'892.38513',b'142.87085',b'-424.92032',b'1106.5845',b'171.26979',b'21.097715',b'894.8194',b'149.68883',b'-379.58685',b'1052.5421',b'533.28033',b'95.23309',b'991.76276',b'537.08575',b'-95.25279',b'1053.8898',b'676.74133',b'158.73665',b'994.25433',b'683.621',b'-107.0963',b'1034.2373',b'798.22925',b'318.5569',b'1003.22754',b'816.6215',b'18.77768',b'1016.7517',b'821.19434',b'325.9132',b'997.0255',b'837.93427',b'21.558037',b'1075.3187',b'831.56555',b'194.81909',b'1043.5624',b'850.77625',b'-155.7555'
image_083.jpg,b'1014.32764',b'282.16516',b'-75.5385',b'1015.6443',b'271.515',b'-48.038982',b'1017.7836',b'271.78128',b'-48.021908',b'1019.7926',b'272.12805',b'-48.068203',b'1006.8708',b'270.76514',b'-60.508324',b'1001.9798',b'270.32797',b'-60.51442',b'996.3738',b'269.92993',b'-60.581337',b'1014.99927',b'276.9192',b'72.867836',b'980.5158',b'272.49323',b'17.661156',b'1015.8491',b'293.3353',b'-30.925644',b'1005.6215',b'293.78082',b'-47.38315',b'1041.3838',b'327.5506',b'110.98765',b'939.1436',b'327.7656',b'15.800475',b'1099.1632',b'265.01193',b'88.214',b'894.63763',b'261.392',b'-30.134693',b'1111.9027',b'185.31668',b'23.911697',b'878.0687',b'169.9288',b'-42.590614',b'1119.6658',b'166.88405',b'-5.039562',b'881.3979',b'150.17648',b'-69.29964',b'1114.0732',b'163.17955',b'-7.0539813',b'887.0666',b'147.20107',b'-73.75125',b'1109.572',b'169.4171',b'16.11364',b'886.77295',b'151.95369',b'-49.51935',b'1017.5919',b'516.8954',b'32.37447',b'959.1752',b'507.73645',b'-32.447716',b'1001.3484',b'667.4776',b'44.751225',b'957.114',b'665.30664',b'-111.57063',b'978.6233',b'762.8992',b'142.85484',b'954.2369',b'763.7686',b'-52.874393',b'970.615',b'788.603',b'145.09717',b'950.11194',b'797.1331',b'-55.78321',b'997.76263',b'813.5534',b'19.94436',b'957.1243',b'810.1662',b'-213.06688'
image_084.jpg,b'1044.1038',b'281.40552',b'-94.20639',b'1044.5938',b'270.56488',b'-65.250885',b'1046.3636',b'270.8805',b'-65.25804',b'1048.1422',b'271.27426',b'-65.286575',b'1035.5933',b'268.72156',b'-80.91135',b'1030.2638',b'267.4613',b'-80.94699',b'1024.3009',b'266.2807',b'-81.01011',b'1041.8953',b'274.7448',b'65.15945',b'1008.7385',b'268.89243',b'-5.6902075',b'1043.0452',b'293.4242',b'-46.092262',b'1033.5034',b'293.98367',b'-66.99518',b'1064.6768',b'327.49863',b'102.770485',b'962.7531',b'325.5358',b'-5.3630233',b'1109.6493',b'263.27957',b'66.41964',b'907.23584',b'256.91287',b'-55.198143',b'1114.2734',b'189.29555',b'-32.949387',b'883.7444',b'168.60738',b'-97.93823',b'1121.1182',b'168.23106',b'-72.72491',b'882.8508',b'145.6799',b'-136.43536',b'1117.8368',b'166.54941',b'-76.53976',b'889.4885',b'142.46144',b'-149.16122',b'1112.6294',b'173.60063',b'-42.903652',b'890.87823',b'148.84698',b'-109.35545',b'1043.8364',b'520.9359',b'41.383133',b'980.9822',b'520.28076',b'-41.429237',b'1023.74963',b'668.83545',b'49.950703',b'978.17737',b'667.13324',b'-106.35556',b'990.47736',b'778.4206',b'155.55046',b'971.582',b'781.0571',b'-8.299062',b'980.07135',b'782.81775',b'157.49527',b'964.13214',b'784.0815',b'-7.5996456',b'1014.5834',b'819.46735',b'11.902133',b'978.6804',b'824.8723',b'-174.52374'
image_085.jpg,b'1020.5372',b'269.46988',b'-211.3337',b'1020.16077',b'257.8036',b'-174.07823',b'1022.0265',b'258.26724',b'-174.03075',b'1023.8176',b'258.7327',b'-174.06606',b'1011.4083',b'256.1277',b'-199.00131',b'1006.91016',b'255.47157',b'-199.05936',b'1002.53436',b'254.86267',b'-199.14381',b'1017.6476',b'262.46216',b'3.2898312',b'988.62695',b'255.94492',b'-113.14721',b'1020.3034',b'281.8093',b'-145.64604',b'1009.5963',b'280.80197',b'-179.23822',b'1053.1843',b'316.40485',b'129.46016',b'946.151',b'318.52618',b'-144.25702',b'1109.7423',b'266.62985',b'167.69319',b'890.05096',b'252.68726',b'-267.89087',b'1114.0701',b'183.90956',b'65.53345',b'882.45544',b'163.81683',b'-341.67963',b'1120.4358',b'163.5164',b'38.82546',b'883.62445',b'142.45862',b'-393.20657',b'1110.2999',b'158.99254',b'21.76988',b'894.9362',b'141.02696',b'-384.2424',b'1104.9366',b'167.068',b'50.111504',b'897.20355',b'146.55489',b'-344.11276',b'1049.0941',b'515.8334',b'90.76807',b'985.97156',b'520.2379',b'-90.7633',b'1046.92',b'642.9509',b'175.36969',b'986.9538',b'655.37427',b'-90.7347',b'1033.52',b'769.7925',b'387.7994',b'1000.58215',b'785.3878',b'72.69338',b'1014.4218',b'790.9814',b'401.36517',b'993.2661',b'804.85913',b'80.12263',b'1074.8453',b'811.70526',b'276.47662',b'1025.6943',b'821.76855',b'-90.24797'
image_086.jpg,b'1014.1072',b'251.22008',b'-212.38803',b'1016.1242',b'240.03877',b'-175.13353',b'1018.9',b'240.55037',b'-175.05023',b'1021.7034',b'241.00465',b'-175.05779',b'1005.31885',b'238.90381',b'-200.86821',b'1000.65344',b'238.89403',b'-200.84784',b'996.09503',b'238.96535',b'-200.87689',b'1017.1425',b'246.13599',b'2.8965921',b'983.32007',b'244.11095',b'-117.28269',b'1015.4273',b'265.67667',b'-145.75114',b'1002.8039',b'265.6394',b'-180.36003',b'1053.026',b'306.36514',b'130.11691',b'943.5426',b'308.9418',b'-183.5672',b'1110.0266',b'270.97107',b'170.14534',b'887.6727',b'252.95145',b'-454.1955',b'1114.2582',b'186.35027',b'112.47165',b'885.95154',b'163.17552',b'-671.0159',b'1119.1472',b'168.448',b'101.16004',b'883.79016',b'143.74382',b'-736.45496',b'1110.6943',b'163.58275',b'89.39844',b'894.5741',b'140.59534',b'-720.7472',b'1106.1794',b'170.5023',b'102.12822',b'897.759',b'145.85287',b'-672.67694',b'1047.7955',b'516.6098',b'106.60948',b'985.1553',b'518.77075',b'-106.73423',b'1046.0612',b'637.5441',b'237.13113',b'990.3486',b'647.39246',b'-115.388374',b'1034.9218',b'768.41425',b'450.98434',b'1011.2272',b'776.80927',b'24.129595',b'1020.0255',b'790.2169',b'465.53445',b'1002.3057',b'798.2173',b'30.34569',b'1100.3728',b'818.57874',b'351.90503',b'1030.2035',b'848.3139',b'-130.38795'
image_087.jpg,b'1030.6643',b'288.4029',b'-195.78664',b'1034.1951',b'278.0324',b'-166.1768',b'1036.429',b'278.23282',b'-166.10515',b'1038.6198',b'278.27826',b'-166.17575',b'1024.6853',b'275.41705',b'-177.25404',b'1019.84344',b'273.75226',b'-177.27148',b'1015.0074',b'272.23645',b'-177.23293',b'1037.1926',b'280.10147',b'-24.067005',b'1002.3859',b'272.81387',b'-72.500626',b'1030.9255',b'298.78217',b'-143.25453',b'1019.7319',b'296.60696',b'-157.38457',b'1052.7932',b'320.73376',b'23.659872',b'955.75494',b'318.69888',b'-29.710323',b'1102.8994',b'269.2844',b'-100.35271',b'901.72174',b'260.38934',b'-94.42222',b'1112.7277',b'197.39523',b'-276.1942',b'882.10925',b'170.58939',b'-175.24321',b'1117.0217',b'188.9101',b'-325.77048',b'883.82605',b'156.98492',b'-212.32297',b'1113.1732',b'186.69427',b'-317.6502',b'889.29254',b'155.0556',b'-216.60588',b'1110.8751',b'188.16258',b'-284.58698',b'889.74677',b'157.84637',b'-184.2222',b'1027.426',b'441.09436',b'22.43655',b'970.9188',b'443.18756',b'-22.146503',b'1030.1823',b'540.01074',b'-129.96394',b'999.74945',b'545.02313',b'-176.43878',b'1035.8232',b'638.87213',b'-13.52772',b'996.45984',b'648.4643',b'-40.771095',b'1032.0199',b'653.38727',b'-6.7892537',b'994.49475',b'669.0186',b'-33.26861',b'1050.9641',b'667.3971',b'-134.50911',b'996.42816',b'668.32654',b'-171.33905'
image_088.jpg,b'1014.8022',b'274.8158',b'-254.88402',b'1016.9005',b'263.2353',b'-217.36504',b'1019.4414',b'263.6714',b'-217.31573',b'1021.99365',b'264.14932',b'-217.34862',b'1006.4953',b'261.33264',b'-241.54776',b'1002.00977',b'260.5956',b'-241.60861',b'997.46936',b'259.90677',b'-241.67773',b'1018.3755',b'267.68277',b'-36.091732',b'985.8402',b'261.201',b'-148.66483',b'1016.13635',b'286.84525',b'-187.37259',b'1003.9191',b'285.7317',b'-219.83218',b'1053.1357',b'318.2448',b'103.54214',b'947.696',b'321.91647',b'-188.69412',b'1104.8882',b'270.88126',b'169.72726',b'894.5284',b'253.71533',b'-343.55737',b'1114.663',b'185.19325',b'87.82129',b'887.6071',b'166.54375',b'-450.3067',b'1120.8386',b'165.21437',b'67.87232',b'885.21265',b'142.96861',b'-507.36392',b'1111.3295',b'159.56233',b'44.765232',b'896.06586',b'141.72308',b'-494.49554',b'1106.2307',b'167.32501',b'70.48531',b'899.67334',b'147.80518',b'-451.9444',b'1050.6224',b'523.2087',b'98.448044',b'985.307',b'527.3353',b'-98.479774',b'1053.2017',b'645.6196',b'191.1919',b'989.6766',b'658.0446',b'-67.42396',b'1046.1534',b'768.2623',b'443.07745',b'1008.66266',b'787.84735',b'126.312546',b'1031.7683',b'791.1188',b'461.2644',b'1002.21265',b'806.188',b'137.0883',b'1083.9897',b'810.0028',b'341.372',b'1032.9557',b'827.9729',b'-29.987656'
image_090.jpg,b'1037.7524',b'270.72696',b'-221.63795',b'1039.5168',b'259.54404',b'-188.98096',b'1041.9579',b'260.46213',b'-188.93028',b'1044.3339',b'261.4166',b'-188.95802',b'1028.8015',b'257.43668',b'-213.24582',b'1023.9344',b'257.20197',b'-213.32727',b'1019.2231',b'257.09515',b'-213.37091',b'1038.7062',b'268.5887',b'-23.918554',b'1007.4523',b'262.2913',b'-138.09502',b'1037.3748',b'285.62653',b'-159.54573',b'1025.2162',b'283.56396',b'-192.3329',b'1075.0255',b'326.56696',b'80.00889',b'966.22876',b'324.61096',b'-175.15593',b'1118.8824',b'265.39316',b'108.64913',b'911.756',b'251.72433',b'-404.5364',b'1122.062',b'184.62135',b'20.701004',b'885.2874',b'162.6493',b'-628.92413',b'1128.7257',b'163.61684',b'-3.5242589',b'879.6692',b'144.3401',b'-695.50336',b'1118.067',b'161.08871',b'-25.651834',b'888.05414',b'140.37518',b'-682.4213',b'1112.7593',b'168.74205',b'4.33709',b'892.39374',b'146.80402',b'-633.2138',b'1066.2124',b'531.581',b'82.096725',b'1001.6456',b'533.2908',b'-82.17219',b'1044.1982',b'655.161',b'184.61324',b'990.2782',b'666.7417',b'-40.645607',b'1015.01013',b'780.42163',b'425.46805',b'991.1711',b'794.5124',b'163.97874',b'1002.10547',b'799.1308',b'442.30502',b'985.0972',b'811.6151',b'175.91017',b'1038.1871',b'821.1034',b'315.3306',b'1010.6314',b'838.7589',b'12.552662'
image_092.jpg,b'1021.058',b'299.2823',b'82.26809',b'1026.1577',b'290.34744',b'114.65275',b'1028.0182',b'290.62827',b'114.68913',b'1030.012',b'290.9238',b'114.67441',b'1018.4198',b'287.11166',b'104.11484',b'1013.8168',b'284.38602',b'104.08194',b'1008.766',b'281.21893',b'104.12083',b'1027.5902',b'291.24054',b'242.35144',b'996.52246',b'277.50165',b'196.45631',b'1018.7754',b'308.85562',b'127.12848',b'1009.3133',b'305.41293',b'113.61306',b'1038.6235',b'328.85416',b'265.3162',b'943.8484',b'317.7719',b'197.38133',b'1095.493',b'280.93234',b'189.1951',b'883.80695',b'267.9117',b'175.69997',b'1109.3575',b'221.34103',b'75.57543',b'879.4445',b'177.99937',b'137.02121',b'1115.6853',b'217.38716',b'45.006763',b'882.1094',b'155.85268',b'117.16614',b'1109.4846',b'213.79018',b'53.7696',b'889.2474',b'153.06322',b'110.22579',b'1107.6318',b'213.92685',b'69.88661',b'888.9917',b'159.27014',b'130.60625',b'1001.0749',b'448.13934',b'34.513763',b'945.14294',b'439.0632',b'-34.176224',b'1017.1765',b'549.8234',b'-153.00095',b'979.9949',b'536.0925',b'-217.68762',b'1016.7185',b'656.27563',b'-182.9575',b'979.36304',b'651.65686',b'-219.41075',b'1010.09296',b'668.0929',b'-191.79897',b'974.3257',b'670.82697',b'-224.28719',b'1031.5972',b'693.8458',b'-306.921',b'984.0176',b'680.4946',b'-338.36606'
image_093.jpg,b'1020.81244',b'293.78552',b'-102.63032',b'1024.8197',b'283.51123',b'-75.055695',b'1026.2181',b'283.42032',b'-75.0187',b'1027.4309',b'283.35193',b'-75.09491',b'1017.91693',b'281.65927',b'-87.5321',b'1013.9787',b'280.07007',b'-87.56381',b'1009.26337',b'278.18097',b'-87.60851',b'1022.3729',b'283.3395',b'49.641987',b'993.3753',b'273.25974',b'-7.3451347',b'1018.7003',b'301.99454',b'-55.717934',b'1009.4086',b'299.42593',b'-72.677605',b'1033.016',b'320.22787',b'85.4911',b'936.3337',b'312.29507',b'27.579391',b'1099.4155',b'271.7635',b'62.7769',b'871.764',b'270.83847',b'-0.902253',b'1108.3989',b'188.5793',b'10.544779',b'876.51514',b'179.60704',b'-21.498245',b'1117.7966',b'168.58382',b'-16.659796',b'878.3683',b'154.9636',b'-45.188835',b'1113.5261',b'167.09694',b'-12.846863',b'888.93805',b'151.71603',b'-44.907333',b'1108.7943',b'172.9069',b'5.883894',b'890.48157',b'158.33296',b'-25.642838',b'1005.5681',b'482.3411',b'18.475658',b'950.75073',b'477.47192',b'-18.494041',b'999.4187',b'600.6105',b'-23.529858',b'959.9291',b'598.6662',b'-125.14471',b'1005.4413',b'698.7901',b'57.26371',b'965.0028',b'716.5887',b'-47.472332',b'998.9716',b'705.76697',b'59.594505',b'966.99347',b'736.22876',b'-46.57789',b'1018.71747',b'749.1068',b'-65.46138',b'963.52844',b'744.682',b'-197.35129'
image_094.jpg,b'1017.63165',b'298.3987',b'-167.23985',b'1020.0208',b'287.43228',b'-138.07118',b'1022.26917',b'287.84177',b'-138.08511',b'1024.4003',b'288.1738',b'-138.15204',b'1010.4818',b'285.42383',b'-152.54514',b'1005.5352',b'284.2047',b'-152.5549',b'999.9472',b'282.74377',b'-152.56265',b'1019.9349',b'290.67154',b'0.9945097',b'983.3015',b'281.57193',b'-64.70911',b'1017.7792',b'309.2654',b'-115.05681',b'1006.1141',b'307.87808',b'-134.48428',b'1039.5444',b'336.2721',b'53.913185',b'935.176',b'332.35934',b'-53.622112',b'1093.3064',b'269.74518',b'30.73091',b'884.4998',b'265.13705',b'-118.739975',b'1108.8496',b'188.70824',b'-67.02878',b'883.77875',b'173.93312',b'-169.13123',b'1119.3352',b'169.30139',b'-107.5226',b'885.0856',b'151.64638',b'-209.37097',b'1113.9781',b'167.09813',b'-111.40567',b'892.00696',b'148.00493',b'-214.28767',b'1108.7249',b'173.13248',b'-77.244705',b'893.6615',b'155.47034',b'-177.07237',b'1019.1242',b'528.6213',b'45.153446',b'957.59045',b'531.2938',b'-45.208412',b'1016.76587',b'669.3921',b'67.554565',b'964.7399',b'675.4511',b'-85.76796',b'1009.97107',b'787.6198',b'179.07707',b'982.43054',b'795.99225',b'17.096691',b'1002.5497',b'803.68604',b'182.73564',b'978.24896',b'805.4368',b'18.808254',b'1043.7532',b'807.1954',b'46.836246',b'998.8097',b'841.42706',b'-140.87802'
image_095.jpg,b'990.7141',b'272.59744',b'-147.27829',b'991.4944',b'263.0822',b'-117.45535',b'994.1343',b'263.70905',b'-117.46548',b'996.7512',b'264.42026',b'-117.52779',b'981.3859',b'262.61148',b'-128.28905',b'976.363',b'263.0116',b'-128.30634',b'971.0232',b'263.53888',b'-128.34059',b'993.4291',b'271.62045',b'8.961791',b'955.6002',b'269.5903',b'-40.31329',b'994.15454',b'287.04932',b'-102.347084',b'981.45044',b'287.66873',b'-117.018814',b'1027.3325',b'327.5068',b'52.032066',b'918.6413',b'333.30576',b'-67.08781',b'1091.1125',b'273.6775',b'26.762314',b'887.742',b'251.47224',b'-191.32726',b'1112.5972',b'186.93231',b'-49.087822',b'876.62054',b'165.28612',b'-269.62872',b'1121.4371',b'168.1867',b'-80.81577',b'878.7475',b'143.08293',b'-314.60873',b'1115.8181',b'165.42926',b'-91.992744',b'885.8963',b'142.54123',b'-308.23114',b'1110.4241',b'171.4591',b'-61.562305',b'886.67773',b'150.44862',b'-275.07758',b'1025.568',b'517.0698',b'43.274666',b'963.8795',b'520.9645',b'-43.33791',b'1025.099',b'656.5018',b'73.8661',b'974.1253',b'658.96246',b'-87.36054',b'1009.4559',b'770.8569',b'183.34587',b'977.4488',b'785.25256',b'7.2871113',b'996.0745',b'794.5189',b'186.87477',b'976.9669',b'802.5111',b'8.916838',b'1046.7393',b'794.0314',b'62.431427',b'1005.52966',b'828.02405',b'-144.44072'
image_096.jpg,b'992.4213',b'273.35654',b'-217.17998',b'991.4288',b'263.49686',b'-179.34389',b'993.4867',b'264.4829',b'-179.33153',b'995.45874',b'265.54034',b'-179.39415',b'982.68243',b'262.19592',b'-201.84262',b'978.26715',b'262.4245',b'-201.8913',b'973.2217',b'262.90292',b'-201.9574',b'989.5698',b'272.05054',b'-10.231269',b'957.67786',b'269.32608',b'-113.482635',b'994.4973',b'287.85324',b'-155.4976',b'983.8909',b'287.63715',b'-185.65254',b'1027.7041',b'328.06177',b'103.86802',b'921.1343',b'334.58438',b'-152.45134',b'1092.9519',b'276.04318',b'135.56668',b'888.4933',b'252.34976',b'-270.04068',b'1115.6256',b'192.84116',b'47.441536',b'878.2514',b'164.98003',b'-322.5396',b'1124.6343',b'171.28166',b'20.12418',b'877.9986',b'141.55913',b'-373.22012',b'1117.0885',b'166.54616',b'0.8886165',b'888.2317',b'139.6495',b'-368.85336',b'1111.779',b'173.6317',b'30.724823',b'890.55255',b'145.85387',b'-327.04425',b'1026.1003',b'519.1631',b'83.64651',b'962.8536',b'522.41064',b'-83.70699',b'1027.9812',b'657.53754',b'160.08514',b'975.1041',b'662.932',b'-130.27214',b'1015.5508',b'771.48883',b'347.89838',b'993.4471',b'787.0394',b'1.5068334',b'1001.0662',b'792.3824',b'358.01505',b'985.3733',b'806.2293',b'5.179997',b'1049.8256',b'800.14264',b'222.89508',b'1012.9137',b'835.6113',b'-177.78526'
image_097.jpg,b'983.28345',b'271.24536',b'-170.85663',b'985.0738',b'261.09375',b'-146.4844',b'988.038',b'261.248',b'-146.49542',b'991.32776',b'261.44553',b'-146.58203',b'974.003',b'261.24536',b'-152.61494',b'968.1852',b'261.7536',b'-152.62616',b'961.9917',b'262.55206',b'-152.66133',b'992.15686',b'268.02267',b'-31.093466',b'948.98584',b'268.77228',b'-55.663902',b'988.5584',b'284.89786',b'-127.76938',b'975.5444',b'287.15085',b'-135.38602',b'1020.0706',b'328.85745',b'1.7353578',b'917.3622',b'327.38486',b'-30.041317',b'1083.6405',b'273.0991',b'-55.06272',b'885.1689',b'258.38763',b'-62.42189',b'1109.6855',b'189.8708',b'-138.76962',b'872.96497',b'173.6409',b'-82.39647',b'1118.8491',b'171.92116',b'-171.12837',b'876.4299',b'151.23346',b'-108.766785',b'1115.8761',b'168.55164',b'-176.6028',b'882.3722',b'149.80757',b'-109.27316',b'1110.7054',b'173.59294',b'-148.1688',b'881.4846',b'156.34402',b'-88.83229',b'1008.1052',b'485.8442',b'11.771099',b'945.5',b'485.4498',b'-11.561284',b'1005.3301',b'604.3328',b'32.66495',b'964.1515',b'605.66345',b'-86.43186',b'1008.70123',b'696.7631',b'151.60963',b'981.907',b'721.6965',b'18.855986',b'1009.7691',b'725.0846',b'156.99359',b'987.71313',b'741.0162',b'21.850163',b'1029.6166',b'750.68',b'27.997545',b'978.20447',b'753.02563',b'-128.77934'
image_098.jpg,b'986.33344',b'265.90268',b'-121.25852',b'984.6927',b'255.95212',b'-86.8208',b'986.84546',b'256.35403',b'-86.80906',b'988.7069',b'256.89532',b'-86.874565',b'976.18744',b'256.21994',b'-106.553154',b'972.156',b'256.89465',b'-106.58107',b'967.93005',b'257.7744',b'-106.61164',b'980.9144',b'264.67755',b'62.341362',b'953.27136',b'264.5052',b'-27.25457',b'988.4808',b'279.61932',b'-67.26304',b'978.8285',b'281.06528',b'-93.64262',b'1020.2145',b'323.50275',b'159.52502',b'917.77826',b'328.92957',b'-81.21009',b'1091.842',b'274.0546',b'166.34251',b'885.63635',b'250.60568',b'-222.86703',b'1112.9868',b'189.25087',b'82.792366',b'878.0243',b'164.34486',b'-294.70114',b'1123.6038',b'168.53004',b'59.6291',b'880.8844',b'140.74641',b'-344.53952',b'1115.9177',b'164.6751',b'49.411617',b'889.62744',b'139.67216',b'-332.82355',b'1110.27',b'171.73723',b'70.868935',b'890.921',b'148.09315',b'-296.9288',b'1012.73175',b'513.9021',b'80.99256',b'954.2583',b'515.9478',b'-81.13054',b'1018.86005',b'653.00824',b'136.84369',b'971.4518',b'656.1026',b'-117.29111',b'1015.2373',b'768.88184',b'282.62222',b'993.2563',b'780.2073',b'-11.675999',b'1002.57007',b'790.53107',b'289.65976',b'986.3451',b'801.47546',b'-10.062617',b'1051.3673',b'787.81433',b'169.3683',b'1021.18024',b'827.9999',b'-171.4722'
image_099.jpg,b'983.6818',b'246.27512',b'-176.47812',b'981.6718',b'236.14014',b'-137.67033',b'983.223',b'236.38629',b'-137.62648',b'984.72394',b'236.6163',b'-137.65733',b'973.9953',b'236.76613',b'-161.50371',b'969.8185',b'237.6545',b'-161.54988',b'965.255',b'238.71135',b'-161.60568',b'979.5855',b'243.12245',b'31.849634',b'950.6454',b'245.59908',b'-77.13743',b'986.7487',b'261.73618',b'-114.945045',b'977.43384',b'264.1847',b'-146.59993',b'1025.9172',b'311.911',b'147.93364',b'919.80444',b'314.89606',b'-151.1308',b'1102.0376',b'272.64767',b'159.67346',b'881.55426',b'247.48141',b'-355.7899',b'1117.0178',b'190.49411',b'70.61486',b'878.9102',b'162.24489',b'-463.93378',b'1123.4088',b'169.63191',b'52.444733',b'882.00977',b'138.79341',b'-516.42126',b'1113.7047',b'167.34915',b'43.22224',b'891.0253',b'138.12158',b'-496.13623',b'1109.521',b'173.21948',b'59.355675',b'891.8502',b'144.67099',b'-462.13144',b'1025.6185',b'504.85428',b'91.61706',b'960.0361',b'507.4999',b'-91.678925',b'1038.2252',b'642.5446',b'112.401955',b'972.8951',b'643.65784',b'-80.70992',b'1019.9091',b'757.6825',b'294.42026',b'994.73694',b'765.0612',b'81.57294',b'1005.10425',b'777.4334',b'304.8255',b'987.9789',b'786.52405',b'89.04641',b'1056.2863',b'791.5405',b'175.62314',b'1012.42175',b'802.0468',b'-76.00044'
image_100.jpg,b'991.21594',b'267.09116',b'-243.90318',b'989.97986',b'256.7974',b'-204.25403',b'991.7309',b'257.42865',b'-204.22343',b'993.4606',b'258.09076',b'-204.2676',b'982.0926',b'256.42657',b'-227.8001',b'977.87805',b'256.90662',b'-227.84854',b'973.2962',b'257.50394',b'-227.92044',b'988.7571',b'265.92517',b'-27.271507',b'960.4503',b'263.49823',b'-135.15352',b'993.092',b'281.70624',b'-179.55939',b'982.99976',b'282.30786',b'-210.89107',b'1032.8811',b'327.19373',b'95.74075',b'925.9151',b'328.6005',b'-192.35333',b'1097.6715',b'272.91397',b'123.74575',b'886.7691',b'254.17397',b'-380.40778',b'1115.3976',b'189.84218',b'33.07084',b'878.8927',b'168.25996',b'-489.5037',b'1122.969',b'169.09584',b'11.512898',b'881.7629',b'143.8509',b'-547.489',b'1113.2587',b'166.17546',b'-3.2221131',b'891.52277',b'142.32729',b'-526.5425',b'1108.6361',b'172.90637',b'18.782494',b'892.6067',b'148.41823',b'-488.40924',b'1024.9396',b'527.0916',b'86.25543',b'957.43317',b'530.4581',b'-86.32239',b'1030.1992',b'654.24524',b'137.64789',b'969.1062',b'663.5809',b'-58.753525',b'1010.9785',b'773.2399',b'381.8329',b'986.27814',b'793.61523',b'159.71579',b'997.2196',b'791.5242',b'399.0996',b'981.8589',b'810.5143',b'173.40446',b'1046.0964',b'807.2579',b'273.6236',b'1005.27454',b'838.04034',b'8.684351'
image_101.jpg,b'993.9967',b'240.58708',b'-207.4403',b'993.965',b'230.43929',b'-166.33078',b'995.97485',b'230.8897',b'-166.30241',b'998.0611',b'231.4895',b'-166.35036',b'986.0423',b'229.8293',b'-189.55954',b'981.70294',b'229.94392',b'-189.62158',b'976.91437',b'230.29662',b'-189.73466',b'994.19403',b'240.04478',b'15.585312',b'961.2803',b'237.10417',b'-91.37605',b'996.6615',b'256.69962',b'-141.84752',b'985.6437',b'256.94852',b'-173.05064',b'1032.7363',b'309.31418',b'149.07002',b'927.467',b'312.69226',b'-146.3915',b'1113.4778',b'273.93488',b'165.11363',b'879.5924',b'253.5162',b'-337.03714',b'1117.2385',b'184.1901',b'81.71967',b'879.1007',b'162.32999',b'-457.29333',b'1123.7903',b'163.75941',b'60.862083',b'878.3762',b'140.98405',b'-511.9182',b'1114.0502',b'162.6838',b'56.563377',b'890.1447',b'140.06204',b'-501.26062',b'1109.3512',b'168.79227',b'72.26079',b'892.5182',b'146.8091',b'-459.55637',b'1019.7155',b'505.53497',b'98.31274',b'955.3308',b'503.70337',b'-98.44133',b'1025.6196',b'636.9533',b'171.18373',b'966.70337',b'639.1423',b'-104.827576',b'1008.8387',b'754.1351',b'376.2359',b'989.9675',b'753.51917',b'72.14579',b'997.0299',b'780.1648',b'388.66965',b'981.0753',b'780.4165',b'80.80032',b'1044.7662',b'784.611',b'257.06854',b'1012.57794',b'806.3925',b'-97.300735'
image_102.jpg,b'1000.7437',b'279.4759',b'-212.0847',b'1002.57556',b'268.65976',b'-185.01537',b'1005.09753',b'268.8713',b'-184.99438',b'1007.5012',b'269.02414',b'-185.05663',b'991.9689',b'267.60275',b'-197.85083',b'986.7729',b'267.2737',b'-197.91466',b'981.23236',b'267.17844',b'-197.98628',b'1005.5922',b'273.89444',b'-50.854156',b'968.926',b'271.15207',b'-107.778534',b'1003.07086',b'292.8707',b'-161.71129',b'990.6571',b'292.93683',b'-178.656',b'1031.8021',b'333.14868',b'8.25757',b'933.4368',b'331.6763',b'-89.62547',b'1090.6838',b'277.5841',b'-27.824696',b'896.4153',b'264.04788',b'-171.7882',b'1107.2406',b'191.74501',b'-106.92384',b'877.1515',b'174.45978',b'-252.55429',b'1115.6077',b'174.75467',b'-136.69733',b'880.32794',b'155.34648',b'-290.58038',b'1113.6031',b'170.20992',b'-144.85703',b'885.02234',b'152.69012',b'-293.45734',b'1108.3336',b'175.96127',b'-117.50365',b'884.4615',b'157.67244',b'-260.65338',b'1021.123',b'496.2405',b'30.660381',b'957.84564',b'495.31473',b'-30.641453',b'1009.2092',b'616.92676',b'54.279156',b'968.1274',b'630.9068',b'-89.266655',b'1008.2189',b'726.6945',b'178.76945',b'970.0376',b'737.5347',b'33.425655',b'1006.8198',b'713.9073',b'183.76172',b'971.97876',b'756.4933',b'37.064194',b'1023.2936',b'764.4276',b'45.960392',b'971.3936',b'769.37714',b'-126.6485'
image_103.jpg,b'997.46155',b'266.33286',b'-193.87631',b'998.3989',b'255.86691',b'-152.61',b'1000.6387',b'256.68842',b'-152.59422',b'1002.77045',b'257.58813',b'-152.64758',b'988.504',b'254.64677',b'-170.04868',b'983.61224',b'254.73741',b'-170.11856',b'978.67413',b'254.93271',b'-170.1833',b'999.24304',b'264.97192',b'29.904455',b'965.58105',b'260.6641',b'-51.691902',b'1000.3418',b'281.1966',b'-128.49704',b'986.8387',b'280.52042',b'-152.10892',b'1035.9432',b'325.86566',b'136.00441',b'928.71716',b'327.11856',b'-85.09553',b'1101.161',b'270.7759',b'129.32758',b'889.01434',b'251.0395',b'-218.8511',b'1115.4312',b'186.93457',b'17.608217',b'882.2635',b'164.47844',b'-316.0977',b'1123.3326',b'166.94624',b'-17.262545',b'880.89966',b'143.72',b'-373.09238',b'1113.3794',b'162.33542',b'-28.898722',b'892.2596',b'142.97672',b'-368.0999',b'1108.5768',b'169.57516',b'3.3819458',b'894.89813',b'149.25714',b'-321.8268',b'1024.3083',b'523.7738',b'76.82563',b'958.5516',b'524.0339',b'-76.719635',b'1026.1157',b'647.836',b'119.75602',b'965.34906',b'655.06635',b'-123.76934',b'1011.89575',b'768.80585',b'335.9131',b'985.70514',b'786.76715',b'46.83506',b'995.96674',b'789.08765',b'349.43295',b'977.54504',b'806.4951',b'54.42517',b'1044.1907',b'801.6693',b'213.22145',b'998.80725',b'844.0116',b'-131.82721'
image_104.jpg,b'996.33887',b'242.6711',b'-237.87247',b'997.6108',b'230.11133',b'-199.42567',b'1000.2327',b'230.39821',b'-199.37825',b'1002.7859',b'230.751',b'-199.42334',b'987.09467',b'229.74611',b'-224.0039',b'982.00745',b'230.0802',b'-224.07608',b'976.6609',b'230.63374',b'-224.16684',b'1000.9935',b'236.2657',b'-18.92296',b'964.51575',b'236.8934',b'-133.25136',b'999.8885',b'257.6511',b'-171.21982',b'986.3009',b'259.17792',b'-204.36232',b'1035.128',b'304.4947',b'116.707436',b'935.20325',b'308.57254',b'-193.19424',b'1111.0038',b'274.37714',b'144.00307',b'879.7407',b'252.87477',b'-459.21036',b'1115.8384',b'187.54109',b'74.64621',b'881.3974',b'161.51118',b'-671.9212',b'1123.1296',b'167.34178',b'61.553093',b'880.2803',b'141.10536',b'-737.04456',b'1114.8047',b'164.9713',b'54.714966',b'890.3261',b'139.29146',b'-715.4433',b'1109.6462',b'171.5762',b'66.265015',b'893.2725',b'145.36514',b'-671.48004',b'1033.3568',b'506.278',b'102.722626',b'971.62524',b'508.14908',b'-102.94951',b'1032.4784',b'629.0954',b'178.98619',b'979.7079',b'637.1984',b'-61.026207',b'1010.9704',b'748.3104',b'437.94077',b'993.90015',b'755.1137',b'171.36551',b'992.55304',b'770.28534',b'457.34726',b'980.31714',b'778.2779',b'186.72789',b'1049.1951',b'783.40814',b'345.4408',b'1021.1732',b'793.69244',b'30.121151'
image_105.jpg,b'1003.79724',b'281.28342',b'-204.43628',b'1005.932',b'270.28775',b'-181.26279',b'1008.5774',b'270.27307',b'-181.24341',b'1011.00336',b'270.1563',b'-181.32306',b'994.8656',b'269.83975',b'-187.97351',b'989.4788',b'269.74664',b'-188.01138',b'984.52844',b'269.79297',b'-188.03317',b'1011.1118',b'274.95645',b'-62.758255',b'972.0242',b'274.54538',b'-91.452835',b'1006.855',b'294.46545',b'-159.21263',b'993.6234',b'294.54913',b'-167.95595',b'1036.2081',b'331.60306',b'-12.7967205',b'936.9825',b'330.8706',b'-68.84835',b'1085.5961',b'275.19168',b'-66.84988',b'899.13824',b'268.0765',b'-157.92676',b'1109.8365',b'191.31236',b'-150.25554',b'877.2926',b'179.38127',b'-264.05106',b'1117.8983',b'176.74934',b'-179.49988',b'876.6657',b'169.15097',b'-299.47595',b'1116.4268',b'173.53065',b'-183.59943',b'881.72546',b'168.08838',b'-301.8507',b'1112.4989',b'177.96701',b'-158.46208',b'882.9087',b'169.64098',b'-271.866',b'1014.9842',b'458.07364',b'25.700375',b'957.8691',b'460.10718',b'-25.630415',b'1013.87646',b'564.6755',b'9.395425',b'970.9938',b'561.6298',b'-113.923164',b'1014.6912',b'661.01544',b'120.230415',b'975.2386',b'665.71344',b'-25.474367',b'1008.1685',b'673.66833',b'126.11046',b'975.33923',b'685.1754',b'-22.946045',b'1034.9172',b'694.3794',b'10.934959',b'975.71375',b'689.28345',b'-161.3568'
image_106.jpg,b'1000.1969',b'285.1593',b'-282.54755',b'1002.5196',b'274.4032',b'-277.93347',b'1005.4223',b'272.88876',b'-277.90024',b'1007.88104',b'272.8997',b'-277.9396',b'994.2856',b'276.31158',b'-283.86124',b'990.3649',b'275.38724',b'-283.89777',b'986.4982',b'274.46085',b'-283.82294',b'1010.2438',b'279.98813',b'-225.09425',b'976.51025',b'274.2211',b'-251.67441',b'1002.5605',b'294.481',b'-259.37244',b'990.9438',b'293.0859',b'-266.8957',b'1005.2044',b'293.52145',b'-161.86072',b'962.42847',b'294.3333',b'-192.87854',b'1021.1601',b'301.06332',b'-83.03607',b'965.2168',b'289.82602',b'-99.78527',b'1034.4083',b'308.1873',b'-33.980022',b'976.8563',b'265.82397',b'14.293844',b'1041.2803',b'308.7994',b'-26.463196',b'979.2678',b'258.4774',b'24.89849',b'1038.5989',b'309.9616',b'-34.947506',b'978.31934',b'258.42734',b'20.635231',b'1034.5985',b'310.53708',b'-36.5492',b'978.34937',b'261.27158',b'15.302296',b'973.82983',b'335.37943',b'2.7910686',b'949.2334',b'333.3764',b'-2.7047138',b'990.3327',b'331.76517',b'116.84704',b'955.5729',b'319.37387',b'73.17562',b'978.5931',b'310.51096',b'230.3477',b'944.0089',b'310.4574',b'197.80936',b'974.61755',b'308.08667',b'244.07295',b'943.3317',b'310.78864',b'212.02661',b'978.4147',b'309.29437',b'258.9796',b'942.80273',b'314.51624',b'220.7086'
image_107.jpg,b'1002.17786',b'280.3051',b'-370.0015',b'1006.8394',b'270.61765',b'-359.45966',b'1009.7169',b'270.3887',b'-359.38968',b'1012.1734',b'270.3078',b'-359.39203',b'995.5948',b'271.2091',b'-364.57422',b'991.0785',b'271.51572',b'-364.62314',b'986.37177',b'272.1881',b'-364.53082',b'1014.4129',b'272.88934',b'-282.13242',b'972.12',b'273.99408',b'-305.0295',b'1006.20184',b'293.04535',b'-338.38724',b'992.0928',b'292.33548',b'-344.82083',b'1018.46246',b'309.95963',b'-199.72517',b'963.24304',b'304.32736',b'-231.91307',b'1028.759',b'324.56415',b'-92.33308',b'959.0447',b'308.5649',b'-169.48131',b'1026.7416',b'323.83908',b'-20.922451',b'964.6731',b'278.90643',b'-116.74598',b'1028.2872',b'326.37183',b'-10.371187',b'962.0492',b'273.67136',b'-120.573364',b'1025.1322',b'323.26855',b'-21.518875',b'963.6836',b'271.4742',b'-125.56207',b'1023.20514',b'322.34546',b'-23.417414',b'965.2201',b'275.39188',b'-117.89653',b'989.62256',b'370.94687',b'-4.8560514',b'958.2545',b'363.8083',b'4.9722896',b'996.572',b'366.48648',b'72.86761',b'953.7082',b'353.7406',b'62.85189',b'983.73035',b'367.762',b'237.46663',b'947.90796',b'351.65985',b'228.38605',b'978.1344',b'370.1355',b'254.21928',b'949.62885',b'356.10617',b'245.38068',b'979.11646',b'372.88214',b'246.61801',b'941.24585',b'354.5651',b'237.17659'
image_108.jpg,b'1011.0142',b'283.19415',b'-202.05806',b'1011.0978',b'272.18076',b'-169.45244',b'1013.41907',b'272.66324',b'-169.4608',b'1015.745',b'273.29474',b'-169.51855',b'1002.0593',b'271.7727',b'-187.41283',b'997.0957',b'272.06546',b'-187.44339',b'991.88837',b'272.51965',b'-187.53856',b'1010.8239',b'279.2392',b'-19.010342',b'977.26227',b'277.27847',b'-99.77812',b'1013.6292',b'295.8856',b'-146.53009',b'1002.06104',b'295.5775',b'-170.41864',b'1040.4003',b'332.56424',b'57.276726',b'936.2557',b'336.16647',b'-117.20107',b'1098.6427',b'267.1292',b'45.580276',b'896.8041',b'260.50296',b'-243.25493',b'1111.9132',b'185.8861',b'-37.16254',b'881.7273',b'169.8278',b'-333.84174',b'1120.0449',b'166.641',b'-69.31371',b'881.4296',b'147.37807',b'-383.81458',b'1114.0594',b'165.69067',b'-82.51958',b'887.2752',b'145.3101',b'-386.00113',b'1109.447',b'171.47704',b'-50.65414',b'889.3043',b'152.96474',b'-341.98648',b'1026.3103',b'528.9496',b'56.967052',b'962.0586',b'528.48486',b'-57.072197',b'1020.9017',b'676.3741',b'111.79279',b'971.27563',b'676.76306',b'-105.8455',b'1009.9475',b'788.2652',b'256.78687',b'983.8592',b'795.43384',b'16.331669',b'1001.6366',b'797.51196',b'262.07492',b'979.1946',b'800.80743',b'18.637308',b'1033.8701',b'835.68726',b'115.20054',b'1002.22424',b'834.734',b'-160.19658'
image_109.jpg,b'1027.3691',b'290.3072',b'-302.3395',b'1029.3173',b'278.13846',b'-267.021',b'1031.1793',b'278.8101',b'-267.02435',b'1033.2632',b'279.47375',b'-267.10693',b'1020.2078',b'275.82288',b'-288.78815',b'1014.93164',b'275.0247',b'-288.85535',b'1009.3141',b'274.2852',b'-288.93686',b'1027.9552',b'282.94922',b'-88.74546',b'993.5163',b'275.8485',b'-190.15016',b'1026.6168',b'303.32425',b'-234.90286',b'1013.4728',b'302.17923',b'-264.47894',b'1053.2059',b'335.0281',b'24.92152',b'945.62274',b'335.3099',b'-189.1784',b'1105.7802',b'270.39597',b'56.337193',b'899.36993',b'260.34378',b'-320.4718',b'1118.6431',b'188.97751',b'-48.01966',b'882.70123',b'167.89793',b'-458.57184',b'1124.7261',b'167.20728',b'-79.614456',b'879.6253',b'142.91798',b'-517.69946',b'1115.7206',b'165.21393',b'-100.191',b'886.91736',b'140.59424',b'-513.2509',b'1110.5038',b'170.88223',b'-64.59358',b'890.03046',b'147.27676',b'-464.93228',b'1028.8007',b'533.36066',b'67.368576',b'964.17755',b'533.072',b'-67.43322',b'1021.24097',b'667.61346',b'135.38051',b'964.273',b'668.9607',b'-45.51108',b'995.20074',b'786.5151',b'394.72598',b'970.08624',b'797.0061',b'180.18823',b'978.5444',b'802.87024',b'413.25824',b'961.7411',b'814.0907',b'194.72614',b'1024.8003',b'824.85345',b'280.8092',b'998.45135',b'835.80646',b'27.997662'
