image_001.jpg,b'1002.92816',b'116.8182',b'-287.0289',b'1003.8221',b'107.17267',b'-256.21286',b'1006.4549',b'107.602295',b'-256.26877',b'1008.9965',b'108.06038',b'-256.33154',b'993.3816',b'106.966484',b'-268.90845',b'988.5308',b'107.46506',b'-268.86542',b'983.30566',b'108.2795',b'-268.932',b'1005.87286',b'114.528015',b'-77.750916',b'967.95294',b'115.87162',b'-139.52702',b'1007.03076',b'130.91362',b'-219.13034',b'993.01666',b'131.46179',b'-237.08096',b'1040.8484',b'192.02585',b'55.042618',b'932.6432',b'181.75552',b'-77.80938',b'1081.882',b'269.86154',b'-16.51307',b'881.99664',b'252.54471',b'-253.55399',b'1109.707',b'187.3077',b'-261.3302',b'883.38153',b'164.41943',b'-570.5482',b'1116.9252',b'171.12375',b'-308.28207',b'883.91156',b'147.11823',b'-627.03375',b'1114.0144',b'165.3546',b'-304.08713',b'889.55286',b'142.1629',b'-632.4116',b'1109.6812',b'170.13022',b'-267.45917',b'892.5718',b'147.40474',b'-579.40137',b'1034.1713',b'370.54272',b'28.832338',b'975.25415',b'370.48004',b'-28.644203',b'1026.0249',b'504.96155',b'-0.1845343',b'983.4774',b'501.01028',b'-67.73803',b'1013.4936',b'643.41583',b'101.755035',b'990.7221',b'638.74445',b'61.50596',b'1002.36536',b'662.662',b'103.24274',b'986.5712',b'657.39307',b'67.291595',b'1029.0938',b'672.53064',b'-36.665535',b'1005.9659',b'669.9219',b'-82.61736'
image_002.jpg,b'1011.076',b'110.70202',b'-330.72122',b'1011.8008',b'99.460754',b'-298.74924',b'1014.7',b'100.25688',b'-298.80527',b'1017.7473',b'101.138504',b'-298.8586',b'1000.89374',b'97.64575',b'-312.42474',b'995.63806',b'97.39448',b'-312.385',b'989.9609',b'97.26157',b'-312.43323',b'1015.2695',b'106.620125',b'-105.654434',b'973.4869',b'104.341125',b'-175.17615',b'1015.60364',b'125.429085',b'-257.03445',b'1002.0844',b'124.099365',b'-277.15512',b'1045.3317',b'181.2852',b'33.877846',b'934.7266',b'173.80844',b'-85.70575',b'1079.4521',b'273.12695',b'-26.294422',b'886.56244',b'254.64111',b'-258.36746',b'1107.2048',b'186.92578',b'-295.93692',b'883.49384',b'163.95303',b'-604.0682',b'1112.6418',b'169.49033',b'-348.2034',b'884.72125',b'144.4856',b'-662.5918',b'1108.0266',b'161.70956',b'-347.97064',b'890.2516',b'139.9249',b'-669.4318',b'1104.5974',b'167.07402',b'-303.30612',b'893.29364',b'144.98714',b'-613.5803',b'1043.8984',b'362.60764',b'30.077627',b'981.6487',b'366.12384',b'-29.899271',b'1040.498',b'499.0899',b'-33.92369',b'989.32434',b'493.6891',b'-79.33122',b'1013.6041',b'633.34094',b'136.80603',b'995.5425',b'634.4898',b'118.83834',b'1004.99646',b'656.1499',b'145.77533',b'992.2554',b'656.6642',b'131.60373',b'1037.1425',b'671.30615',b'8.460251',b'998.53064',b'672.0768',b'-23.985714'
image_003.jpg,b'988.38007',b'138.97798',b'-191.10486',b'993.4434',b'130.0764',b'-157.51152',b'997.0318',b'130.68666',b'-157.52586',b'1000.6065',b'131.44821',b'-157.59412',b'983.2803',b'129.85486',b'-163.14168',b'979.23956',b'130.45044',b'-163.1148',b'975.34894',b'131.27048',b'-163.14899',b'1004.08606',b'138.88074',b'11.685395',b'965.74426',b'138.81337',b'-19.552969',b'994.9933',b'154.2245',b'-129.08507',b'981.96466',b'153.515',b'-138.33714',b'1035.8097',b'209.92189',b'103.92083',b'927.2401',b'203.41092',b'31.553907',b'1095.8741',b'268.74957',b'19.241709',b'873.27313',b'250.52365',b'-145.07172',b'1112.3945',b'186.37805',b'-168.72655',b'885.8684',b'161.23941',b'-421.7143',b'1119.1866',b'164.64642',b'-207.9181',b'886.01044',b'142.35916',b'-472.5966',b'1112.3472',b'160.73584',b'-195.82925',b'894.42725',b'141.65314',b'-463.4149',b'1108.417',b'168.04996',b'-170.05315',b'897.2729',b'146.39326',b'-424.26108',b'1030.0907',b'388.62524',b'7.9255304',b'970.0025',b'389.56552',b'-7.7086725',b'1027.8379',b'521.0176',b'-26.229322',b'982.9565',b'520.2279',b'-55.308395',b'1014.74005',b'659.3411',b'80.69151',b'992.77026',b'660.3223',b'59.400757',b'1004.89435',b'680.7356',b'83.91528',b'988.98376',b'679.9505',b'64.18714',b'1032.076',b'688.3785',b'-55.85822',b'994.603',b'694.73444',b'-82.09135'
image_004.jpg,b'1000.5818',b'112.83119',b'-273.0504',b'1001.15375',b'103.61693',b'-244.02309',b'1003.8551',b'104.05277',b'-244.10548',b'1006.43256',b'104.54429',b'-244.17343',b'990.7163',b'103.58591',b'-253.84134',b'985.6944',b'104.24332',b'-253.81934',b'980.42267',b'105.14231',b'-253.87677',b'1004.5594',b'110.97274',b'-72.02444',b'965.3176',b'113.054565',b'-122.084496',b'1006.1404',b'127.379875',b'-207.69049',b'992.19635',b'127.41128',b'-222.19037',b'1042.657',b'186.08678',b'42.863285',b'933.18164',b'179.0266',b'-53.014076',b'1079.1567',b'269.92532',b'-40.50485',b'884.46643',b'254.50931',b'-218.95856',b'1108.2638',b'191.49408',b'-293.39258',b'881.21857',b'165.73611',b'-541.79034',b'1114.9426',b'173.10179',b'-345.2436',b'880.39075',b'146.48691',b'-601.1611',b'1112.1466',b'167.10754',b'-342.01242',b'885.5512',b'140.46031',b'-607.7954',b'1108.3169',b'171.90787',b'-299.92987',b'889.2669',b'146.44568',b'-552.068',b'1037.5558',b'367.02603',b'19.314617',b'977.24005',b'369.20926',b'-19.094713',b'1029.0732',b'499.45325',b'0.774522',b'982.65094',b'498.93594',b'-57.112946',b'1020.3242',b'631.27484',b'155.94827',b'994.52936',b'634.27875',b'113.25964',b'1009.9325',b'652.81305',b'164.24075',b'991.1852',b'652.8241',b'124.42378',b'1038.708',b'657.5145',b'32.52451',b'1009.5181',b'671.16376',b'-22.138348'
image_005.jpg,b'993.3729',b'132.43973',b'-169.09714',b'998.7315',b'123.72964',b'-145.09311',b'1002.5053',b'124.39227',b'-145.12021',b'1005.8262',b'125.07984',b'-145.17986',b'987.5384',b'123.84015',b'-150.36172',b'983.40295',b'124.53969',b'-150.34879',b'979.6705',b'125.34458',b'-150.38564',b'1008.2936',b'132.82835',b'-12.604813',b'970.3331',b'133.39548',b'-39.05715',b'1000.67377',b'147.68324',b'-119.51643',b'984.7348',b'147.57204',b'-127.324745',b'1042.0198',b'204.11282',b'63.932926',b'933.79846',b'198.43394',b'-9.515056',b'1098.3815',b'267.13293',b'-41.239166',b'884.5017',b'254.25793',b'-188.9821',b'1112.4976',b'188.1329',b'-221.36499',b'880.2193',b'166.77252',b'-437.0921',b'1118.5251',b'169.14034',b'-256.5706',b'880.509',b'146.11719',b'-481.9066',b'1113.2305',b'163.38672',b'-239.5255',b'889.1667',b'141.79898',b'-476.5047',b'1109.0259',b'169.83345',b'-220.89874',b'891.97986',b'148.64677',b'-441.44672',b'1032.7699',b'388.85327',b'11.507302',b'971.6177',b'386.3628',b'-11.482293',b'1032.5537',b'517.75696',b'7.6133976',b'978.2356',b'516.9742',b'-13.948865',b'1012.76605',b'647.26917',b'130.0274',b'989.00104',b'646.5917',b'112.34031',b'1004.01935',b'665.42065',b'135.73933',b'986.2819',b'667.0968',b'120.04543',b'1015.8567',b'682.7655',b'14.140741',b'980.68976',b'693.379',b'-3.4410534'
image_006.jpg,b'999.9804',b'113.88578',b'-260.5078',b'1000.04517',b'103.90912',b'-229.87863',b'1002.55176',b'104.22957',b'-229.94728',b'1005.00995',b'104.55961',b'-230.04689',b'990.375',b'103.85067',b'-243.57474',b'985.7253',b'104.29478',b'-243.50038',b'980.77386',b'105.008545',b'-243.55408',b'1004.49133',b'110.865685',b'-41.738438',b'968.4423',b'113.458824',b'-110.88174',b'1006.32153',b'126.87481',b'-188.20872',b'993.60486',b'126.18643',b'-208.18288',b'1040.85',b'183.58134',b'95.35113',b'934.0622',b'176.3193',b'-46.63533',b'1077.301',b'273.07227',b'8.74084',b'882.2624',b'256.46057',b'-240.1734',b'1108.2914',b'189.1567',b'-272.5769',b'882.65326',b'171.26921',b'-571.91833',b'1114.3203',b'173.72086',b'-328.3507',b'883.193',b'149.2168',b'-632.8356',b'1108.5695',b'165.88737',b'-324.78958',b'888.22095',b'145.05246',b'-634.8464',b'1104.8961',b'170.60362',b'-279.8291',b'891.50446',b'150.34544',b'-579.2356',b'1040.2255',b'366.81448',b'35.931145',b'976.5016',b'366.44043',b'-35.662857',b'1036.5865',b'506.3591',b'-42.84593',b'983.156',b'501.90668',b'-113.6631',b'1011.6177',b'635.91583',b'149.50844',b'989.7363',b'640.6292',b'106.10893',b'1001.6035',b'661.1555',b'161.89105',b'985.5547',b'659.8534',b'122.58597',b'1044.9568',b'678.1275',b'28.837513',b'997.02905',b'676.5837',b'-31.303665'
image_007.jpg,b'998.88965',b'116.017166',b'-170.67345',b'1001.36206',b'107.33385',b'-142.5587',b'1004.49133',b'108.13735',b'-142.59828',b'1007.3087',b'109.09736',b'-142.69131',b'990.2591',b'107.19543',b'-150.31824',b'984.95044',b'108.081505',b'-150.30144',b'979.89233',b'109.49124',b'-150.32191',b'1006.80884',b'117.5796',b'9.098965',b'967.2604',b'119.49251',b'-28.856792',b'1004.489',b'131.72266',b'-113.81184',b'990.4143',b'131.34047',b'-124.83225',b'1044.4648',b'193.64914',b'96.109535',b'934.2069',b'185.80739',b'8.534347',b'1091.5287',b'267.72504',b'-19.103802',b'887.47546',b'251.92612',b'-168.7702',b'1111.8843',b'187.55539',b'-242.50858',b'883.9491',b'163.46133',b'-443.77597',b'1118.8408',b'170.00693',b'-288.4463',b'884.18646',b'143.43459',b'-496.33777',b'1114.1493',b'164.03752',b'-275.3359',b'890.44257',b'138.85956',b'-495.5773',b'1110.212',b'169.14186',b'-244.88434',b'893.69543',b'145.81773',b'-450.8203',b'1033.7714',b'373.98245',b'13.876406',b'975.4503',b'370.9766',b'-13.74746',b'1024.075',b'507.4526',b'7.6864414',b'980.48267',b'501.72922',b'-19.541832',b'1005.9693',b'632.6689',b'163.31032',b'983.94446',b'633.24884',b'153.09964',b'997.7378',b'649.86365',b'172.59026',b'980.0147',b'652.3889',b'165.26372',b'1013.25977',b'671.17816',b'46.36765',b'988.6938',b'668.09546',b'36.63919'
image_008.jpg,b'988.8501',b'123.61998',b'-172.81116',b'993.8752',b'114.9181',b'-144.68588',b'997.6428',b'115.57887',b'-144.70782',b'1001.1',b'116.49643',b'-144.7709',b'982.2202',b'115.25504',b'-152.00539',b'977.9082',b'116.071304',b'-151.9885',b'973.74536',b'117.1606',b'-152.0356',b'1003.15063',b'124.99611',b'3.1073241',b'962.68604',b'126.69738',b'-34.504707',b'996.3075',b'138.59506',b'-118.082504',b'979.8469',b'137.9696',b'-128.9638',b'1039.3082',b'197.73311',b'87.37124',b'930.02515',b'190.9185',b'-4.2186246',b'1091.7036',b'268.35428',b'-17.29782',b'881.64575',b'249.85063',b'-190.48653',b'1109.0535',b'185.0073',b'-211.20862',b'884.3521',b'162.40048',b'-441.58942',b'1116.161',b'167.96817',b'-250.21487',b'885.34064',b'144.56921',b'-488.85367',b'1110.5182',b'162.70006',b'-234.42844',b'892.18085',b'141.9821',b'-481.53568',b'1106.2379',b'168.12228',b'-211.72244',b'895.25653',b'147.822',b'-444.5962',b'1030.3801',b'378.4723',b'14.518595',b'971.4281',b'376.88895',b'-14.4280815',b'1020.57996',b'510.13043',b'-1.2084045',b'982.04694',b'506.66452',b'-29.19393',b'1008.8776',b'644.47284',b'144.81801',b'986.53827',b'645.94086',b'117.638336',b'1000.64154',b'661.8146',b'153.00781',b'983.17255',b'663.69434',b'126.95991',b'1009.0784',b'679.0246',b'31.00957',b'985.6096',b'678.9732',b'-5.092632'
image_009.jpg,b'1001.4416',b'112.02538',b'-227.80608',b'1002.47076',b'103.397964',b'-198.4836',b'1005.175',b'104.10536',b'-198.51535',b'1007.8695',b'104.84108',b'-198.56715',b'991.1431',b'103.15541',b'-208.91179',b'986.1573',b'103.71613',b'-208.89198',b'980.77563',b'104.581',b'-208.93791',b'1006.0627',b'112.19395',b'-35.200058',b'966.6348',b'113.480644',b'-87.64752',b'1007.1839',b'126.06852',b'-166.81595',b'991.3066',b'126.65425',b'-181.94797',b'1043.2386',b'189.52887',b'69.05852',b'931.8399',b'180.52617',b'-36.019283',b'1082.6688',b'269.08582',b'-21.618912',b'885.54285',b'252.10176',b'-214.50223',b'1108.1655',b'186.55266',b'-250.3987',b'884.0888',b'162.21164',b'-498.0407',b'1116.2538',b'170.01323',b'-294.80353',b'885.42944',b'144.66805',b'-551.1155',b'1112.1785',b'164.17247',b'-285.7995',b'891.2234',b'139.86697',b'-550.2197',b'1107.7',b'168.97844',b'-254.23407',b'893.6667',b'145.30936',b'-504.1955',b'1038.0746',b'366.59238',b'22.169634',b'977.1218',b'366.39987',b'-22.0597',b'1029.7996',b'504.52103',b'9.131121',b'984.1254',b'500.76376',b'-27.536856',b'1015.30176',b'636.40466',b'186.47481',b'987.979',b'635.1051',b'157.82733',b'1006.5454',b'651.0517',b'197.18382',b'985.48224',b'651.4933',b'170.13998',b'1018.08826',b'671.0663',b'64.65356',b'996.373',b'670.0321',b'26.2323'
image_010.jpg,b'999.2417',b'144.27177',b'-278.41138',b'1001.43896',b'134.70816',b'-247.55121',b'1004.26733',b'135.31082',b'-247.60999',b'1007.1447',b'136.09125',b'-247.71266',b'992.07825',b'134.30638',b'-251.23434',b'988.08966',b'134.80891',b'-251.1811',b'983.9645',b'135.47414',b'-251.21423',b'1009.8557',b'145.09906',b'-74.85786',b'973.46423',b'144.9747',b'-96.85545',b'1005.8866',b'159.10075',b'-214.54091',b'992.2403',b'158.57588',b'-221.20009',b'1041.9569',b'214.14746',b'15.474922',b'937.01263',b'211.31235',b'-20.01746',b'1105.4778',b'268.6493',b'-109.39711',b'878.3826',b'253.80219',b'-213.21468',b'1110.8386',b'188.5372',b'-342.69717',b'884.5473',b'161.58032',b'-523.6752',b'1118.1117',b'167.32307',b'-393.90674',b'881.9675',b'142.02776',b'-578.6213',b'1110.2125',b'165.42383',b'-377.6861',b'891.11316',b'139.53772',b'-577.3973',b'1105.0303',b'171.29196',b'-343.175',b'895.15735',b'146.83765',b'-530.96643',b'1034.9003',b'404.82376',b'-5.639554',b'975.88293',b'401.2645',b'5.825575',b'1033.6969',b'534.78345',b'-62.565823',b'982.5466',b'533.49927',b'-1.5398195',b'1013.898',b'662.651',b'65.860176',b'990.7821',b'659.47876',b'189.35205',b'1031.4852',b'699.8767',b'70.22072',b'990.4532',b'684.1077',b'201.40593',b'1054.933',b'714.95905',b'-80.95965',b'979.2304',b'698.4026',b'53.330032'
image_011.jpg,b'995.9704',b'110.37613',b'-303.5605',b'996.0986',b'100.56417',b'-275.5312',b'998.4724',b'100.94133',b'-275.60028',b'1000.81146',b'101.402466',b'-275.66745',b'986.62195',b'100.69102',b'-283.1732',b'981.9923',b'101.07024',b'-283.12122',b'977.6294',b'101.61873',b'-283.1509',b'999.1507',b'106.71298',b'-99.80361',b'965.1615',b'109.39457',b'-139.52553',b'1000.9764',b'122.968475',b'-236.16396',b'988.45496',b'122.483826',b'-247.69893',b'1035.8549',b'178.19548',b'27.78381',b'937.7052',b'176.17488',b'-51.260437',b'1073.3406',b'267.8833',b'-49.73187',b'887.61566',b'253.86105',b'-214.9823',b'1106.0758',b'184.311',b'-306.64185',b'885.28845',b'167.17552',b'-551.56757',b'1114.6125',b'170.86191',b'-358.06842',b'884.9252',b'146.32622',b'-606.6163',b'1110.0139',b'163.23251',b'-356.6258',b'889.2075',b'142.06183',b'-615.56055',b'1105.5225',b'167.24602',b'-313.5371',b'892.84015',b'146.96475',b'-561.9164',b'1036.5178',b'357.66656',b'14.145704',b'979.53107',b'358.44836',b'-13.96207',b'1030.9785',b'495.87866',b'0.53676856',b'986.5529',b'493.6213',b'-29.944729',b'1007.7955',b'625.58777',b'152.02684',b'990.67804',b'627.4304',b'120.17608',b'999.67413',b'644.0019',b'159.67622',b'986.8715',b'651.6448',b'129.12248',b'1015.3894',b'665.1978',b'38.16668',b'993.1526',b'666.115',b'-12.876342'
image_012.jpg,b'1006.4762',b'110.08658',b'-253.38043',b'1004.91705',b'100.800354',b'-222.43288',b'1007.05457',b'101.106834',b'-222.49326',b'1009.25903',b'101.456924',b'-222.6049',b'996.2383',b'100.745186',b'-241.13696',b'991.9001',b'101.28399',b'-241.06345',b'987.48096',b'102.18836',b'-241.12604',b'1006.6525',b'108.46464',b'-36.358864',b'974.0392',b'113.02425',b'-126.58467',b'1012.0094',b'122.97734',b'-181.31024',b'1000.57355',b'123.52718',b'-207.60628',b'1042.4111',b'184.86491',b'99.44526',b'941.5626',b'176.69836',b'-69.370705',b'1079.7961',b'272.68607',b'11.9967375',b'886.48157',b'256.15244',b'-292.35782',b'1108.8339',b'189.37457',b'-263.54224',b'887.3071',b'167.82315',b'-632.65765',b'1114.4141',b'172.3261',b'-315.47324',b'887.1611',b'145.17693',b'-693.4872',b'1109.7434',b'165.2917',b'-308.6692',b'892.49585',b'142.19397',b'-691.11743',b'1105.6309',b'170.38216',b'-269.33917',b'896.69965',b'148.41237',b'-638.48047',b'1050.8351',b'372.70255',b'29.756258',b'988.1274',b'374.0747',b'-29.492638',b'1047.0979',b'521.17847',b'-12.053013',b'991.3691',b'509.06558',b'-62.956696',b'1018.5371',b'646.7832',b'186.66148',b'994.61926',b'649.35425',b'130.0648',b'1017.8794',b'672.379',b'199.79494',b'988.47565',b'667.2831',b'143.61719',b'1054.7142',b'690.7502',b'70.8784',b'1014.06256',b'698.49115',b'-13.250737'
image_014.jpg,b'973.27515',b'151.95746',b'195.60071',b'968.91394',b'144.93939',b'158.9608',b'967.40125',b'145.47942',b'159.0549',b'965.72437',b'146.00435',b'159.05951',b'971.1115',b'144.04875',b'151.04776',b'971.1613',b'144.16359',b'151.08527',b'970.9315',b'144.5217',b'150.99706',b'959.1049',b'151.49881',b'46.65358',b'969.69336',b'152.89293',b'4.7442846',b'970.84283',b'164.72006',b'164.63321',b'972.2611',b'164.03262',b'151.98717',b'913.2413',b'212.14682',b'21.776958',b'1011.8509',b'214.28986',b'-76.017845',b'879.27576',b'231.21344',b'-3.3404145',b'1065.0979',b'264.11703',b'-185.7954',b'938.67',b'159.14075',b'-28.141739',b'1082.5621',b'185.80804',b'-259.89096',b'938.33704',b'133.76935',b'-32.83577',b'1089.6348',b'164.87439',b'-275.65094',b'951.9006',b'128.40775',b'-27.66758',b'1072.1813',b'161.33304',b'-260.63242',b'953.6456',b'139.31734',b'-26.10609',b'1066.9602',b'168.03578',b'-254.22559',b'953.92993',b'405.8571',b'46.06249',b'1005.42676',b'398.90942',b'-46.270927',b'962.30566',b'524.04675',b'170.48135',b'999.5687',b'519.80206',b'3.228952',b'977.13086',b'651.64685',b'159.93103',b'991.33905',b'659.5561',b'-42.162643',b'973.42975',b'670.9985',b'158.02493',b'986.1918',b'678.7415',b'-46.436913',b'990.839',b'674.32764',b'104.936264',b'1009.5575',b'684.5842',b'-116.1477'
image_015.jpg,b'969.5342',b'144.7294',b'59.594723',b'964.20605',b'136.91705',b'22.87686',b'962.0952',b'137.3341',b'22.92826',b'959.6323',b'137.62236',b'22.911833',b'968.7196',b'136.49',b'19.609135',b'969.9051',b'136.79813',b'19.607048',b'970.928',b'137.16512',b'19.514212',b'952.2075',b'144.27136',b'-79.67474',b'972.671',b'146.07872',b'-100.76862',b'967.84735',b'156.31747',b'32.894825',b'971.75775',b'156.83199',b'26.138725',b'928.8049',b'220.06622',b'-105.51563',b'998.1665',b'212.82828',b'-134.19855',b'891.3286',b'235.85751',b'-145.28065',b'994.85',b'238.25015',b'-338.94345',b'992.79736',b'178.21802',b'-210.83858',b'1074.8087',b'189.95473',b'-595.3789',b'999.0496',b'157.1751',b'-236.06325',b'1083.4651',b'168.28236',b'-642.3092',b'1010.66595',b'149.33609',b'-238.58264',b'1072.923',b'164.83046',b'-628.79614',b'1010.68634',b'158.69229',b'-214.08337',b'1054.9774',b'170.14832',b'-596.30273',b'947.6267',b'419.156',b'-3.0109875',b'988.01276',b'411.8496',b'2.860107',b'958.60724',b'538.54443',b'218.02208',b'990.6951',b'530.42065',b'168.16595',b'979.2483',b'663.2317',b'306.48474',b'988.00024',b'665.07495',b'245.29424',b'978.68933',b'683.41327',b'313.92108',b'990.2166',b'686.4522',b'252.42577',b'981.02637',b'687.6356',b'242.65555',b'990.24615',b'690.5049',b'166.66173'
image_016.jpg,b'971.95496',b'148.56178',b'62.87578',b'965.64734',b'141.13345',b'30.85543',b'964.0206',b'141.18373',b'30.934847',b'962.3702',b'141.06564',b'30.917154',b'969.2894',b'141.54712',b'20.779606',b'970.1333',b'142.10135',b'20.752186',b'970.9356',b'142.56943',b'20.616121',b'955.08813',b'144.76265',b'-54.335274',b'967.69867',b'146.94261',b'-105.34676',b'972.155',b'158.4113',b'42.01086',b'976.0809',b'159.96277',b'26.970255',b'920.07434',b'199.4616',b'-29.993462',b'991.5292',b'207.74138',b'-155.26671',b'994.01514',b'262.3449',b'-51.19814',b'922.45764',b'234.72073',b'-289.46594',b'1021.20337',b'177.03773',b'-123.0166',b'931.2624',b'159.08101',b'-425.747',b'1057.5576',b'165.0099',b'-135.07214',b'931.4131',b'142.57912',b'-453.73947',b'1049.7506',b'160.4381',b'-134.46858',b'940.84045',b'143.45694',b'-448.5811',b'1051.0751',b'168.07681',b'-124.19784',b'943.1544',b'148.67711',b'-426.89404',b'959.4158',b'415.4444',b'49.082794',b'1001.37714',b'407.44778',b'-49.208706',b'958.4018',b'525.53925',b'274.9059',b'1001.9467',b'520.5639',b'94.58046',b'976.89197',b'655.8615',b'319.18387',b'999.8269',b'661.93756',b'98.210625',b'977.14185',b'670.9779',b'321.8884',b'996.38525',b'678.48663',b'98.54545',b'981.251',b'679.24835',b'256.97556',b'1006.99884',b'690.2223',b'12.573571'
image_017.jpg,b'988.0163',b'152.31174',b'-252.22733',b'989.785',b'143.14197',b'-223.51486',b'992.03467',b'143.03459',b'-223.56938',b'994.1774',b'142.8834',b'-223.70795',b'981.9834',b'143.65112',b'-253.25272',b'979.1271',b'144.01231',b'-253.21713',b'976.1078',b'144.42',b'-253.30118',b'994.4365',b'146.89417',b'-29.99723',b'969.4495',b'149.92618',b'-167.02733',b'993.77234',b'162.4949',b'-173.47359',b'983.12964',b'162.20816',b'-213.10602',b'1030.0194',b'207.20071',b'113.08148',b'943.1821',b'201.17807',b'-171.1401',b'1063.1697',b'263.6887',b'-22.222637',b'883.0625',b'242.1498',b'-491.77975',b'1091.8809',b'190.1017',b'-327.40338',b'904.1045',b'158.34549',b'-802.08984',b'1097.8016',b'171.14886',b'-378.18588',b'906.77655',b'142.09631',b'-872.4522',b'1092.7719',b'168.29144',b'-383.26294',b'912.4243',b'141.82724',b'-855.70557',b'1086.9132',b'174.72575',b'-339.68295',b'914.60724',b'149.05573',b'-802.4343',b'1045.3939',b'429.27887',b'67.479485',b'1011.2351',b'420.28094',b'-67.38582',b'1051.0404',b'596.15454',b'-4.553839',b'1035.9738',b'570.6363',b'-106.35515',b'1046.2852',b'665.65686',b'386.79935',b'1023.6889',b'596.89874',b'275.62946',b'1041.416',b'671.3013',b'423.02435',b'1020.7806',b'595.93695',b'314.66882',b'1065.681',b'699.52686',b'346.27734',b'1021.37915',b'624.4163',b'238.26642'
image_018.jpg,b'986.07855',b'165.11731',b'-186.26575',b'987.48285',b'154.29085',b'-169.30121',b'988.59076',b'153.7246',b'-169.33975',b'989.50757',b'153.00957',b'-169.49086',b'983.72565',b'154.76039',b'-174.64868',b'982.44965',b'154.74614',b'-174.63103',b'981.0816',b'154.68266',b'-174.69388',b'988.94543',b'151.7993',b'-39.156376',b'979.72894',b'156.8156',b'-64.7863',b'988.7001',b'173.9404',b'-131.53693',b'983.7009',b'174.65662',b'-139.40881',b'1020.88293',b'212.03519',b'3.5818088',b'967.6041',b'222.22163',b'-6.0138144',b'1038.1753',b'257.24213',b'-145.25488',b'901.1667',b'235.16867',b'-315.15314',b'1058.6119',b'177.60184',b'-332.4812',b'917.10474',b'159.06775',b'-677.00977',b'1085.5295',b'171.51',b'-376.2917',b'935.2591',b'146.53584',b'-729.1118',b'1082.0775',b'169.10643',b'-361.5685',b'941.9212',b'148.34131',b'-714.8108',b'1080.7047',b'173.38538',b'-331.5679',b'944.6186',b'154.18019',b'-679.0539',b'1026.2875',b'438.08707',b'-29.95105',b'1011.38074',b'446.60455',b'29.796526',b'1018.90204',b'598.8696',b'-70.42288',b'1047.6005',b'607.67566',b'35.754044',b'1041.5785',b'619.54486',b'270.09543',b'1047.7737',b'634.6844',b'337.2636',b'1041.9755',b'619.64136',b'306.88324',b'1046.0785',b'640.3817',b'374.75122',b'1055.475',b'634.5037',b'306.60974',b'1045.5591',b'644.5589',b'368.39722'
image_019.jpg,b'982.0748',b'161.05576',b'-338.66968',b'986.57825',b'149.683',b'-306.5156',b'989.76575',b'149.01598',b'-306.5824',b'992.7046',b'148.32944',b'-306.77945',b'977.2948',b'151.47763',b'-328.62894',b'974.202',b'152.07353',b'-328.53583',b'971.2776',b'152.4466',b'-328.57806',b'994.24207',b'149.93396',b'-93.208115',b'965.2224',b'156.11719',b'-192.6164',b'989.56396',b'172.4798',b'-252.82777',b'978.5566',b'174.44695',b'-281.83566',b'1048.5492',b'211.66649',b'33.084496',b'935.12384',b'205.94022',b'-171.91647',b'1084.5304',b'268.6385',b'-170.80241',b'885.39703',b'237.72221',b'-539.7251',b'1098.2585',b'186.98859',b'-517.18713',b'904.23566',b'155.71083',b'-906.5471',b'1100.0261',b'169.76819',b'-586.4506',b'905.02856',b'136.70038',b'-986.9323',b'1094.5128',b'168.17255',b'-574.6479',b'914.3829',b'136.7506',b'-966.6993',b'1092.9034',b'174.11916',b'-525.1911',b'917.0754',b'144.23022',b'-908.1329',b'1040.4785',b'436.0025',b'15.331085',b'1007.0364',b'439.21246',b'-15.200778',b'1059.356',b'625.58514',b'-119.58216',b'1018.6195',b'614.128',b'-42.73183',b'1059.4932',b'670.28',b'436.16306',b'1027.8075',b'655.3992',b'435.3875',b'1054.8718',b'670.59875',b'491.86707',b'1026.9226',b'658.2334',b'485.8096',b'1075.1235',b'702.1012',b'441.25058',b'1033.9829',b'685.89386',b'417.83972'
image_020.jpg,b'982.52655',b'149.21484',b'-119.873085',b'980.13257',b'141.46298',b'-91.39992',b'981.4715',b'141.53618',b'-91.37161',b'982.8114',b'141.59875',b'-91.40538',b'974.3786',b'141.69579',b'-109.9551',b'971.6761',b'142.10962',b'-109.97203',b'969.1356',b'142.60458',b'-110.10122',b'981.10315',b'147.90942',b'47.021034',b'959.69366',b'151.31429',b'-37.17954',b'985.99133',b'160.53462',b'-67.80486',b'978.7673',b'161.4477',b'-92.37579',b'1025.31',b'215.64627',b'165.79457',b'934.51465',b'217.30177',b'-50.001293',b'1090.2269',b'265.97122',b'144.97389',b'872.48944',b'250.6474',b'-236.55235',b'1083.6632',b'185.37628',b'31.981226',b'889.4861',b'161.9829',b'-426.16043',b'1085.3711',b'165.172',b'19.075953',b'886.3827',b'142.06976',b'-467.8165',b'1079.7042',b'163.86154',b'27.04612',b'894.4821',b'139.81668',b'-446.83054',b'1077.0657',b'170.3618',b'31.127514',b'898.82587',b'147.77538',b'-421.94135',b'1021.7449',b'383.5189',b'69.41026',b'980.46533',b'382.5094',b'-69.454735',b'1016.9721',b'523.88153',b'47.565098',b'994.0781',b'526.5889',b'-94.2541',b'1004.87',b'655.24554',b'143.40482',b'989.2371',b'661.9616',b'-3.0708656',b'996.7344',b'670.8895',b'145.67705',b'982.8093',b'677.5003',b'-1.0807576',b'1035.2377',b'693.77386',b'17.697306',b'1019.7494',b'700.5575',b'-148.47243'
image_021.jpg,b'983.72943',b'134.87917',b'-169.98248',b'982.3763',b'127.19738',b'-139.08066',b'984.25916',b'127.54657',b'-139.04549',b'986.0305',b'128.00867',b'-139.05167',b'975.09375',b'127.706985',b'-156.62294',b'971.7046',b'128.66853',b'-156.63037',b'968.12164',b'129.84691',b'-156.74014',b'986.1409',b'136.17068',b'23.460958',b'957.68646',b'140.60065',b'-58.87748',b'989.3627',b'146.8305',b'-108.54858',b'979.76715',b'146.91426',b'-132.57169',b'1027.8652',b'202.9701',b'163.591',b'933.7208',b'203.65213',b'-62.54299',b'1084.3413',b'269.40323',b'96.927635',b'872.5255',b'250.73253',b'-264.63293',b'1086.6066',b'188.83522',b'-116.72741',b'888.56836',b'154.80444',b'-502.70932',b'1088.0778',b'167.50098',b'-145.7757',b'886.62366',b'136.96631',b'-553.011',b'1083.5366',b'164.03354',b'-141.91133',b'892.845',b'135.51515',b'-534.5842',b'1081.3987',b'169.92422',b'-122.00007',b'896.8953',b'142.94492',b'-499.7829',b'1033.204',b'365.8803',b'72.24915',b'975.2715',b'365.89026',b'-72.261856',b'1027.6132',b'509.128',b'49.333366',b'981.3459',b'512.85455',b'-133.72546',b'1010.2904',b'642.5231',b'140.479',b'990.4413',b'652.15045',b'-35.441147',b'1001.8911',b'660.3011',b'141.34683',b'984.38367',b'670.8392',b'-32.288364',b'1050.5704',b'681.1503',b'9.309538',b'1024.8994',b'684.4942',b'-192.55173'
image_022.jpg,b'988.26117',b'160.35062',b'-159.51028',b'987.3698',b'150.39423',b'-126.96004',b'989.1132',b'150.46516',b'-126.92027',b'990.8622',b'150.57286',b'-126.920845',b'979.74664',b'149.96599',b'-149.71667',b'975.89514',b'149.93518',b'-149.72856',b'972.079',b'149.98714',b'-149.83423',b'988.5752',b'155.93256',b'34.19724',b'959.9703',b'157.31613',b'-71.51499',b'992.35406',b'172.374',b'-98.969025',b'982.70496',b'171.77705',b'-129.76442',b'1025.2778',b'223.57484',b'162.70056',b'930.40485',b'227.05798',b'-82.531364',b'1087.9174',b'267.36356',b'93.58232',b'870.5022',b'248.39633',b'-294.85043',b'1081.2786',b'188.97414',b'-97.4001',b'891.1989',b'162.11018',b'-514.4642',b'1082.1816',b'169.21014',b'-123.46772',b'890.6115',b'143.63931',b'-564.97253',b'1075.6208',b'167.65771',b'-113.70891',b'898.0139',b'142.31438',b'-540.87866',b'1072.6328',b'173.45734',b'-99.83254',b'901.417',b'149.40169',b'-508.98428',b'1032.001',b'393.46698',b'78.004845',b'975.607',b'392.6332',b'-77.99146',b'1029.7135',b'528.1982',b'43.819817',b'983.89435',b'532.2718',b'-121.4241',b'1009.28613',b'663.5872',b'137.3865',b'988.9675',b'671.1611',b'-31.86508',b'999.28174',b'679.5428',b'138.78429',b'985.7095',b'686.3626',b'-31.106659',b'1043.9974',b'704.6076',b'4.12695',b'1025.5468',b'709.9892',b'-191.88908'
image_023.jpg,b'983.93933',b'131.13396',b'-136.8686',b'981.6371',b'123.085556',b'-109.567024',b'983.4297',b'123.171616',b'-109.53191',b'985.09094',b'123.425476',b'-109.51927',b'974.4842',b'124.23825',b'-128.2163',b'971.0699',b'125.24243',b'-128.24054',b'967.55426',b'126.32835',b'-128.3872',b'983.4873',b'131.61836',b'32.6625',b'957.04895',b'136.68256',b'-53.509167',b'989.84656',b'141.94614',b'-83.05993',b'980.5165',b'142.32361',b'-108.1435',b'1028.2053',b'198.24219',b'149.44653',b'934.08276',b'199.73636',b'-70.16882',b'1081.3015',b'271.27118',b'57.371956',b'875.7364',b'252.9553',b'-269.26718',b'1085.932',b'188.5565',b'-173.60916',b'883.37463',b'160.30225',b'-494.23782',b'1086.7776',b'167.85764',b'-206.16301',b'881.9092',b'141.40889',b'-541.9748',b'1083.2018',b'162.20462',b'-198.79095',b'888.6919',b'137.17819',b'-529.1204',b'1081.359',b'169.65521',b'-178.40538',b'892.5078',b'144.38103',b'-493.34583',b'1035.9312',b'365.34537',b'62.781044',b'978.941',b'364.65533',b'-62.781914',b'1033.6161',b'505.53293',b'56.386814',b'994.3519',b'508.3151',b'-130.08913',b'1010.2082',b'640.08704',b'133.73769',b'996.63586',b'649.08075',b'-48.421127',b'1000.34064',b'657.5192',b'133.08035',b'989.3093',b'667.3585',b'-47.17236',b'1045.3135',b'682.5475',b'-0.5058018',b'1027.6598',b'686.8501',b'-206.30685'
image_024.jpg,b'978.30414',b'131.1839',b'63.637318',b'974.35767',b'124.57009',b'67.532524',b'974.74023',b'124.62487',b'67.62658',b'975.0984',b'124.67486',b'67.60366',b'972.31647',b'125.26542',b'46.026333',b'971.20996',b'125.9086',b'46.002495',b'970.0703',b'126.5692',b'45.863827',b'973.3497',b'132.53127',b'101.77528',b'966.6211',b'135.26936',b'2.8476155',b'982.50964',b'141.47015',b'80.51376',b'979.2691',b'141.63264',b'51.97412',b'1000.36285',b'196.79576',b'183.18037',b'968.9608',b'193.57657',b'-57.34306',b'1069.1765',b'267.3714',b'114.09789',b'882.7445',b'252.0521',b'-193.23178',b'1082.0873',b'189.25241',b'-39.168747',b'888.8752',b'162.13573',b'-295.283',b'1081.1509',b'170.51111',b'-51.68242',b'891.41504',b'141.79152',b'-316.5898',b'1079.1241',b'163.63254',b'-43.204315',b'896.77576',b'138.43306',b'-304.16058',b'1076.9106',b'171.0978',b'-40.792034',b'902.08594',b'146.19975',b'-291.42545',b'1000.7873',b'360.57535',b'100.64533',b'1013.8189',b'357.63168',b'-100.72862',b'998.4319',b'500.0815',b'96.3427',b'1020.45544',b'500.08667',b'-133.49898',b'997.6182',b'631.17194',b'127.97346',b'1003.5148',b'638.44446',b'-116.0673',b'989.16907',b'650.18713',b'125.129814',b'993.1318',b'657.4054',b'-117.23648',b'1034.6628',b'674.1258',b'40.12488',b'1039.3589',b'677.0824',b'-217.38246'
image_025.jpg,b'982.6095',b'155.85541',b'-311.1355',b'983.1008',b'145.66905',b'-279.49338',b'986.3656',b'145.59947',b'-279.4592',b'989.39905',b'145.58636',b'-279.46198',b'973.40283',b'145.63594',b'-293.72934',b'969.98474',b'145.68292',b'-293.75818',b'966.6901',b'145.69925',b'-293.87454',b'992.2084',b'150.93245',b'-90.67016',b'960.23016',b'153.44403',b'-157.6707',b'991.47253',b'166.28687',b'-238.05737',b'979.2899',b'166.2858',b'-257.51575',b'1034.6278',b'212.50708',b'83.83037',b'937.97394',b'205.25832',b'-126.511375',b'1087.8173',b'271.31418',b'2.7749653',b'869.31396',b'253.11017',b'-340.14017',b'1095.6382',b'190.06769',b'-243.39877',b'875.38605',b'164.52092',b'-640.244',b'1099.4625',b'170.83759',b'-281.83383',b'874.206',b'145.44388',b'-702.686',b'1093.1615',b'167.7946',b'-276.0641',b'882.6796',b'144.04448',b'-688.28796',b'1089.5852',b'174.0357',b'-249.05185',b'886.9634',b'151.29419',b'-640.44824',b'1032.1584',b'397.27087',b'67.78044',b'975.9003',b'389.23715',b'-67.71638',b'1020.42664',b'524.64526',b'69.73658',b'975.78687',b'524.2162',b'-134.01733',b'1000.24713',b'658.6549',b'248.43404',b'967.58655',b'663.5233',b'48.806915',b'987.6565',b'678.3478',b'258.55322',b'957.2839',b'681.3035',b'59.884666',b'1021.6188',b'694.23157',b'118.20617',b'991.1686',b'698.6342',b'-110.98524'
image_026.jpg,b'981.7457',b'147.23312',b'-333.25107',b'984.6366',b'138.41154',b'-304.23294',b'988.56946',b'138.74815',b'-304.24432',b'992.3771',b'139.32982',b'-304.26837',b'974.41644',b'138.828',b'-310.3237',b'971.1553',b'139.43756',b'-310.31125',b'968.0433',b'140.22493',b'-310.42795',b'996.4796',b'145.92401',b'-122.711006',b'961.93475',b'148.48834',b'-152.8347',b'992.3292',b'158.05362',b'-263.38666',b'978.68384',b'157.6369',b'-272.21768',b'1039.4733',b'206.66148',b'30.150522',b'937.31635',b'196.90887',b'-95.68839',b'1089.9928',b'271.56317',b'-91.4079',b'871.1306',b'250.9657',b'-280.34265',b'1097.1222',b'195.20604',b'-374.09662',b'874.88947',b'169.50893',b'-586.2115',b'1101.5328',b'173.50488',b'-426.0147',b'872.3563',b'150.12177',b'-646.6474',b'1094.9526',b'169.87566',b'-419.01996',b'883.0281',b'148.07726',b'-641.583',b'1090.2344',b'176.35664',b'-379.59357',b'887.82117',b'155.09628',b'-590.7372',b'1034.4227',b'397.02768',b'52.27162',b'976.9043',b'391.29416',b'-52.15765',b'1027.7294',b'518.17706',b'73.22995',b'980.49396',b'518.728',b'-88.32993',b'1004.7549',b'657.82007',b'248.48871',b'976.5514',b'661.61646',b'82.978424',b'993.5162',b'678.1803',b'257.58905',b'967.91003',b'679.47565',b'92.40395',b'1026.5297',b'694.2576',b'109.32107',b'1005.6301',b'695.14215',b'-78.906075'
image_027.jpg,b'986.1626',b'156.4191',b'-266.18295',b'987.7683',b'147.98921',b'-243.84015',b'989.6102',b'148.522',b'-243.85611',b'991.598',b'149.20729',b'-243.8772',b'983.3419',b'147.47939',b'-253.4491',b'981.96533',b'147.68158',b'-253.40666',b'980.5966',b'148.07805',b'-253.50461',b'994.77814',b'155.93439',b'-105.50701',b'978.7412',b'155.27972',b'-149.92526',b'991.078',b'169.36261',b'-212.91885',b'985.00146',b'168.55646',b'-225.80438',b'1038.586',b'218.48106',b'3.0815797',b'942.5154',b'213.95042',b'-110.36698',b'1090.3162',b'271.53653',b'-142.99988',b'867.7596',b'249.35957',b'-290.04425',b'1092.7142',b'192.23473',b'-411.3929',b'874.8165',b'169.68762',b'-511.90436',b'1097.8523',b'173.34746',b'-457.99808',b'873.92505',b'148.779',b'-558.7226',b'1090.2211',b'170.69066',b'-448.8706',b'889.586',b'147.16245',b'-544.1676',b'1085.6002',b'177.3131',b'-416.74258',b'893.2456',b'155.17145',b'-512.147',b'1014.31744',b'418.40103',b'49.260395',b'976.4414',b'412.11224',b'-49.205162',b'1001.7712',b'539.39514',b'97.69078',b'976.4176',b'541.2637',b'-34.017612',b'993.6536',b'677.16345',b'231.82672',b'974.46063',b'681.58484',b'102.186165',b'982.30994',b'697.52124',b'236.80122',b'966.37366',b'701.54407',b'107.368256',b'1015.6736',b'705.5335',b'103.069214',b'994.2406',b'710.4034',b'-45.07524'
image_028.jpg,b'980.9032',b'151.58438',b'-303.37448',b'983.8711',b'141.72174',b'-275.38614',b'986.7143',b'142.0724',b'-275.40747',b'989.5714',b'142.64806',b'-275.42773',b'976.23645',b'142.00514',b'-283.99396',b'973.6772',b'142.59486',b'-283.97852',b'971.26294',b'143.34703',b'-284.09198',b'993.2671',b'149.30646',b'-104.48652',b'968.1864',b'150.84372',b'-145.54643',b'988.48456',b'162.83946',b'-237.63997',b'978.0628',b'162.65723',b'-249.61615',b'1037.3041',b'212.51065',b'34.189266',b'938.9604',b'204.32117',b'-91.12884',b'1089.9727',b'270.43164',b'-81.07494',b'867.4078',b'252.22581',b'-271.01694',b'1093.5139',b'194.58517',b'-349.45886',b'870.8925',b'169.13077',b'-558.101',b'1097.7499',b'174.81639',b'-396.88474',b'869.91956',b'148.74187',b'-612.78876',b'1090.9135',b'171.58966',b'-392.29913',b'880.4731',b'147.35054',b'-607.37854',b'1087.1172',b'177.84079',b'-355.70468',b'883.87946',b'154.18796',b'-562.2955',b'1018.37964',b'408.2411',b'50.343964',b'975.58203',b'401.36737',b'-50.244766',b'1012.68713',b'524.8199',b'82.427574',b'980.8845',b'526.0414',b'-56.35482',b'996.5608',b'664.60364',b'213.80244',b'972.8642',b'668.1601',b'84.218124',b'986.8494',b'685.3967',b'218.05107',b'966.1118',b'687.2121',b'90.1253',b'1017.56195',b'698.2702',b'73.12131',b'994.1884',b'700.82947',b'-74.01062'
image_029.jpg,b'985.8588',b'152.54805',b'214.93217',b'979.8554',b'145.43863',b'171.87437',b'977.6002',b'146.38391',b'171.97845',b'975.38586',b'147.4874',b'171.99232',b'985.6581',b'144.94073',b'169.00917',b'987.37555',b'145.48691',b'169.04175',b'989.1216',b'146.2069',b'168.89795',b'970.18146',b'156.56068',b'35.972054',b'989.7061',b'154.15326',b'21.248274',b'982.9899',b'165.7583',b'175.6666',b'989.8106',b'164.86972',b'170.82422',b'934.1997',b'214.14381',b'29.130175',b'1035.0752',b'215.65971',b'-73.21672',b'869.51935',b'246.17729',b'177.30446',b'1081.3743',b'263.31885',b'9.273755',b'876.25903',b'168.33084',b'359.97336',b'1087.9867',b'186.14983',b'189.19395',b'871.1127',b'148.69928',b'388.55014',b'1094.9052',b'165.9229',b'208.0378',b'885.4138',b'149.19682',b'382.98975',b'1080.9407',b'166.65627',b'209.25653',b'890.6942',b'156.96568',b'363.58124',b'1076.673',b'174.36298',b'196.886',b'983.6057',b'414.2715',b'58.216244',b'1003.2869',b'411.71378',b'-58.398087',b'976.34534',b'537.4351',b'127.16031',b'997.76697',b'533.4168',b'-45.26892',b'984.0614',b'674.2113',b'194.81401',b'987.63794',b'677.32336',b'-38.000233',b'975.829',b'694.6217',b'200.62518',b'978.746',b'698.63306',b'-36.064686',b'994.9925',b'697.9543',b'158.54312',b'1006.3262',b'700.0944',b'-93.93589'
image_030.jpg,b'989.2518',b'153.52478',b'-230.74667',b'990.31964',b'143.5283',b'-212.7475',b'992.2047',b'143.4167',b'-212.7733',b'994.2916',b'143.38916',b'-212.80179',b'985.643',b'143.47571',b'-224.03296',b'984.0607',b'143.43582',b'-224.01561',b'982.413',b'143.60278',b'-224.15901',b'998.1992',b'146.92274',b'-87.327286',b'979.69885',b'149.57237',b'-140.97597',b'994.70465',b'163.19061',b'-179.8494',b'987.79724',b'163.15048',b'-195.56462',b'1037.1957',b'204.52492',b'25.091776',b'942.5009',b'203.46922',b'-106.066734',b'1083.314',b'269.81195',b'-74.61108',b'874.1254',b'254.2923',b'-287.8453',b'1095.4348',b'189.69662',b'-299.18765',b'876.1814',b'173.82513',b'-527.9988',b'1100.627',b'169.62747',b'-335.86554',b'873.9151',b'154.21071',b'-575.5425',b'1095.1768',b'167.41928',b'-327.02734',b'883.9001',b'150.97635',b'-566.64716',b'1091.5336',b'174.71674',b'-303.1856',b'889.5226',b'159.37828',b'-529.8919',b'1021.32465',b'405.39636',b'40.55901',b'983.50226',b'402.98923',b'-40.559402',b'1011.8074',b'517.5527',b'131.27135',b'986.5287',b'517.66614',b'7.8057985',b'995.9698',b'658.1546',b'319.09885',b'977.3606',b'661.7535',b'191.46272',b'983.98645',b'677.8862',b'332.11563',b'968.1279',b'679.42834',b'204.199',b'1017.71826',b'691.5184',b'213.85211',b'999.67676',b'691.6676',b'64.15666'
image_031.jpg,b'969.5488',b'129.5147',b'-158.13841',b'971.6157',b'120.702995',b'-131.50291',b'974.6381',b'120.459564',b'-131.5147',b'977.4383',b'120.372086',b'-131.58362',b'961.6359',b'122.866974',b'-137.77646',b'957.8468',b'124.00242',b'-137.76534',b'954.0194',b'125.288895',b'-137.82715',b'978.8545',b'126.43781',b'13.102586',b'944.0891',b'134.87556',b'-17.554108',b'977.379',b'141.02174',b'-104.158714',b'963.5541',b'144.21461',b'-112.92124',b'1027.1897',b'196.50937',b'113.588554',b'926.4663',b'197.36096',b'3.216113',b'1083.0321',b'266.68976',b'10.681823',b'886.8982',b'249.23697',b'-165.73138',b'1106.6426',b'192.07663',b'-211.53032',b'882.62775',b'166.07639',b'-402.23828',b'1117.6178',b'172.37332',b'-255.71199',b'879.1065',b'145.27875',b'-450.0137',b'1111.8862',b'166.47768',b'-249.39511',b'884.36945',b'142.41826',b'-445.2528',b'1106.6694',b'171.29634',b'-216.73993',b'888.3706',b'148.1079',b'-405.9905',b'1034.6633',b'365.0422',b'37.18925',b'978.23035',b'367.78802',b'-37.06285',b'1036.2286',b'502.6127',b'20.209623',b'984.35645',b'499.7038',b'-58.256847',b'1016.79236',b'627.37115',b'184.59833',b'984.72943',b'634.15234',b'91.047874',b'1006.1291',b'641.66425',b'195.25403',b'978.14624',b'651.475',b'99.93289',b'1034.1542',b'664.1709',b'82.25707',b'1001.6845',b'670.0188',b'-38.812866'
image_032.jpg,b'986.7951',b'110.74132',b'-227.8075',b'985.35004',b'99.9291',b'-198.44472',b'987.62366',b'100.095085',b'-198.53265',b'989.77057',b'100.26712',b'-198.66074',b'976.47986',b'100.26381',b'-213.32195',b'972.0974',b'100.92347',b'-213.23431',b'967.2782',b'101.96895',b'-213.27414',b'986.5529',b'105.342064',b'-18.83613',b'952.7925',b'111.97384',b'-90.688896',b'992.8489',b'122.95853',b'-157.76157',b'980.4853',b'122.99833',b'-178.707',b'1023.20105',b'178.90817',b'114.12912',b'923.6932',b'174.81265',b'-35.945095',b'1072.6813',b'266.79306',b'25.521135',b'887.88',b'251.85974',b'-239.08943',b'1103.6362',b'187.48708',b'-239.47438',b'886.3115',b'167.08643',b'-558.6903',b'1113.9034',b'172.03181',b'-290.19815',b'885.41064',b'146.63678',b'-618.8618',b'1109.8611',b'165.49364',b'-285.0743',b'890.02783',b'142.28314',b'-617.01105',b'1104.9751',b'169.29332',b'-246.30472',b'893.54004',b'147.49124',b'-564.4715',b'1030.8461',b'352.96423',b'27.38514',b'973.8765',b'358.7189',b'-27.066605',b'1030.6846',b'500.47275',b'5.7743',b'987.8812',b'494.52393',b'-40.97966',b'1014.5597',b'630.40564',b'202.06802',b'995.7185',b'630.6867',b'141.76097',b'1006.12335',b'642.5453',b'215.13452',b'993.208',b'652.0864',b'154.86572',b'1037.5431',b'663.8731',b'91.447876',b'999.67566',b'669.77185',b'4.8806133'
image_033.jpg,b'980.8548',b'130.76485',b'-174.98584',b'986.7071',b'121.43221',b'-152.19118',b'990.55457',b'122.00373',b'-152.2359',b'994.0315',b'122.83799',b'-152.29964',b'974.1282',b'121.98785',b'-151.19757',b'969.4439',b'122.91773',b'-151.21094',b'964.6608',b'124.02836',b'-151.1951',b'997.5774',b'130.16962',b'-24.630255',b'957.58136',b'132.21877',b'-20.279486',b'989.4232',b'145.16649',b'-128.00453',b'971.71313',b'146.66905',b'-126.947266',b'1033.0503',b'199.4966',b'45.643578',b'932.802',b'195.71527',b'37.831833',b'1090.0405',b'265.1263',b'-75.019325',b'887.0611',b'253.74074',b'-92.28975',b'1107.2737',b'187.81306',b'-270.3147',b'883.0926',b'162.88321',b'-325.1335',b'1114.9241',b'170.56903',b'-312.96246',b'884.58527',b'141.72713',b'-372.72845',b'1109.8944',b'165.66043',b'-301.2195',b'892.2125',b'138.29102',b'-363.34534',b'1104.7709',b'170.93298',b'-272.10376',b'894.7921',b'146.26764',b'-328.82928',b'1026.8618',b'377.04587',b'-3.905473',b'974.3247',b'379.6808',b'3.9413645',b'1022.1565',b'514.09607',b'-9.176117',b'981.93274',b'512.9099',b'3.1911678',b'1009.7388',b'641.8483',b'123.56389',b'992.5385',b'643.0102',b'134.16095',b'1004.37427',b'661.6552',b'130.21486',b'986.4782',b'657.4535',b'142.323',b'1010.7637',b'675.62897',b'0.35314256',b'986.2826',b'676.34204',b'14.332684'
image_034.jpg,b'994.8936',b'113.1766',b'-207.15729',b'994.68384',b'104.13076',b'-179.26323',b'997.5119',b'104.73338',b'-179.30971',b'1000.28516',b'105.268585',b'-179.37915',b'983.7939',b'104.54258',b'-188.21198',b'978.83',b'105.44065',b'-188.17886',b'973.48035',b'106.67232',b'-188.22218',b'997.014',b'111.42472',b'-23.403904',b'959.3262',b'115.838715',b'-66.65003',b'1000.7857',b'127.21347',b'-148.27406',b'987.1905',b'128.65921',b'-160.7107',b'1036.9551',b'186.38724',b'86.2795',b'933.09',b'181.70866',b'-20.107992',b'1083.9576',b'266.92307',b'0.49337244',b'888.35535',b'250.35635',b'-174.18254',b'1108.2756',b'187.276',b'-225.20052',b'885.25226',b'163.8691',b'-444.53174',b'1115.908',b'170.34135',b'-270.01904',b'883.07117',b'144.8792',b'-496.1324',b'1110.8287',b'164.56064',b'-261.68066',b'889.2566',b'140.57845',b'-495.479',b'1106.6614',b'169.82831',b'-229.44766',b'893.7804',b'146.88007',b'-450.57562',b'1031.4733',b'365.1901',b'29.469934',b'978.4289',b'364.43665',b'-29.333313',b'1027.1931',b'502.53986',b'15.733062',b'982.21643',b'496.2119',b'-55.973293',b'1004.63245',b'634.8252',b'145.07664',b'983.1529',b'630.9526',b'88.79991',b'992.2224',b'652.42206',b'150.54979',b'975.7974',b'651.4033',b'97.32714',b'1012.5264',b'671.697',b'16.352077',b'1003.78467',b'668.55554',b'-45.140068'
image_035.jpg,b'979.0473',b'160.32843',b'-277.4596',b'978.4221',b'151.94733',b'-247.8751',b'980.7405',b'152.40211',b'-247.85666',b'983.06177',b'152.86554',b'-247.85951',b'970.31836',b'151.40562',b'-272.38947',b'966.8844',b'151.66248',b'-272.30923',b'963.3911',b'152.14587',b'-272.4107',b'980.45667',b'157.92957',b'-79.00788',b'952.3985',b'159.68587',b'-191.31648',b'984.20325',b'174.48767',b'-211.67519',b'973.2107',b'173.9597',b'-243.86732',b'1012.0411',b'222.30263',b'51.264057',b'923.8761',b'209.12495',b'-242.43196',b'1082.2009',b'264.7709',b'-85.48482',b'877.305',b'225.71188',b'-528.219',b'1085.8376',b'187.08752',b'-346.11166',b'907.43756',b'153.20456',b'-741.77637',b'1089.7507',b'166.01321',b'-396.6187',b'912.7306',b'143.8229',b'-802.2541',b'1079.6123',b'163.1011',b'-397.48633',b'926.7232',b'145.52106',b'-786.1763',b'1076.2361',b'171.00331',b'-357.29382',b'925.9963',b'148.39409',b'-741.2948',b'995.74536',b'408.4016',b'87.7027',b'969.82495',b'409.46085',b'-87.55175',b'1003.2661',b'525.532',b'67.67943',b'976.8092',b'534.0745',b'-97.395355',b'995.58344',b'663.45807',b'199.26471',b'985.6977',b'666.4083',b'62.517487',b'988.5934',b'678.0774',b'204.0577',b'980.422',b'682.24457',b'69.26364',b'1007.4413',b'689.2488',b'72.71018',b'985.964',b'690.79944',b'-91.2956'
image_036.jpg,b'982.26404',b'160.75838',b'-180.67766',b'977.0025',b'149.69376',b'-179.46725',b'976.08716',b'149.80309',b'-179.44437',b'975.07074',b'149.96614',b'-179.49922',b'976.7633',b'149.64505',b'-203.57225',b'975.62384',b'149.79099',b'-203.47607',b'974.2779',b'150.08443',b'-203.53055',b'968.57983',b'152.54999',b'-109.607666',b'968.2006',b'153.07051',b'-221.05898',b'980.3765',b'171.75635',b'-145.4998',b'980.1887',b'172.87936',b'-177.90132',b'980.28876',b'207.84544',b'-12.634306',b'948.00433',b'202.03249',b'-256.03445',b'1062.0747',b'257.13824',b'-144.4412',b'881.59357',b'235.34032',b'-505.90308',b'1079.5856',b'189.07649',b'-388.09113',b'898.8479',b'158.05345',b'-714.41986',b'1082.051',b'166.90862',b'-431.6913',b'907.3305',b'144.76268',b'-768.4198',b'1077.1294',b'165.59035',b'-430.57333',b'922.5144',b'143.62231',b'-753.56177',b'1074.4706',b'173.17741',b'-397.2566',b'913.4334',b'147.13509',b'-713.7603',b'965.29974',b'409.50882',b'78.89105',b'998.34344',b'404.68558',b'-78.79469',b'976.394',b'527.7808',b'162.2931',b'993.4998',b'528.71747',b'-50.030766',b'981.5858',b'658.5177',b'312.1052',b'989.4082',b'663.98975',b'79.28658',b'976.5138',b'674.18414',b'321.11743',b'983.2319',b'680.286',b'88.77954',b'991.3976',b'686.8612',b'220.60817',b'999.9568',b'698.99225',b'-34.376205'
image_037.jpg,b'980.60406',b'153.15677',b'-97.436714',b'979.6281',b'145.07033',b'-95.9136',b'979.85504',b'145.69809',b'-95.86041',b'980.0797',b'146.3777',b'-95.89693',b'978.68854',b'144.06697',b'-117.67867',b'978.1765',b'144.20406',b'-117.60346',b'977.48975',b'144.63972',b'-117.696106',b'977.6507',b'152.21126',b'-46.05332',b'973.42664',b'152.67532',b'-147.43924',b'981.3501',b'165.71536',b'-73.512596',b'979.103',b'164.60715',b'-102.8414',b'985.50385',b'226.36443',b'29.532724',b'958.5391',b'207.94908',b'-211.87088',b'1069.8262',b'268.4141',b'-146.45587',b'894.9287',b'219.91653',b'-474.9466',b'1077.423',b'189.42915',b'-424.98868',b'913.1029',b'154.2576',b'-691.99225',b'1082.7211',b'168.32281',b'-470.3108',b'914.7709',b'142.3404',b'-745.1647',b'1069.8848',b'165.44058',b'-471.23404',b'936.8016',b'144.17174',b'-728.7944',b'1067.055',b'172.70557',b'-435.74283',b'928.799',b'149.60263',b'-691.70966',b'973.75397',b'413.24265',b'94.003654',b'993.9322',b'407.94257',b'-93.89516',b'981.1139',b'521.9277',b'96.171104',b'997.5934',b'527.36835',b'-112.230774',b'989.73553',b'661.00024',b'192.19002',b'991.30316',b'666.33014',b'-19.36115',b'983.1113',b'676.57385',b'194.29659',b'985.4606',b'682.9969',b'-14.693284',b'1000.2087',b'690.5122',b'85.8294',b'998.49646',b'693.7764',b'-141.16562'
image_038.jpg,b'974.4023',b'142.1456',b'266.14154',b'969.06006',b'134.14977',b'219.79817',b'966.7532',b'134.52277',b'219.85898',b'964.31433',b'134.9951',b'219.8681',b'975.7203',b'134.1742',b'212.73956',b'977.8175',b'134.66049',b'212.76921',b'979.6668',b'135.44469',b'212.62598',b'957.83093',b'138.51033',b'62.32293',b'980.4212',b'141.47818',b'26.395943',b'970.04663',b'152.58304',b'221.06839',b'977.94995',b'153.50862',b'209.67621',b'903.4472',b'187.54814',b'16.517221',b'1020.19135',b'195.95224',b'-65.08344',b'872.0846',b'238.4678',b'128.2768',b'1062.5321',b'264.7127',b'-22.060438',b'881.5033',b'165.96468',b'251.63275',b'1077.1497',b'186.56976',b'127.15746',b'875.3828',b'145.10193',b'274.08908',b'1084.4623',b'166.2772',b'150.38708',b'891.4092',b'144.55515',b'277.83536',b'1070.2661',b'162.23625',b'159.26231',b'893.4916',b'151.26329',b'258.27417',b'1065.2794',b'170.1549',b'138.3366',b'941.7512',b'404.60077',b'35.264595',b'1007.7395',b'399.80948',b'-35.98936',b'956.448',b'514.855',b'235.92',b'1015.8561',b'508.92935',b'139.89674',b'980.545',b'649.81085',b'185.10065',b'1005.677',b'655.83636',b'110.81584',b'981.57764',b'672.89343',b'183.60274',b'1001.84534',b'676.91284',b'114.73014',b'972.87164',b'680.5918',b'154.47955',b'1009.0109',b'686.00726',b'83.2554'
image_039.jpg,b'978.63385',b'146.78403',b'235.56975',b'971.35333',b'135.57066',b'189.06874',b'968.88635',b'135.76169',b'189.14432',b'966.3311',b'136.07349',b'189.16318',b'977.6345',b'135.88368',b'181.92245',b'979.25104',b'136.38663',b'181.95198',b'980.5259',b'137.1153',b'181.88187',b'958.83057',b'140.11482',b'31.714815',b'979.464',b'142.20328',b'-5.6975374',b'974.2797',b'158.83063',b'190.77713',b'981.92035',b'159.30992',b'178.87471',b'909.3363',b'193.98068',b'1.7431407',b'1027.434',b'201.11984',b'-98.51927',b'875.4501',b'235.4652',b'119.526024',b'1067.3152',b'267.2271',b'-12.283804',b'876.8541',b'157.90218',b'251.07065',b'1081.0186',b'185.59018',b'198.66542',b'855.4079',b'131.60085',b'281.7383',b'1088.8872',b'163.19084',b'226.75137',b'880.87506',b'137.37273',b'280.23715',b'1078.3413',b'159.48743',b'240.034',b'887.579',b'142.71669',b'257.2217',b'1072.1661',b'167.43791',b'212.8584',b'940.6033',b'417.90137',b'46.794617',b'1006.7521',b'412.4833',b'-47.693527',b'950.74207',b'525.07996',b'280.64667',b'1004.8359',b'514.071',b'138.51846',b'972.2818',b'657.52515',b'143.1537',b'999.34973',b'658.8254',b'13.936824',b'971.37134',b'679.13544',b'134.16425',b'996.20337',b'679.27264',b'8.622177',b'971.4908',b'690.51184',b'101.33909',b'1012.4548',b'695.69476',b'-30.952932'
image_040.jpg,b'984.4302',b'171.99066',b'-255.2399',b'984.13184',b'161.60005',b'-222.5139',b'985.9228',b'161.27684',b'-222.53258',b'987.87805',b'160.81319',b'-222.58415',b'977.87396',b'161.94844',b'-246.1219',b'975.0382',b'162.0826',b'-246.136',b'972.15753',b'162.149',b'-246.23677',b'987.9607',b'163.61316',b'-38.595173',b'962.76624',b'168.53162',b'-148.55902',b'987.6484',b'181.48006',b'-184.06508',b'979.69885',b'182.1597',b'-215.93549',b'1023.0203',b'227.8627',b'106.5843',b'933.782',b'222.01816',b'-170.00656',b'1082.6682',b'269.0509',b'23.789808',b'876.7635',b'243.39027',b'-454.23657',b'1097.7902',b'184.51009',b'-181.35176',b'890.33746',b'158.33145',b'-725.6363',b'1101.2905',b'167.73903',b'-213.74377',b'891.82227',b'142.47766',b'-790.8624',b'1096.5612',b'166.81624',b'-205.27042',b'903.9509',b'143.07132',b'-768.924',b'1094.1605',b'171.0929',b'-185.35338',b'906.4613',b'149.39767',b'-723.61145',b'1026.3707',b'407.96378',b'82.78192',b'998.0425',b'409.06708',b'-82.79361',b'1031.0582',b'520.55457',b'20.558718',b'1019.92505',b'543.3504',b'-163.9402',b'1023.3733',b'656.8876',b'238.85025',b'1017.9617',b'658.91766',b'67.558945',b'1029.9819',b'677.49835',b'254.13924',b'1010.3032',b'671.73737',b'85.49256',b'1071.7709',b'698.9035',b'129.27827',b'1044.8237',b'712.87695',b'-67.42207'
image_041.jpg,b'974.9881',b'160.37697',b'-214.55325',b'976.27844',b'150.424',b'-183.47357',b'979.4658',b'149.7461',b'-183.52612',b'982.64514',b'149.14764',b'-183.69286',b'967.516',b'152.46243',b'-207.13127',b'964.52954',b'153.06976',b'-207.05794',b'961.198',b'153.70416',b'-207.08994',b'989.2005',b'148.32416',b'23.30534',b'955.75836',b'155.70178',b'-85.98437',b'984.88635',b'168.84456',b'-130.62648',b'973.98755',b'171.38109',b'-162.33969',b'1032.4365',b'198.75053',b'155.16154',b'931.3899',b'199.71825',b'-79.32261',b'1080.6708',b'264.5949',b'15.477819',b'884.0103',b'241.07208',b'-416.93283',b'1097.907',b'187.97809',b'-272.76187',b'911.24176',b'161.45947',b'-753.6498',b'1102.7272',b'170.47983',b'-333.359',b'917.3033',b'148.5363',b'-830.81',b'1096.0433',b'166.46698',b'-329.42926',b'923.8882',b'148.07735',b'-812.6867',b'1092.2543',b'172.75896',b'-281.9866',b'924.0442',b'151.38544',b'-754.77985',b'1041.756',b'405.27835',b'28.906317',b'994.17035',b'410.76657',b'-28.541866',b'1064.0398',b'571.1108',b'-101.059204',b'1017.8374',b'580.1723',b'-117.00422',b'1060.2399',b'660.64136',b'329.32483',b'1019.0126',b'653.08954',b'338.29684',b'1053.6715',b'668.01746',b'370.95465',b'1019.0269',b'658.2024',b'383.2821',b'1078.8995',b'701.6633',b'270.92163',b'1023.2406',b'695.4242',b'274.0381'
image_042.jpg,b'967.38464',b'163.58281',b'-255.9252',b'968.4693',b'153.25223',b'-223.11024',b'970.78284',b'153.20534',b'-223.14458',b'972.8855',b'152.95064',b'-223.24004',b'961.3483',b'153.13643',b'-248.19958',b'958.92487',b'153.41786',b'-248.19286',b'955.9899',b'153.78061',b'-248.31036',b'975.9398',b'153.83214',b'-30.416794',b'952.7967',b'159.2796',b'-145.03563',b'974.5522',b'174.85228',b'-180.32541',b'964.49225',b'175.5868',b'-213.68784',b'1025.3268',b'220.28482',b'94.178154',b'934.1671',b'214.97658',b'-184.99643',b'1066.276',b'258.95554',b'-52.482773',b'876.1164',b'232.07416',b'-548.4528',b'1084.1615',b'188.0864',b'-324.71176',b'906.33215',b'155.60274',b'-846.48',b'1087.3854',b'169.59451',b'-372.11264',b'913.7437',b'143.6974',b'-917.76324',b'1081.0607',b'166.23465',b'-369.2594',b'923.2822',b'146.29042',b'-886.23987',b'1072.0784',b'175.60274',b'-333.18344',b'924.56085',b'152.07426',b'-840.73816',b'1046.251',b'436.2295',b'52.83914',b'1010.99725',b'424.52332',b'-52.81621',b'1051.7528',b'581.76935',b'-60.54299',b'1039.4265',b'585.2693',b'-129.1256',b'1068.3982',b'689.5469',b'290.6751',b'1047.2212',b'659.73535',b'238.18475',b'1065.0244',b'700.49915',b'321.12646',b'1046.4113',b'663.74774',b'272.91708',b'1098.1833',b'734.83484',b'220.10857',b'1052.3906',b'706.4039',b'168.2819'
image_043.jpg,b'988.3871',b'142.77902',b'-298.46832',b'991.65826',b'134.17271',b'-264.2795',b'994.80536',b'134.53706',b'-264.28244',b'997.87775',b'135.10973',b'-264.29965',b'981.92596',b'134.07605',b'-275.0678',b'978.1113',b'134.43523',b'-275.0621',b'974.20215',b'134.96005',b'-275.14557',b'1003.04675',b'143.80977',b'-67.63704',b'966.1003',b'143.17647',b'-120.913124',b'997.1893',b'155.47957',b'-223.97206',b'983.8361',b'154.52248',b'-239.55775',b'1034.653',b'206.88423',b'91.948814',b'932.17163',b'193.6866',b'-80.165245',b'1082.0055',b'271.04028',b'-3.6340547',b'869.17957',b'249.41774',b'-281.0707',b'1096.6766',b'190.97897',b'-262.6461',b'875.2516',b'166.559',b'-586.6042',b'1100.7102',b'172.20872',b'-305.8068',b'870.9889',b'147.61308',b'-647.9437',b'1095.0897',b'169.44057',b'-300.11676',b'879.38153',b'144.32156',b'-641.10364',b'1091.2367',b'175.57921',b'-268.09427',b'884.3322',b'152.10887',b'-590.4401',b'1024.546',b'391.9284',b'61.458744',b'967.6499',b'385.17368',b'-61.38181',b'1022.92',b'516.25775',b'54.090473',b'971.8013',b'515.00977',b'-135.0072',b'1007.3212',b'657.928',b'170.79541',b'970.1672',b'657.84674',b'25.382504',b'994.9301',b'677.04254',b'173.66742',b'962.6787',b'674.57245',b'34.070915',b'1035.2753',b'692.26276',b'20.030046',b'996.3842',b'689.5693',b'-139.6405'
image_044.jpg,b'989.8382',b'150.67403',b'-290.31467',b'992.94604',b'140.47328',b'-261.319',b'995.58276',b'140.47171',b'-261.33197',b'998.2306',b'140.63782',b'-261.37027',b'985.09015',b'140.74034',b'-272.41003',b'982.1559',b'140.95647',b'-272.3821',b'979.16644',b'141.35378',b'-272.463',b'1002.6798',b'147.70549',b'-82.99435',b'974.35675',b'148.11864',b'-137.74638',b'997.4273',b'162.17752',b'-221.47029',b'986.6119',b'161.70374',b'-237.47989',b'1035.4058',b'211.71231',b'62.30255',b'938.49493',b'198.84924',b'-81.537445',b'1087.1172',b'273.09204',b'-24.82472',b'872.6345',b'250.87065',b'-263.6068',b'1097.9434',b'193.76758',b'-271.02332',b'875.0312',b'169.81229',b'-558.5326',b'1101.4011',b'172.73595',b'-313.02844',b'874.45294',b'150.49423',b'-616.1018',b'1095.6139',b'169.91331',b'-309.0606',b'882.48474',b'147.86154',b'-609.0949',b'1091.353',b'176.34888',b'-276.3547',b'886.0379',b'154.41415',b'-562.2477',b'1025.7079',b'394.45447',b'51.761494',b'972.3447',b'384.94168',b'-51.667164',b'1015.6539',b'519.98425',b'75.98789',b'976.17084',b'518.29254',b'-68.5797',b'1000.5392',b'652.80164',b'231.51524',b'971.10925',b'653.8962',b'104.49487',b'987.64105',b'669.1786',b'239.52914',b'962.45294',b'669.376',b'115.13529',b'1024.8229',b'693.04535',b'102.053116',b'998.048',b'691.8658',b'-42.55887'
image_045.jpg,b'992.70734',b'164.16864',b'-288.5593',b'996.90936',b'151.67377',b'-253.84892',b'1000.50305',b'152.04247',b'-253.8121',b'1004.0277',b'152.46124',b'-253.82303',b'984.85986',b'150.4438',b'-267.9566',b'980.3832',b'150.00342',b'-267.92966',b'975.8501',b'149.75307',b'-268.00974',b'1004.55005',b'157.12804',b'-56.133076',b'964.3388',b'154.02744',b'-125.209366',b'999.23047',b'177.25609',b'-213.18759',b'985.0891',b'176.06319',b'-233.26688',b'1032.8599',b'219.72153',b'106.68802',b'926.96027',b'208.01431',b'-84.8411',b'1091.1338',b'271.26672',b'42.16923',b'869.90594',b'254.68213',b'-279.24557',b'1099.9695',b'192.5882',b'-181.54607',b'873.22736',b'165.92307',b'-538.4232',b'1104.2252',b'173.55273',b'-217.97394',b'873.15283',b'148.78194',b'-592.7041',b'1098.4675',b'170.7295',b'-213.96597',b'881.82587',b'146.61804',b'-582.67914',b'1095.4812',b'175.47285',b'-187.55171',b'884.44244',b'151.62677',b'-539.58575',b'1032.3558',b'398.81012',b'66.659386',b'975.2252',b'394.9474',b'-66.53953',b'1026.5396',b'525.1079',b'60.155663',b'983.70654',b'523.4533',b'-134.14268',b'1007.98724',b'664.094',b'195.33054',b'975.5136',b'665.1027',b'17.652628',b'995.5966',b'682.576',b'200.56392',b'966.90344',b'682.22003',b'25.36744',b'1032.3423',b'702.7711',b'54.9946',b'999.1959',b'704.07495',b'-145.5955'
image_046.jpg,b'986.3967',b'160.04207',b'-287.82248',b'990.85156',b'147.58415',b'-254.6543',b'994.8065',b'147.79575',b'-254.64755',b'998.7222',b'148.18298',b'-254.659',b'979.65247',b'147.0532',b'-266.04794',b'975.24066',b'146.97383',b'-266.03195',b'971.1265',b'147.12466',b'-266.1178',b'1001.17896',b'154.19197',b'-64.603195',b'960.9685',b'152.45619',b'-121.397736',b'994.3999',b'173.22122',b'-215.9682',b'978.7548',b'171.89485',b'-232.4603',b'1031.9425',b'215.20601',b'87.46599',b'925.24426',b'204.97975',b'-85.05875',b'1084.579',b'273.3172',b'-6.573882',b'867.1154',b'257.35703',b'-277.27667',b'1096.7623',b'194.01451',b'-265.50644',b'872.3113',b'172.48203',b'-549.67676',b'1101.3121',b'172.01729',b'-309.76025',b'872.056',b'152.82849',b'-609.5126',b'1095.0503',b'168.69853',b'-306.99478',b'880.9197',b'150.55066',b'-599.5062',b'1091.558',b'174.54512',b'-272.79407',b'883.6942',b'156.1073',b'-551.371',b'1027.5425',b'398.9517',b'67.48719',b'968.8989',b'392.59204',b'-67.38841',b'1025.2433',b'520.7378',b'62.137676',b'980.25',b'518.7361',b'-156.18268',b'1008.5822',b'658.7062',b'221.55142',b'973.9448',b'658.3844',b'19.782303',b'996.38477',b'676.69934',b'228.79015',b'965.3563',b'674.1577',b'29.930801',b'1036.7181',b'697.345',b'76.11014',b'1002.1891',b'696.9068',b'-147.02586'
image_047.jpg,b'987.29395',b'146.78506',b'-139.85196',b'991.24396',b'138.5074',b'-113.046715',b'994.47485',b'138.9054',b'-113.023994',b'997.58905',b'139.36859',b'-113.073326',b'981.01984',b'139.13464',b'-119.77054',b'976.9549',b'140.11774',b'-119.76813',b'972.98987',b'141.1553',b'-119.79567',b'998.9985',b'147.07516',b'24.62713',b'963.702',b'148.85345',b'-7.785911',b'994.3132',b'160.83357',b'-88.85137',b'980.57794',b'161.27844',b'-98.29009',b'1035.1278',b'214.68848',b'106.53803',b'932.06445',b'212.49234',b'-0.56013894',b'1105.1575',b'267.62402',b'4.8848867',b'878.1323',b'249.7066',b'-192.85143',b'1115.2723',b'183.96303',b'-167.79048',b'886.8917',b'162.84503',b'-417.7686',b'1120.6707',b'165.4103',b'-201.39279',b'884.5615',b'142.2602',b'-462.59756',b'1112.2083',b'161.08069',b'-183.88702',b'893.9751',b'142.2506',b'-447.1449',b'1108.0181',b'166.8801',b'-166.6191',b'897.96454',b'149.04932',b'-417.04807',b'1034.8052',b'397.17587',b'30.552849',b'977.8283',b'393.95358',b'-30.650751',b'1033.4362',b'530.7369',b'14.964196',b'985.6184',b'528.8699',b'-42.288876',b'1014.892',b'661.0051',b'142.58333',b'988.89703',b'662.1345',b'85.099045',b'1006.32684',b'677.6625',b'149.05428',b'984.0721',b'680.381',b'91.668465',b'1027.0868',b'695.81616',b'24.038134',b'996.23785',b'697.17535',b'-42.76612'
image_048.jpg,b'999.98145',b'111.813324',b'-118.69024',b'1000.05145',b'105.80565',b'-91.06027',b'1002.69617',b'106.56922',b'-91.07816',b'1005.31995',b'107.49986',b'-91.1346',b'990.32007',b'106.35003',b'-102.76193',b'986.0036',b'107.33797',b'-102.7573',b'981.9834',b'108.4322',b'-102.806816',b'1003.7452',b'118.459366',b'51.13304',b'970.55273',b'120.22036',b'-3.3862658',b'1006.41724',b'125.36399',b'-65.95623',b'992.35223',b'125.14526',b'-81.74307',b'1040.7913',b'194.98123',b'144.98291',b'936.4228',b'189.32014',b'0.8362107',b'1093.1375',b'266.73285',b'40.847107',b'887.1255',b'252.36559',b'-173.41415',b'1111.9204',b'182.87575',b'-160.6074',b'883.84766',b'164.3856',b'-399.72812',b'1120.3889',b'164.66826',b'-198.35439',b'884.6973',b'146.10591',b'-442.0659',b'1113.7953',b'160.10423',b'-181.07455',b'891.73926',b'141.87466',b'-440.81934',b'1108.351',b'166.32922',b'-161.21095',b'894.58746',b'147.12338',b'-404.46262',b'1030.9575',b'372.35043',b'46.93344',b'975.6377',b'372.9432',b'-46.968056',b'1025.213',b'513.9173',b'35.542374',b'982.2574',b'511.03436',b'-56.077698',b'1008.1629',b'650.9684',b'116.83876',b'984.99915',b'651.234',b'47.598064',b'994.6655',b'668.4731',b'118.06174',b'975.8029',b'672.4544',b'51.408634',b'1025.2474',b'683.51666',b'-2.5476644',b'1004.5969',b'683.1101',b'-83.091034'
image_049.jpg,b'990.8408',b'125.01824',b'-121.6924',b'995.5321',b'115.69983',b'-94.28193',b'998.8538',b'115.99224',b'-94.27934',b'1001.9125',b'116.59261',b'-94.3386',b'984.31323',b'116.798935',b'-100.56377',b'979.6446',b'117.84366',b'-100.53877',b'975.20557',b'119.07305',b'-100.5524',b'1004.7669',b'125.19576',b'49.158928',b'964.76294',b'128.47215',b'18.669312',b'997.84894',b'139.33461',b'-68.256004',b'983.24396',b'140.30121',b'-77.12418',b'1041.4291',b'197.98016',b'132.7967',b'932.7213',b'192.64423',b'44.13308',b'1093.4944',b'267.45322',b'21.532597',b'880.78076',b'250.60918',b'-122.98712',b'1111.064',b'186.73372',b'-193.11562',b'882.52374',b'166.00562',b'-368.72467',b'1119.5321',b'169.74142',b'-237.16998',b'881.2333',b'148.76193',b'-415.8945',b'1112.2567',b'163.09398',b'-224.36761',b'890.7361',b'143.69379',b'-410.72092',b'1106.9188',b'168.58513',b'-195.27109',b'894.42554',b'149.14557',b'-372.7292',b'1035.9464',b'372.32544',b'25.777027',b'976.12555',b'371.84113',b'-25.76611',b'1032.7856',b'511.45068',b'8.846827',b'982.29346',b'506.93835',b'-38.368206',b'1011.58826',b'650.18933',b'103.01546',b'984.578',b'648.18427',b'73.92168',b'1001.54065',b'666.8813',b'105.401',b'980.949',b'667.974',b'78.67767',b'1019.2103',b'694.1431',b'-35.18202',b'994.1544',b'682.7261',b'-61.46051'
image_050.jpg,b'991.5216',b'93.4907',b'-284.9933',b'991.15436',b'84.06166',b'-256.80258',b'993.6994',b'84.74595',b'-256.86563',b'996.08484',b'85.41868',b'-256.92334',b'981.3587',b'83.50429',b'-269.1599',b'976.4817',b'83.909164',b'-269.1062',b'971.3729',b'84.552505',b'-269.15805',b'994.37555',b'92.655495',b'-87.96759',b'957.57733',b'92.575',b'-151.4462',b'997.2923',b'108.210976',b'-220.51505',b'984.03754',b'107.56567',b'-238.78322',b'1024.7166',b'172.58224',b'39.525',b'925.8537',b'164.33662',b'-79.38954',b'1058.0922',b'267.72308',b'7.807844',b'879.12103',b'248.52686',b'-247.02547',b'1098.8586',b'192.71567',b'-223.213',b'883.2734',b'165.07674',b'-571.8105',b'1110.4623',b'176.12407',b'-266.18817',b'884.6773',b'147.32623',b'-626.61945',b'1107.837',b'168.07774',b'-271.77945',b'888.9414',b'140.92249',b'-626.9262',b'1102.3429',b'171.45317',b'-232.24718',b'892.2889',b'145.48294',b'-578.1851',b'1034.2179',b'346.89297',b'23.155209',b'980.1726',b'350.99075',b'-22.975727',b'1022.3214',b'484.32953',b'16.308447',b'985.2497',b'477.8829',b'-57.97143',b'999.78687',b'597.86145',b'222.81339',b'986.6536',b'597.12683',b'132.03674',b'990.364',b'615.7735',b'237.28847',b'978.69116',b'615.775',b'146.14917',b'1011.86005',b'628.8747',b'127.013695',b'989.1389',b'634.84204',b'9.3506565'
image_051.jpg,b'956.7633',b'142.1476',b'-187.82927',b'955.10345',b'138.73364',b'-159.29227',b'956.04486',b'139.64922',b'-159.29636',b'956.6272',b'140.7544',b'-159.32533',b'951.10016',b'138.86897',b'-191.67767',b'949.2634',b'139.83905',b'-191.64879',b'947.45044',b'140.98431',b'-191.77675',b'951.23676',b'151.7526',b'-11.785861',b'938.81854',b'152.18115',b'-160.60608',b'960.08826',b'154.13739',b'-130.63669',b'955.42365',b'153.69766',b'-173.61122',b'984.2815',b'217.77199',b'109.111916',b'904.86646',b'209.46558',b'-242.613',b'1073.9072',b'265.9618',b'15.017015',b'879.56494',b'212.40263',b'-540.626',b'1089.5656',b'185.89369',b'-203.85623',b'897.0945',b'147.81152',b'-753.20386',b'1093.292',b'166.48343',b'-239.0233',b'904.5025',b'137.60376',b'-820.3824',b'1084.0795',b'162.2957',b'-250.72711',b'909.092',b'134.57211',b'-794.2497',b'1081.3367',b'168.5405',b'-218.3425',b'909.3183',b'139.04948',b'-750.061',b'984.48615',b'407.85104',b'106.23401',b'957.5481',b'407.40536',b'-106.15571',b'994.3856',b'532.58093',b'94.47116',b'964.1408',b'536.33765',b'-143.96332',b'995.57623',b'675.1704',b'222.3432',b'982.07166',b'679.9439',b'11.312219',b'989.244',b'694.65424',b'226.23166',b'979.48895',b'698.9875',b'16.375744',b'1028.8728',b'704.98883',b'91.630684',b'1004.18097',b'706.2964',b'-155.20482'
image_052.jpg,b'952.96826',b'141.15332',b'-198.7024',b'949.0892',b'137.11797',b'-182.14627',b'949.0987',b'138.02415',b'-182.11174',b'948.7217',b'139.0919',b'-182.15457',b'947.7444',b'136.89572',b'-213.3703',b'947.22107',b'137.57077',b'-213.33595',b'946.2863',b'138.52168',b'-213.46526',b'945.666',b'150.12283',b'-78.671936',b'941.9889',b'149.92978',b'-220.77716',b'956.61224',b'152.7553',b'-156.40494',b'954.9478',b'152.69656',b'-197.17236',b'989.4524',b'222.68741',b'36.59757',b'926.36304',b'211.22894',b'-307.25946',b'1081.9932',b'263.99295',b'-105.12761',b'881.9393',b'220.30228',b'-610.3897',b'1086.1195',b'182.72095',b'-352.9106',b'896.41125',b'147.62605',b'-831.5566',b'1089.5138',b'162.67801',b'-396.827',b'900.5624',b'134.85349',b'-900.02954',b'1078.3186',b'159.85992',b'-396.09436',b'912.66',b'137.14214',b'-876.3283',b'1075.0875',b'166.45741',b'-363.97443',b'912.09656',b'140.99316',b'-829.80237',b'984.9226',b'410.9527',b'111.43743',b'973.7095',b'405.28363',b'-111.32085',b'992.9298',b'537.8178',b'134.78741',b'978.13696',b'541.3862',b'-132.85097',b'990.2307',b'674.7876',b'295.10776',b'982.7978',b'681.0777',b'19.592619',b'983.4829',b'693.5584',b'301.5769',b'978.79877',b'700.7144',b'24.224232',b'1015.90015',b'706.89856',b'165.68127',b'998.7178',b'712.1196',b'-152.137'
image_053.jpg,b'957.2429',b'156.75099',b'-121.95818',b'954.7138',b'155.2139',b'-115.04317',b'955.13995',b'156.39346',b'-114.99513',b'955.1695',b'157.53574',b'-115.04188',b'952.75946',b'154.72911',b'-138.61115',b'952.1858',b'155.63676',b'-138.5846',b'951.33746',b'156.61327',b'-138.69049',b'954.74457',b'169.87807',b'-56.518173',b'950.7513',b'169.88551',b'-163.9517',b'960.28955',b'167.43184',b'-95.94583',b'958.1119',b'167.73091',b'-126.81822',b'987.13025',b'243.27043',b'29.213955',b'940.65063',b'227.95418',b'-254.68417',b'1080.9525',b'264.99734',b'-153.44183',b'882.1771',b'230.36646',b'-541.46954',b'1084.3153',b'187.94823',b'-409.29382',b'890.66394',b'152.11703',b'-756.0239',b'1088.294',b'166.32922',b'-450.15295',b'891.4583',b'137.09583',b'-814.2713',b'1077.9485',b'165.02798',b'-440.15845',b'900.4826',b'136.86093',b'-793.27954',b'1074.3851',b'172.1767',b'-415.99762',b'903.5262',b'142.44113',b'-755.17114',b'976.18335',b'427.76505',b'96.8933',b'980.59595',b'421.95462',b'-96.9138',b'977.7589',b'553.24915',b'107.04035',b'978.9666',b'552.22797',b'-132.84703',b'981.25433',b'690.10724',b'230.617',b'984.09717',b'696.0551',b'-32.57692',b'972.01196',b'707.054',b'235.54865',b'977.226',b'714.69324',b'-29.817144',b'1006.4251',b'722.0318',b'114.74765',b'1008.2563',b'732.6577',b'-185.4725'
image_054.jpg,b'967.97723',b'150.00786',b'80.42692',b'961.7913',b'142.49092',b'46.705868',b'959.4032',b'142.16669',b'46.7355',b'957.1695',b'141.92534',b'46.719357',b'968.9476',b'144.05339',b'39.172176',b'971.59375',b'144.51926',b'39.244526',b'974.23773',b'144.90974',b'39.170982',b'953.54517',b'149.3257',b'-45.29486',b'974.7655',b'151.22824',b'-84.709526',b'964.1828',b'159.52647',b'57.10476',b'971.8519',b'162.20088',b'45.094097',b'924.0849',b'218.19269',b'-67.90705',b'1000.0516',b'214.80609',b'-139.24252',b'898.5398',b'231.18056',b'-171.99739',b'1026.4722',b'232.00195',b'-308.49332',b'969.9889',b'153.52777',b'-305.5291',b'1061.539',b'171.07332',b'-472.87433',b'972.7163',b'130.50299',b'-335.6327',b'1072.7648',b'157.72795',b'-510.5',b'981.1355',b'125.55625',b'-334.7528',b'1052.3278',b'157.23901',b'-496.24487',b'982.53046',b'136.0987',b'-309.17908',b'1049.5985',b'158.9252',b'-471.20706',b'954.6363',b'419.73187',b'19.563622',b'997.2376',b'413.4432',b'-19.724316',b'964.162',b'537.3056',b'110.42272',b'1004.5025',b'529.2864',b'76.74087',b'987.4221',b'674.08167',b'162.4106',b'1000.1961',b'675.203',b'148.74887',b'986.62787',b'692.3761',b'164.71219',b'998.21515',b'694.4802',b'154.31569',b'989.21484',b'698.98486',b'94.64928',b'1011.7609',b'701.8389',b'78.45141'
image_055.jpg,b'981.9597',b'155.093',b'-179.4549',b'982.51794',b'144.77727',b'-153.78583',b'983.83655',b'145.02783',b'-153.8465',b'984.9646',b'145.19872',b'-154.01602',b'977.491',b'144.18915',b'-168.00703',b'975.52826',b'144.30016',b'-167.96846',b'973.27094',b'144.62921',b'-168.01988',b'986.5545',b'146.30548',b'16.795446',b'970.1572',b'147.85252',b'-51.615158',b'984.9408',b'165.66718',b'-110.903786',b'977.84845',b'165.07755',b'-131.05722',b'1029.6288',b'210.49529',b'94.69945',b'948.2829',b'203.2755',b'-31.256687',b'1056.9501',b'259.21863',b'-39.46874',b'887.19934',b'238.93587',b'-351.53906',b'1050.038',b'183.61264',b'-248.98933',b'911.7785',b'164.65395',b'-696.5674',b'1055.1241',b'161.38396',b'-295.77032',b'916.97986',b'150.20665',b'-760.18396',b'1066.9164',b'169.36638',b'-285.90125',b'919.9506',b'148.95865',b'-745.03705',b'1051.2882',b'178.94414',b'-252.50914',b'920.3845',b'155.342',b'-698.73755',b'1043.3375',b'430.09045',b'-0.8797264',b'1010.8654',b'416.90753',b'0.9730436',b'1047.7917',b'594.8073',b'-128.06506',b'1024.0702',b'586.3572',b'-56.133465',b'1056.7869',b'652.983',b'296.11133',b'1033.8226',b'616.42944',b'371.34842',b'1053.6625',b'656.20056',b'339.56152',b'1034.6344',b'617.43567',b'419.41992',b'1073.0306',b'682.3256',b'305.49033',b'1032.9287',b'641.884',b'400.90955'
image_056.jpg,b'979.1901',b'159.7589',b'-52.996487',b'978.69574',b'155.67369',b'-37.959404',b'979.96594',b'155.68307',b'-37.935593',b'981.2672',b'155.59302',b'-37.955475',b'974.2804',b'156.73575',b'-38.943676',b'972.5707',b'157.5698',b'-38.98476',b'970.84753',b'158.29562',b'-39.07246',b'981.02325',b'161.39278',b'37.816616',b'967.1489',b'166.21822',b'31.593819',b'982.7465',b'169.45831',b'-24.790052',b'977.2535',b'170.99031',b'-26.692135',b'1017.5053',b'227.81355',b'72.53508',b'944.74536',b'222.59839',b'35.135433',b'1075.4637',b'260.335',b'-66.43069',b'882.94165',b'244.34023',b'-143.63834',b'1088.6877',b'183.28526',b'-236.94768',b'898.92676',b'162.65625',b'-335.893',b'1095.0962',b'167.31577',b'-269.05524',b'898.88855',b'147.10985',b'-370.84366',b'1089.9945',b'166.26657',b'-252.00574',b'909.8702',b'146.45415',b'-355.56613',b'1085.8865',b'170.6797',b'-236.06807',b'912.8396',b'152.87674',b'-335.6157',b'1014.9073',b'405.76257',b'4.75484',b'996.0145',b'408.55023',b'-4.752347',b'1004.6885',b'525.12604',b'6.888181',b'1029.2804',b'538.1233',b'-11.656445',b'1007.93207',b'654.7625',b'60.107353',b'1026.9612',b'656.1862',b'58.81683',b'1001.38434',b'677.5853',b'58.874016',b'1021.35876',b'677.2269',b'62.14299',b'1012.234',b'689.64844',b'-47.507378',b'1043.4467',b'695.7099',b'-38.80685'
image_057.jpg,b'984.5466',b'162.0637',b'-251.35886',b'988.24585',b'154.49066',b'-218.52618',b'991.64374',b'154.88492',b'-218.55457',b'994.9197',b'155.29878',b'-218.6321',b'977.4047',b'155.1484',b'-237.84126',b'973.4873',b'155.9987',b'-237.84099',b'969.66956',b'156.72496',b'-237.92073',b'996.95123',b'160.88078',b'-24.282469',b'959.3175',b'163.35596',b'-114.99423',b'992.51733',b'174.02213',b'-176.03513',b'977.89624',b'175.3418',b'-202.5038',b'1029.88',b'222.17581',b'116.39707',b'934.8074',b'216.84883',b'-116.99865',b'1082.3888',b'265.06375',b'-20.566378',b'883.1176',b'237.52242',b'-403.10526',b'1096.3584',b'187.529',b'-287.68182',b'905.1193',b'162.51512',b'-689.8036',b'1099.9698',b'169.0296',b'-330.362',b'904.6378',b'145.74347',b'-753.3064',b'1093.5137',b'166.62868',b'-321.02',b'916.6502',b'147.88536',b'-732.3863',b'1089.6473',b'172.69284',b'-292.32187',b'918.41425',b'153.03458',b'-688.50214',b'1034.2393',b'408.01257',b'60.280346',b'988.23395',b'412.76657',b'-60.082706',b'1058.5195',b'552.84564',b'-51.56543',b'1002.88934',b'528.88947',b'-115.41347',b'1040.9573',b'660.79114',b'69.628426',b'1024.0602',b'657.20734',b'62.929596',b'1030.5242',b'678.2684',b'73.134544',b'1020.15186',b'665.9791',b'73.92316',b'1081.1594',b'736.5163',b'-88.39998',b'1043.304',b'722.4996',b'-87.076195'
image_058.jpg,b'999.54895',b'157.8762',b'-240.90977',b'1001.8102',b'147.81596',b'-211.03642',b'1004.40125',b'147.74634',b'-211.07924',b'1007.0834',b'147.95117',b'-211.16284',b'992.9608',b'149.41292',b'-239.39629',b'989.52094',b'150.38016',b'-239.36635',b'985.64575',b'151.62697',b'-239.47417',b'1009.24414',b'151.21225',b'-15.206779',b'976.6745',b'157.60165',b'-145.34428',b'1005.7749',b'170.52109',b'-161.5498',b'995.7563',b'171.78831',b'-199.27606',b'1043.9318',b'210.43964',b'135.88794',b'943.4707',b'204.73265',b'-162.4528',b'1084.947',b'261.017',b'-7.1923475',b'892.084',b'228.47972',b'-492.54816',b'1093.2815',b'190.35638',b'-329.67105',b'931.90015',b'165.29578',b'-794.6165',b'1094.1469',b'175.15135',b'-386.6149',b'941.1256',b'155.10257',b'-865.32587',b'1087.4061',b'169.68901',b'-386.5116',b'956.8728',b'155.87885',b'-841.3325',b'1086.3689',b'177.27965',b'-340.9214',b'954.1945',b'159.09885',b'-790.4411',b'1056.4379',b'419.8348',b'66.56478',b'1011.8455',b'414.5102',b'-66.37557',b'1069.2422',b'579.5664',b'-23.459312',b'1042.0525',b'576.5307',b'-110.5786',b'1068.7968',b'720.40704',b'192.02695',b'1054.9968',b'701.7476',b'157.65497',b'1051.2091',b'733.087',b'205.92467',b'1052.8367',b'715.9156',b'179.01581',b'1106.2396',b'760.1708',b'59.696987',b'1075.8889',b'750.3786',b'29.063715'
image_059.jpg,b'983.42615',b'148.16885',b'-128.43925',b'982.99176',b'139.02174',b'-97.5661',b'985.3601',b'138.90651',b'-97.55287',b'987.6162',b'138.86357',b'-97.57153',b'974.9873',b'139.63411',b'-116.7903',b'971.81854',b'140.08032',b'-116.794075',b'968.81433',b'140.61594',b'-116.92017',b'988.8343',b'144.64137',b'58.75649',b'961.49585',b'148.44125',b'-29.245289',b'989.3896',b'158.42145',b'-69.104256',b'979.64105',b'159.59181',b'-94.70608',b'1025.6743',b'210.57898',b'190.21808',b'937.46173',b'214.92311',b'-36.811047',b'1087.3755',b'268.7926',b'140.11533',b'871.8958',b'255.53088',b'-230.66154',b'1090.1069',b'189.14134',b'-38.943596',b'893.64294',b'159.78322',b'-443.0385',b'1093.939',b'168.85268',b'-60.889755',b'890.4393',b'140.76431',b'-486.57434',b'1088.0723',b'166.70392',b'-55.69646',b'898.2405',b'139.09496',b'-468.41354',b'1084.882',b'172.75041',b'-42.87159',b'902.84424',b'147.40709',b'-439.31396',b'1026.929',b'379.93845',b'79.95398',b'984.7709',b'378.66556',b'-80.00087',b'1022.5535',b'518.7997',b'58.63036',b'998.81604',b'519.5273',b'-122.06387',b'1009.6425',b'651.685',b'127.748505',b'997.0301',b'658.38086',b'-47.515335',b'999.9964',b'668.7698',b'126.72491',b'989.1398',b'674.88354',b'-47.03902',b'1046.4805',b'690.17914',b'-2.361741',b'1033.5023',b'692.1942',b'-200.90501'
image_060.jpg,b'979.3611',b'125.3286',b'-105.87644',b'977.59424',b'119.886536',b'-76.97276',b'979.5566',b'120.0194',b'-76.92573',b'981.5206',b'120.228775',b'-76.91469',b'971.29266',b'121.41861',b'-100.52094',b'968.7926',b'122.64868',b'-100.53525',b'966.278',b'123.88577',b'-100.65486',b'982.6157',b'128.2989',b'70.66765',b'958.8713',b'134.64673',b'-37.40066',b'987.2053',b'135.22777',b'-49.91127',b'978.50397',b'136.22742',b'-81.193855',b'1026.059',b'192.23451',b'207.69075',b'933.80206',b'195.50859',b'-78.71457',b'1075.3942',b'270.53323',b'130.79967',b'876.0045',b'253.22508',b'-300.4362',b'1087.224',b'190.55785',b'-93.34117',b'885.91003',b'160.37761',b'-520.1346',b'1090.4977',b'170.14359',b'-121.64834',b'881.8312',b'142.00684',b'-567.7235',b'1086.6265',b'164.45801',b'-116.7814',b'888.8927',b'138.68022',b'-553.3794',b'1084.3413',b'171.78763',b'-98.47283',b'893.31067',b'145.7306',b'-518.0096',b'1029.9097',b'369.02197',b'105.14484',b'985.03235',b'367.26486',b'-105.315056',b'1025.8116',b'511.10303',b'118.928',b'1005.9359',b'513.1163',b'-137.32831',b'1011.045',b'645.0024',b'203.5252',b'1003.6885',b'652.4567',b'-66.0195',b'1001.28534',b'666.14246',b'204.17598',b'993.0865',b'675.02264',b'-65.312805',b'1064.8551',b'677.80054',b'97.85391',b'1048.1744',b'681.0199',b'-207.76944'
image_061.jpg,b'980.59686',b'140.996',b'99.7962',b'975.5555',b'133.87083',b'93.86795',b'974.3659',b'134.1097',b'93.958565',b'973.2197',b'134.24164',b'93.91845',b'978.3239',b'134.22447',b'69.69614',b'978.934',b'134.8864',b'69.681526',b'979.49927',b'135.54831',b'69.519135',b'969.4932',b'139.25673',b'90.68785',b'977.90784',b'141.28452',b'-20.819496',b'981.06995',b'151.37976',b'104.9665',b'983.62335',b'151.99219',b'72.819916',b'955.6366',b'199.50494',b'149.95998',b'987.99316',b'193.84712',b'-94.33166',b'1010.40027',b'255.8842',b'114.6761',b'911.17896',b'247.16527',b'-198.77397',b'1011.2049',b'177.84311',b'27.543556',b'970.07135',b'159.85141',b'-248.98395',b'1007.6096',b'153.32394',b'18.630033',b'929.963',b'143.90782',b'-265.55344',b'1012.2202',b'146.76662',b'26.55856',b'934.30884',b'142.2085',b'-256.47208',b'1013.4278',b'156.89833',b'27.357258',b'937.917',b'148.34222',b'-244.67534',b'986.8014',b'374.52115',b'102.99089',b'1022.3877',b'367.14996',b'-103.08072',b'996.5784',b'510.50687',b'108.661026',b'1027.5403',b'509.60425',b'-108.99257',b'1006.42236',b'642.911',b'133.36176',b'1014.1228',b'648.0619',b'-71.73929',b'998.5999',b'664.98883',b'130.22333',b'1003.0805',b'669.48157',b'-69.29325',b'1045.9275',b'673.85956',b'56.741234',b'1049.8015',b'678.5565',b'-155.42546'
image_062.jpg,b'982.15405',b'141.43556',b'-291.12177',b'985.2334',b'133.8427',b'-260.93323',b'988.9699',b'134.52122',b'-260.91925',b'992.5151',b'135.48676',b'-260.90637',b'974.98206',b'133.67624',b'-271.83902',b'971.62744',b'134.23943',b'-271.84668',b'968.4225',b'134.99724',b'-271.95877',b'995.9109',b'143.91698',b'-84.614174',b'961.683',b'144.84128',b'-137.78064',b'992.8774',b'153.92612',b'-223.97324',b'979.34064',b'152.3675',b'-239.48146',b'1037.3113',b'207.2233',b'58.94406',b'935.07367',b'199.02615',b'-103.05953',b'1087.8662',b'270.28754',b'-55.27645',b'869.6713',b'252.12039',b'-303.9828',b'1095.8656',b'193.11063',b'-325.77203',b'875.2117',b'169.6741',b'-600.58636',b'1100.3187',b'172.43326',b'-372.80328',b'872.92535',b'149.34',b'-663.2164',b'1093.5735',b'169.36905',b'-363.17618',b'882.3927',b'147.59793',b'-653.5123',b'1089.0281',b'175.32555',b'-330.22586',b'886.6758',b'154.9768',b'-603.09625',b'1031.0037',b'399.325',b'51.714436',b'973.3294',b'394.10486',b'-51.649506',b'1023.8918',b'515.92395',b'98.31165',b'973.25555',b'520.54877',b'-148.30861',b'1004.2082',b'658.40393',b'277.84116',b'972.633',b'663.6828',b'25.48542',b'991.23206',b'677.05286',b'287.65128',b'963.71027',b'680.6304',b'35.95609',b'1031.1152',b'696.14935',b'141.02985',b'1001.1242',b'703.964',b'-137.69827'
image_063.jpg,b'989.734',b'155.30354',b'-222.78806',b'990.43646',b'146.32852',b'-194.572',b'992.75964',b'146.90945',b'-194.57286',b'995.09515',b'147.62503',b'-194.58272',b'982.4927',b'145.128',b'-216.20639',b'979.25775',b'145.01793',b'-216.13759',b'975.996',b'145.1645',b'-216.22736',b'993.30835',b'152.63216',b'-24.266691',b'966.6182',b'152.19203',b'-127.51276',b'994.5876',b'165.79367',b'-155.79001',b'985.14496',b'164.02026',b'-185.50938',b'1030.9213',b'212.89705',b'118.91799',b'928.92303',b'200.54425',b'-105.86638',b'1083.6484',b'274.2487',b'7.124564',b'868.4627',b'261.192',b'-311.03918',b'1095.1007',b'196.75986',b'-295.905',b'876.1019',b'170.41713',b'-577.3283',b'1097.3893',b'176.75656',b'-344.95877',b'873.9106',b'152.1193',b'-631.54224',b'1091.7653',b'173.64833',b'-340.85434',b'883.2096',b'149.61728',b'-619.9119',b'1088.4791',b'179.86728',b'-303.74707',b'887.3955',b'156.32047',b'-577.74493',b'1028.8068',b'397.29373',b'71.661354',b'971.89874',b'392.93588',b'-71.45672',b'1023.70355',b'516.7509',b'76.29628',b'977.3283',b'518.87646',b'-163.42154',b'998.33075',b'660.44073',b'188.6858',b'966.00586',b'663.3266',b'-35.478653',b'986.7594',b'679.1175',b'193.10631',b'956.6449',b'681.4074',b'-27.764896',b'1025.1211',b'697.728',b'71.68219',b'999.8725',b'703.5239',b'-177.47697'
image_064.jpg,b'986.7635',b'151.51831',b'-290.7953',b'987.1046',b'142.25822',b'-260.35666',b'989.78394',b'142.39946',b'-260.31613',b'992.5326',b'142.69142',b'-260.30432',b'978.74567',b'141.73112',b'-283.6561',b'975.4762',b'141.64204',b'-283.63205',b'972.2027',b'141.75267',b'-283.7719',b'994.2394',b'147.1645',b'-71.15723',b'963.85815',b'147.98375',b'-180.86024',b'994.32715',b'160.7519',b'-216.13354',b'983.2166',b'159.85406',b'-247.75706',b'1031.9221',b'207.72897',b'114.859085',b'931.7585',b'197.59976',b'-171.9311',b'1082.1879',b'270.4945',b'69.3673',b'870.43115',b'252.7149',b'-415.06863',b'1098.6378',b'194.25227',b'-172.69337',b'870.6184',b'170.03459',b'-700.65424',b'1102.9949',b'176.15213',b'-207.60579',b'868.06573',b'151.2784',b'-762.8145',b'1095.8704',b'172.47272',b'-206.32315',b'875.88696',b'148.4218',b'-750.7576',b'1091.9766',b'178.69775',b'-180.13168',b'879.86835',b'155.00407',b'-701.25464',b'1032.7634',b'400.60928',b'86.92652',b'978.30743',b'398.44705',b'-86.74365',b'1027.9703',b'513.9513',b'47.61799',b'985.34204',b'514.7204',b'-108.43357',b'1000.61774',b'654.7545',b'211.92792',b'973.94214',b'654.1786',b'96.07594',b'989.1802',b'675.3706',b'221.99532',b'965.9792',b'672.17706',b'109.08801',b'1019.00507',b'687.55493',b'84.68247',b'1003.89404',b'687.3335',b'-51.759335'
image_065.jpg,b'938.3107',b'131.3404',b'-190.28194',b'935.806',b'124.66285',b'-162.62267',b'936.98346',b'124.68902',b'-162.66231',b'938.26904',b'124.67988',b'-162.71925',b'931.0225',b'125.23735',b'-188.97208',b'928.6131',b'125.84039',b'-188.90813',b'926.16534',b'126.46922',b'-189.04697',b'934.12317',b'129.51523',b'-5.31042',b'916.56934',b'133.08504',b'-125.66499',b'943.39453',b'141.84894',b'-128.34113',b'935.7457',b'142.32246',b'-163.31375',b'975.0213',b'195.72485',b'132.50388',b'895.1583',b'185.48589',b'-170.98973',b'1032.7305',b'261.32288',b'86.67791',b'885.3611',b'238.41869',b'-436.15616',b'1072.7291',b'182.37996',b'-110.17121',b'889.8389',b'159.3703',b'-695.9185',b'1082.2347',b'164.39738',b'-141.774',b'893.0106',b'144.48523',b'-759.5071',b'1079.9614',b'161.1861',b'-155.99725',b'895.12646',b'139.13896',b'-750.7903',b'1076.0951',b'166.68651',b'-124.231064',b'896.26483',b'146.05571',b'-700.0337',b'968.9944',b'367.84286',b'87.056114',b'926.6827',b'363.62775',b'-86.97438',b'972.66943',b'491.30338',b'104.22328',b'949.7281',b'489.97318',b'-162.5883',b'959.21405',b'622.0512',b'277.97995',b'959.10754',b'624.3261',b'-1.0784613',b'949.7347',b'638.23566',b'287.43607',b'950.8883',b'641.2658',b'9.357412',b'974.6061',b'665.3041',b'155.2088',b'972.2065',b'664.98035',b'-148.82846'
image_066.jpg,b'928.9597',b'142.80156',b'-202.25435',b'925.4222',b'134.07123',b'-172.91267',b'926.247',b'134.11429',b'-172.98566',b'927.15393',b'134.13335',b'-173.0821',b'921.3147',b'134.29614',b'-199.31236',b'919.0953',b'134.70775',b'-199.22942',b'916.6294',b'135.21635',b'-199.35724',b'921.66174',b'140.3962',b'-3.9025524',b'906.5744',b'143.45238',b'-126.04694',b'933.20667',b'154.5009',b'-135.6528',b'926.43304',b'155.43231',b'-171.22293',b'959.51324',b'200.59834',b'144.33534',b'881.9681',b'198.41365',b'-163.32568',b'1029.453',b'251.43648',b'131.16574',b'890.2583',b'228.55144',b'-437.6489',b'1068.5063',b'179.14569',b'-34.918526',b'881.35223',b'165.39221',b'-720.9722',b'1078.295',b'164.10243',b'-61.41771',b'884.7424',b'147.10735',b'-788.91565',b'1073.5267',b'159.52583',b'-84.6496',b'889.5057',b'145.01466',b'-778.8242',b'1068.9265',b'164.48935',b'-50.899265',b'891.47845',b'153.75946',b'-725.5906',b'960.7752',b'363.4665',b'101.90534',b'930.9317',b'363.06003',b'-101.76069',b'977.83435',b'488.61258',b'121.84969',b'963.8038',b'491.55948',b'-177.44221',b'980.6942',b'625.2031',b'245.71094',b'974.1538',b'630.94507',b'-58.4085',b'973.2202',b'642.14197',b'249.48663',b'968.76825',b'646.78394',b'-53.07235',b'1002.2382',b'662.9398',b'118.077644',b'994.7159',b'667.684',b'-214.95523'
image_067.jpg,b'929.90015',b'144.06784',b'-281.02036',b'928.4257',b'135.29434',b'-251.25467',b'929.89105',b'135.39545',b'-251.34076',b'931.4454',b'135.39783',b'-251.4349',b'923.0083',b'135.20364',b'-271.7901',b'920.3908',b'135.40572',b'-271.69797',b'917.28986',b'135.63568',b'-271.82486',b'927.8269',b'139.75482',b'-73.852036',b'906.9499',b'141.06439',b'-169.64801',b'935.1531',b'156.92226',b'-211.62857',b'926.4278',b'157.38272',b'-239.61848',b'971.6629',b'200.24556',b'71.57682',b'879.09595',b'199.40398',b'-180.59123',b'1038.3354',b'257.83374',b'31.914293',b'873.0665',b'230.45633',b'-447.06396',b'1070.4681',b'180.57712',b'-164.82361',b'882.32184',b'155.56003',b'-740.891',b'1077.9951',b'165.22287',b'-201.75182',b'887.55896',b'143.08537',b'-814.15405',b'1072.8326',b'159.6199',b'-222.48918',b'892.3593',b'137.13368',b'-801.9454',b'1068.1804',b'163.48547',b'-180.57697',b'893.70013',b'143.36897',b'-745.2553',b'966.7406',b'381.28625',b'72.65611',b'926.3438',b'384.94406',b'-72.41353',b'983.8274',b'500.5416',b'79.62613',b'950.8121',b'510.36343',b'-130.74458',b'984.6503',b'640.4149',b'243.31638',b'973.5966',b'648.6972',b'31.65983',b'979.8697',b'656.25287',b'250.6259',b'971.9408',b'665.94666',b'39.498894',b'998.9863',b'674.025',b'100.21357',b'979.3357',b'685.1664',b'-138.30035'
image_068.jpg,b'979.3975',b'163.5533',b'-168.21487',b'977.5186',b'159.43816',b'-147.47302',b'977.8389',b'159.12958',b'-147.47017',b'978.0597',b'159.64459',b'-147.54616',b'976.65393',b'160.7815',b'-173.33788',b'976.4845',b'161.89456',b'-173.28925',b'976.16',b'163.39513',b'-173.37129',b'979.82',b'167.21404',b'-26.284405',b'974.97675',b'172.48042',b'-144.36183',b'981.28314',b'175.03783',b'-119.03033',b'980.3489',b'177.09872',b'-153.28636',b'1010.4993',b'232.69545',b'21.813904',b'948.8397',b'226.92548',b'-206.849',b'1072.4092',b'254.91331',b'-224.32571',b'880.9122',b'235.61595',b'-575.02167',b'1093.3785',b'179.17473',b'-537.8918',b'920.9125',b'163.05588',b'-837.4806',b'1095.8528',b'162.75835',b'-601.01',b'929.68585',b'152.09377',b'-905.15796',b'1085.2056',b'161.07349',b'-588.366',b'942.1373',b'155.04573',b'-871.4938',b'1083.459',b'166.14087',b'-546.03827',b'943.15247',b'159.66849',b'-831.2448',b'1021.28735',b'437.20447',b'44.166607',b'999.3045',b'438.24628',b'-44.12527',b'1029.1132',b'576.89154',b'-29.883974',b'1039.5107',b'574.1942',b'-58.114956',b'1020.89264',b'706.71466',b'214.79787',b'1050.7407',b'715.87897',b'159.56654',b'1016.7764',b'723.23645',b'233.57649',b'1050.4165',b'735.2026',b'176.87193',b'1036.4279',b'743.0455',b'112.744316',b'1064.277',b'757.4276',b'33.99503'
image_069.jpg,b'984.59827',b'157.878',b'-328.55304',b'988.64',b'148.8099',b'-294.87555',b'991.9067',b'148.7651',b'-294.95337',b'994.9878',b'148.7495',b'-295.08127',b'979.0197',b'149.25926',b'-310.1096',b'975.8394',b'149.5204',b'-310.0777',b'972.37634',b'149.7253',b'-310.12894',b'1000.50714',b'152.16615',b'-93.575455',b'969.16077',b'155.13727',b'-164.78241',b'992.7387',b'170.16866',b'-251.19997',b'979.84076',b'170.8308',b'-271.86807',b'1045.9532',b'216.05171',b'6.082278',b'940.32275',b'216.94324',b'-143.4907',b'1091.1442',b'267.26596',b'-225.30302',b'879.431',b'239.6852',b'-463.1753',b'1096.6094',b'186.6165',b'-586.369',b'909.9496',b'156.78966',b'-793.8953',b'1099.4834',b'169.45607',b'-659.99963',b'910.3948',b'142.21866',b'-866.8207',b'1091.2904',b'165.11665',b'-649.86285',b'923.3687',b'143.5257',b'-849.2573',b'1089.797',b'171.4824',b'-594.3293',b'925.7982',b'148.76227',b'-795.6387',b'1042.0875',b'431.74292',b'16.84366',b'996.15015',b'433.3447',b'-16.704906',b'1070.023',b'596.35364',b'-117.32924',b'1009.4025',b'598.5441',b'-76.92948',b'1079.584',b'737.2475',b'160.59958',b'1014.68756',b'662.78345',b'369.7033',b'1077.594',b'753.7351',b'182.09744',b'1016.33356',b'667.1271',b'411.94333',b'1102.023',b'781.0117',b'37.087948',b'1015.3146',b'701.9906',b'308.92096'
image_070.jpg,b'984.5233',b'164.26094',b'-287.8634',b'983.9597',b'153.83525',b'-268.97925',b'986.12195',b'153.51384',b'-269.0457',b'988.2528',b'153.2421',b'-269.12643',b'977.6342',b'155.36923',b'-285.80664',b'975.5293',b'155.88228',b'-285.78845',b'973.3738',b'156.54526',b'-285.92877',b'990.6584',b'155.87659',b'-113.9978',b'968.4746',b'161.13689',b'-189.07382',b'991.30096',b'174.56474',b'-222.03537',b'984.17346',b'176.40369',b'-244.14645',b'1027.7048',b'196.94418',b'18.732143',b'949.79236',b'207.0926',b'-176.78938',b'1068.8221',b'259.46478',b'-104.29932',b'897.6592',b'236.08734',b'-453.07666',b'1087.6014',b'184.64926',b'-333.43112',b'921.35046',b'169.00505',b'-717.8059',b'1089.4015',b'165.71165',b'-372.34933',b'921.3094',b'151.16615',b'-774.3186',b'1081.3652',b'164.20114',b'-367.14227',b'930.4562',b'149.88484',b'-763.19543',b'1079.6338',b'170.51456',b'-339.21658',b'933.2343',b'156.76129',b'-719.56445',b'1010.35846',b'387.79172',b'59.989548',b'1000.3558',b'387.12585',b'-59.856575',b'1000.45496',b'508.84335',b'46.913548',b'1027.3405',b'506.80188',b'-115.97478',b'1001.5243',b'644.9599',b'144.9325',b'1015.2563',b'652.58636',b'9.635983',b'993.87555',b'664.2045',b'147.40633',b'1009.59125',b'673.2193',b'17.251764',b'1015.2689',b'683.6368',b'19.965883',b'1047.2413',b'694.1829',b'-127.420265'
image_071.jpg,b'983.61383',b'154.4532',b'-133.09953',b'983.34283',b'148.72519',b'-108.120186',b'984.91254',b'148.26425',b'-108.15261',b'986.3192',b'148.02443',b'-108.2134',b'978.4251',b'151.13055',b'-132.09947',b'977.04346',b'151.9779',b'-132.06317',b'975.42035',b'152.93744',b'-132.19757',b'987.0708',b'152.74075',b'43.67235',b'961.9234',b'159.82825',b'-65.798836',b'988.23254',b'162.13448',b'-71.68976',b'983.0887',b'164.58469',b'-103.49898',b'1027.8563',b'209.97888',b'127.17517',b'949.3143',b'211.93648',b'-114.17342',b'1074.5063',b'257.13678',b'-68.384705',b'896.42914',b'232.03415',b'-458.9674',b'1092.1382',b'186.413',b'-354.99283',b'978.80115',b'155.27682',b'-718.8559',b'1094.8711',b'169.07744',b'-410.49432',b'991.29443',b'136.1822',b'-781.9691',b'1085.5023',b'168.02809',b'-397.3886',b'994.42896',b'133.32057',b'-754.6423',b'1083.7439',b'175.65804',b'-360.78998',b'991.68744',b'143.07689',b'-714.1555',b'1040.413',b'409.85303',b'38.92494',b'1007.30634',b'405.82187',b'-38.77003',b'1048.1382',b'562.6488',b'-68.08596',b'1029.0287',b'559.7859',b'-94.90668',b'1045.7644',b'707.6447',b'95.25163',b'1037.7772',b'702.6845',b'96.01233',b'1039.1641',b'727.8331',b'104.629425',b'1037.4839',b'720.71686',b'109.19422',b'1071.225',b'741.3059',b'-38.00299',b'1050.8757',b'745.2856',b'-41.361534'
image_072.jpg,b'977.4761',b'145.58434',b'-143.93542',b'975.4367',b'139.47012',b'-111.729774',b'977.3982',b'139.91025',b'-111.67494',b'979.35126',b'140.53203',b'-111.655846',b'968.1843',b'140.0299',b'-132.30222',b'964.88837',b'140.90424',b'-132.34706',b'961.4762',b'141.79747',b'-132.47507',b'978.5288',b'150.33275',b'37.011356',b'949.8361',b'153.97685',b'-56.58554',b'983.34204',b'158.3106',b'-89.24111',b'972.94775',b'158.88165',b'-116.50147',b'1027.293',b'221.44232',b'161.98009',b'932.48303',b'225.37895',b'-92.381584',b'1095.9149',b'266.9908',b'91.61597',b'874.8061',b'251.1984',b'-292.16156',b'1091.61',b'185.60774',b'-86.66036',b'891.4802',b'160.05115',b'-474.60696',b'1092.7712',b'165.1457',b'-109.13701',b'890.3169',b'142.13254',b'-519.8265',b'1086.4222',b'164.08287',b'-95.9177',b'896.5305',b'141.2839',b'-500.09015',b'1084.2904',b'170.1427',b'-88.215515',b'900.1387',b'148.01587',b'-470.31506',b'1033.3247',b'385.05804',b'83.74662',b'979.1968',b'384.65103',b'-83.75714',b'1035.3744',b'515.4208',b'48.60366',b'988.42944',b'519.51105',b'-173.672',b'1010.3832',b'651.8391',b'131.06425',b'990.92834',b'660.96857',b'-87.217804',b'1000.46313',b'670.67615',b'130.92221',b'985.39636',b'678.8229',b'-86.34235',b'1047.9595',b'689.72906',b'2.1774595',b'1029.1284',b'695.6989',b'-246.60141'
image_073.jpg,b'979.851',b'134.68199',b'-125.988464',b'979.21014',b'127.010216',b'-99.28598',b'981.5913',b'126.55555',b'-99.27367',b'983.96436',b'126.1938',b'-99.27951',b'971.9119',b'129.12422',b'-114.88189',b'968.9588',b'130.22017',b'-114.91404',b'965.8297',b'131.32437',b'-115.07983',b'986.3008',b'133.01773',b'40.919834',b'958.3821',b'140.75488',b'-29.558357',b'987.78284',b'144.29158',b'-72.55859',b'977.22107',b'147.23181',b'-93.175224',b'1035.9357',b'190.48045',b'158.92549',b'947.43225',b'201.2201',b'-39.710854',b'1087.3922',b'272.03522',b'65.99084',b'888.3823',b'254.49673',b'-233.6004',b'1091.3076',b'189.24243',b'-148.59576',b'893.4111',b'163.74516',b'-458.30768',b'1091.6238',b'170.94333',b'-175.85469',b'886.46',b'142.14192',b'-503.0764',b'1088.017',b'164.41061',b'-166.5816',b'893.2623',b'139.73448',b'-488.8041',b'1084.9828',b'172.74962',b'-151.8857',b'899.00757',b'147.75812',b'-457.20258',b'1046.517',b'355.21985',b'66.54155',b'994.26154',b'354.73398',b'-66.612305',b'1041.1478',b'495.405',b'38.850178',b'1008.24896',b'494.9658',b'-139.95866',b'1014.6484',b'629.6018',b'142.1654',b'1002.5266',b'636.8088',b'-55.7965',b'1003.92725',b'648.84753',b'144.9286',b'994.33685',b'656.61',b'-53.890057',b'1045.9348',b'671.714',b'14.896534',b'1031.2405',b'675.32935',b'-211.34833'
image_074.jpg,b'953.4757',b'124.30362',b'-252.62683',b'951.0116',b'117.21371',b'-223.86133',b'952.07086',b'117.73081',b'-223.90189',b'953.13055',b'118.36028',b'-223.93985',b'946.031',b'118.12616',b'-241.86209',b'943.42206',b'119.38961',b'-241.84515',b'940.59033',b'120.74244',b'-241.97502',b'950.68384',b'126.37862',b'-48.955338',b'931.7876',b'130.21674',b'-132.14029',b'956.998',b'134.93283',b'-184.43262',b'951.11884',b'135.31581',b'-208.7274',b'998.6687',b'188.59766',b'98.49334',b'902.14343',b'184.37971',b'-133.31581',b'1053.472',b'261.24896',b'-14.878113',b'874.19257',b'247.62222',b'-392.54907',b'1091.5314',b'186.43207',b'-281.8079',b'876.4583',b'173.07549',b'-688.21747',b'1101.0045',b'170.1254',b'-322.58984',b'872.8258',b'156.51546',b'-749.5798',b'1094.821',b'166.74417',b'-325.77585',b'880.1388',b'154.5881',b'-741.6091',b'1090.6423',b'172.42267',b'-292.22723',b'884.8895',b'159.7456',b'-692.1706',b'996.3264',b'375.58502',b'66.41996',b'948.7252',b'376.52954',b'-66.366554',b'991.5557',b'501.61765',b'94.32468',b'970.1524',b'498.98706',b'-66.897644',b'989.6981',b'641.197',b'228.0715',b'978.224',b'643.20337',b'94.52106',b'985.0674',b'661.26953',b'232.76619',b'975.0412',b'661.5259',b'103.85845',b'1006.4469',b'672.3395',b'98.17223',b'991.7063',b'673.27637',b'-48.7401'
image_075.jpg,b'980.2184',b'154.39793',b'-294.5805',b'981.86084',b'143.20395',b'-263.5847',b'984.56464',b'143.71559',b'-263.58063',b'987.1828',b'144.38092',b'-263.59445',b'972.6882',b'142.35391',b'-277.16254',b'968.8449',b'142.31879',b'-277.16132',b'965.0552',b'142.46057',b'-277.23853',b'987.303',b'151.01662',b'-83.49924',b'952.41974',b'150.0196',b'-148.91258',b'987.3859',b'168.6509',b'-226.11496',b'972.1797',b'167.33495',b'-245.34834',b'1025.8678',b'216.20227',b'40.416103',b'917.8423',b'209.22939',b'-110.09487',b'1082.2001',b'269.44733',b'-95.26253',b'863.612',b'254.37099',b'-327.94714',b'1096.0776',b'190.34906',b'-379.34378',b'875.39746',b'168.64836',b'-607.27484',b'1101.1154',b'170.8296',b'-429.41068',b'874.1328',b'148.56303',b'-667.557',b'1094.1973',b'168.19054',b'-421.76782',b'882.5893',b'146.56783',b'-655.8875',b'1089.5845',b'172.90373',b'-385.66412',b'886.4092',b'153.55095',b'-609.3818',b'1024.8107',b'403.3434',b'31.024382',b'960.00494',b'404.03488',b'-31.015394',b'1019.5115',b'532.3179',b'40.12713',b'964.62866',b'537.9551',b'-31.082619',b'1010.8405',b'670.2782',b'224.49118',b'977.5549',b'675.0774',b'164.8329',b'1003.8386',b'689.1378',b'234.3431',b'978.18994',b'693.7498',b'175.58673',b'1031.2054',b'709.72125',b'74.03252',b'995.2869',b'714.1957',b'1.6470695'
image_076.jpg,b'972.1391',b'114.20764',b'-174.099',b'969.5934',b'107.46097',b'-149.1482',b'970.5456',b'107.83449',b'-149.17845',b'971.4926',b'108.31078',b'-149.22246',b'964.778',b'108.913025',b'-159.33942',b'962.23035',b'110.25697',b'-159.32428',b'959.63477',b'111.68963',b'-159.42638',b'968.7812',b'117.269646',b'-8.066414',b'952.38007',b'121.67936',b'-55.601383',b'977.0968',b'127.58017',b'-120.66134',b'969.5461',b'127.55401',b'-134.77657',b'1009.88025',b'189.65306',b'79.641174',b'919.4444',b'185.28244',b'-23.504698',b'1060.6652',b'266.02863',b'-26.3075',b'870.4707',b'253.64241',b'-237.19234',b'1088.7068',b'190.61967',b'-219.47327',b'879.97253',b'169.3199',b'-520.2411',b'1098.568',b'171.89215',b'-253.3824',b'874.569',b'148.97353',b'-570.0244',b'1094.4053',b'166.03674',b'-246.14264',b'880.87036',b'147.30815',b'-566.12415',b'1089.2642',b'171.69165',b'-223.00507',b'886.3599',b'153.16782',b'-526.1945',b'1004.33484',b'377.63428',b'18.039366',b'952.50574',b'377.00095',b'-17.989866',b'994.4457',b'505.8588',b'24.29455',b'963.5243',b'504.81946',b'-16.125923',b'993.21075',b'642.6958',b'124.75955',b'970.81836',b'644.5434',b'109.886665',b'988.36945',b'665.9649',b'125.12434',b'968.1239',b'667.27264',b'114.70252',b'1011.1063',b'680.05493',b'-27.706648',b'978.8484',b'679.5908',b'-33.90235'
image_078.jpg,b'973.8802',b'174.55135',b'-194.57811',b'977.4888',b'164.23288',b'-169.8466',b'980.7898',b'164.3518',b'-169.85841',b'983.91394',b'164.65762',b'-169.90054',b'965.1509',b'164.48918',b'-173.8977',b'959.9724',b'164.89183',b'-173.90114',b'954.69916',b'165.48686',b'-173.91702',b'986.0036',b'171.50513',b'-42.258923',b'946.00085',b'172.47008',b'-60.774616',b'981.5519',b'187.78624',b'-147.87411',b'964.2733',b'189.49414',b'-153.62033',b'1021.81665',b'246.06862',b'6.3273',b'917.28064',b'242.54037',b'-68.0215',b'1084.8148',b'263.20703',b'-187.8243',b'870.8416',b'240.52159',b'-305.40433',b'1080.276',b'184.69716',b'-397.9145',b'885.9759',b'159.6611',b'-526.36304',b'1085.6128',b'164.64781',b'-442.09375',b'888.47485',b'143.64893',b'-576.2923',b'1078.5195',b'161.94043',b'-422.2909',b'896.8783',b'142.69142',b'-555.2896',b'1073.6272',b'168.1612',b'-397.46405',b'899.1003',b'148.9558',b'-525.197',b'1005.4701',b'430.06674',b'16.819582',b'941.5381',b'430.15714',b'-17.018784',b'1001.9535',b'559.76056',b'12.951688',b'939.9545',b'562.77905',b'-23.673586',b'1008.10364',b'691.7405',b'113.30766',b'950.0725',b'690.10065',b'92.979576',b'1001.6464',b'711.5389',b'115.87354',b'950.6105',b'705.8012',b'96.622696',b'1020.2472',b'720.0068',b'-11.099382',b'963.16644',b'722.6726',b'-34.897156'
image_079.jpg,b'967.6575',b'133.11368',b'264.69537',b'962.4494',b'124.04732',b'212.5192',b'959.7572',b'123.77354',b'212.63583',b'956.8678',b'123.491936',b'212.60522',b'969.3465',b'124.31952',b'213.15688',b'971.4744',b'124.36632',b'213.24216',b'973.6913',b'124.51923',b'213.19077',b'946.7489',b'126.61532',b'42.23535',b'975.4566',b'128.67052',b'45.066395',b'964.6688',b'143.67027',b'216.87032',b'972.4109',b'144.35542',b'216.53662',b'896.81085',b'185.36469',b'3.3539264',b'1023.87585',b'191.10616',b'-27.622234',b'877.3008',b'244.32721',b'172.70094',b'1052.3514',b'263.54337',b'86.54273',b'890.34546',b'169.66873',b'372.61826',b'1081.3135',b'184.55125',b'301.53476',b'888.11633',b'150.79588',b'400.5159',b'1091.5519',b'166.55995',b'331.7444',b'900.4675',b'146.10663',b'400.76685',b'1078.1993',b'160.40408',b'337.17712',b'904.42126',b'153.95267',b'380.70486',b'1072.8105',b'166.93385',b'313.6551',b'934.7536',b'394.9139',b'14.909657',b'997.27844',b'385.20282',b'-15.377224',b'943.007',b'513.4769',b'182.76144',b'1010.27905',b'503.06934',b'196.30528',b'964.35474',b'648.4148',b'221.1148',b'1014.9599',b'649.3841',b'193.41077',b'966.3604',b'671.52246',b'231.23787',b'1005.80896',b'672.4849',b'200.26654',b'959.8315',b'666.78186',b'228.37271',b'1022.8771',b'669.8949',b'192.9278'
image_080.jpg,b'962.68787',b'137.34952',b'27.205431',b'961.3121',b'129.38928',b'12.46926',b'960.79755',b'129.1658',b'12.485634',b'960.0042',b'128.90346',b'12.411315',b'962.79016',b'130.37254',b'2.3877828',b'963.2665',b'130.94067',b'2.4045148',b'963.56555',b'131.60951',b'2.3111012',b'957.99774',b'132.26237',b'-8.433754',b'963.0747',b'136.1634',b'-58.071407',b'962.86914',b'148.58461',b'27.700918',b'964.36926',b'149.40523',b'12.651881',b'953.40625',b'195.2123',b'-21.75147',b'969.7998',b'200.20871',b'-72.59436',b'1030.8892',b'266.49673',b'-178.88191',b'943.84076',b'244.00496',b'-300.14743',b'1031.213',b'188.11037',b'-391.1579',b'912.0135',b'160.08736',b'-561.4925',b'1034.7822',b'167.62093',b'-429.6869',b'921.7113',b'145.12227',b'-602.3278',b'1045.72',b'162.68506',b'-422.38556',b'927.71936',b'140.8295',b'-594.8267',b'1046.9127',b'170.65567',b'-394.401',b'929.2245',b'146.20628',b'-565.0171',b'954.61664',b'389.78833',b'-1.899331',b'977.2334',b'383.07056',b'1.9767569',b'955.0254',b'512.0714',b'39.35407',b'987.0124',b'507.1562',b'4.0258474',b'976.0277',b'645.5939',b'57.003136',b'990.53754',b'646.8978',b'23.70047',b'977.46747',b'665.65985',b'54.919525',b'989.40436',b'665.63934',b'24.460625',b'972.8668',b'670.419',b'-48.819717',b'990.43567',b'672.07965',b'-87.21869'
image_081.jpg,b'982.7562',b'159.99298',b'48.052128',b'977.7578',b'149.17784',b'35.101524',b'976.829',b'148.81052',b'35.102245',b'975.77875',b'148.29509',b'35.021885',b'979.62524',b'149.3631',b'21.21871',b'979.9313',b'149.35225',b'21.212563',b'980.12616',b'149.37343',b'21.046133',b'973.18085',b'149.63533',b'29.114244',b'977.595',b'152.71156',b'-34.878883',b'982.1261',b'169.03323',b'54.89425',b'984.0258',b'169.96655',b'35.927788',b'958.0206',b'205.60092',b'50.93831',b'978.0853',b'207.89977',b'-78.6614',b'1015.8338',b'251.24376',b'-83.345436',b'969.8562',b'257.1601',b'-290.47882',b'1006.963',b'180.44899',b'-252.94353',b'1038.6252',b'192.92366',b'-482.25122',b'1006.0897',b'158.33003',b'-281.3651',b'1051.5922',b'175.95992',b'-521.82385',b'976.5577',b'157.73398',b'-269.8332',b'1047.193',b'175.13231',b'-503.18475',b'979.2352',b'165.0384',b'-253.21593',b'1049.9045',b'178.03267',b'-479.09793',b'993.68225',b'380.06317',b'46.126507',b'1005.0736',b'391.97687',b'-46.093697',b'986.2412',b'502.11255',b'61.168427',b'1022.0231',b'496.96667',b'-82.24852',b'993.07',b'638.10706',b'113.29433',b'1016.3388',b'646.06696',b'-15.96513',b'990.23334',b'655.9928',b'113.37067',b'1009.56494',b'662.99146',b'-11.581642',b'1000.7271',b'667.5124',b'19.646576',b'1047.0656',b'688.6682',b'-112.45021'
image_082.jpg,b'976.9973',b'167.40019',b'-187.66457',b'974.24',b'157.86932',b'-165.29355',b'976.06067',b'157.30467',b'-165.28535',b'977.9813',b'156.44652',b'-165.33398',b'968.4518',b'159.17026',b'-181.61386',b'966.39905',b'159.74988',b'-181.5705',b'964.42255',b'160.28433',b'-181.68335',b'979.08716',b'161.38547',b'-34.414993',b'957.47314',b'166.43266',b'-108.46881',b'982.9583',b'175.99884',b'-135.69383',b'975.8004',b'178.1213',b'-157.21507',b'1003.8896',b'223.96535',b'60.665688',b'945.0938',b'225.76955',b'-132.78096',b'1071.9951',b'262.45584',b'-59.60206',b'883.6931',b'238.45267',b'-406.43744',b'1083.3131',b'186.59047',b'-245.41632',b'909.5848',b'161.29529',b'-648.8705',b'1084.0304',b'168.35533',b'-281.45142',b'907.84973',b'146.23596',b'-702.23926',b'1075.9329',b'166.76074',b'-265.5074',b'919.0259',b'145.27534',b'-686.23505',b'1073.319',b'172.02034',b'-246.38992',b'922.7668',b'151.73834',b'-648.9369',b'1003.3745',b'404.83908',b'47.3347',b'987.94257',b'404.6836',b'-47.32784',b'996.7433',b'523.9357',b'63.726376',b'1001.3355',b'519.1403',b'-26.146044',b'996.5077',b'651.1565',b'188.70345',b'1004.3645',b'658.44556',b'124.55239',b'987.8509',b'674.00793',b'194.56631',b'997.4674',b'675.4457',b'134.04224',b'1013.0225',b'682.3891',b'75.69937',b'1024.9575',b'688.84436',b'6.1017146'
image_083.jpg,b'962.58624',b'163.05556',b'-82.69006',b'966.31323',b'155.62184',b'-57.12465',b'969.91046',b'155.46521',b'-57.071613',b'973.62787',b'155.34586',b'-57.11473',b'956.98303',b'156.48895',b'-65.620056',b'953.93945',b'157.00879',b'-65.583244',b'950.90094',b'157.4776',b'-65.61868',b'976.95135',b'159.97516',b'86.08566',b'943.87714',b'163.0317',b'47.59418',b'971.1511',b'173.64626',b'-27.461548',b'958.3919',b'173.85678',b'-39.031063',b'1015.22424',b'222.14648',b'180.17012',b'922.1624',b'216.5472',b'48.30107',b'1070.6017',b'261.20193',b'80.24764',b'873.87646',b'240.25598',b'-172.68512',b'1080.4677',b'188.12585',b'-97.46112',b'893.0571',b'163.56451',b'-431.6574',b'1088.4496',b'168.42921',b'-132.5747',b'893.2087',b'146.34096',b'-482.08707',b'1082.5864',b'166.86768',b'-119.05308',b'901.1659',b'146.59631',b'-469.81934',b'1078.1499',b'172.05891',b'-98.755585',b'903.4434',b'152.12862',b'-433.21674',b'1013.28986',b'379.4181',b'26.392897',b'956.7824',b'381.1919',b'-26.32576',b'1012.57007',b'510.84952',b'-21.586985',b'973.7172',b'512.0888',b'-48.794285',b'1010.2818',b'649.34863',b'44.68529',b'985.29834',b'647.22174',b'48.91867',b'1005.47925',b'667.3585',b'42.466084',b'982.4066',b'663.60004',b'51.181072',b'1016.4663',b'684.7707',b'-123.09602',b'994.0164',b'684.6659',b'-105.764084'
image_084.jpg,b'984.2847',b'165.57036',b'-271.6587',b'988.17834',b'152.0243',b'-239.15656',b'991.81586',b'152.53142',b'-239.11755',b'995.3603',b'153.20775',b'-239.11816',b'976.78827',b'150.9097',b'-255.38602',b'971.8197',b'150.59842',b'-255.34404',b'966.87744',b'150.18283',b'-255.43321',b'997.42377',b'160.01352',b'-49.806488',b'954.23785',b'154.91135',b'-128.96443',b'990.3046',b'180.50658',b'-198.98756',b'976.6443',b'179.23337',b'-221.92918',b'1027.8318',b'224.26352',b'106.68269',b'919.36145',b'213.41638',b'-117.83747',b'1089.1362',b'270.95193',b'8.706488',b'868.7372',b'250.53175',b'-345.6793',b'1089.894',b'189.43437',b'-227.57198',b'888.0488',b'162.34491',b'-593.775',b'1089.2222',b'168.82921',b'-265.8841',b'890.049',b'148.10992',b'-648.53894',b'1082.5128',b'165.76196',b'-254.04341',b'899.6917',b'147.46445',b'-632.79266',b'1079.8472',b'172.23808',b'-230.41719',b'902.2822',b'152.66476',b'-591.7812',b'1024.0402',b'410.51907',b'76.37482',b'964.3508',b'403.69186',b'-76.24388',b'1020.7689',b'534.5125',b'110.41288',b'973.44714',b'529.58215',b'-154.71721',b'1000.1791',b'672.251',b'264.01102',b'969.35175',b'671.32605',b'0.6370416',b'987.32404',b'690.6851',b'271.0993',b'961.1869',b'689.1869',b'8.306776',b'1025.0411',b'708.8416',b'126.91109',b'989.0387',b'707.7894',b'-171.18349'
image_085.jpg,b'977.833',b'158.31337',b'-310.19095',b'982.6507',b'145.80556',b'-276.9991',b'986.4293',b'145.958',b'-276.99762',b'989.89325',b'146.27687',b'-277.00818',b'970.4559',b'145.69998',b'-291.70343',b'966.0906',b'145.89111',b'-291.7188',b'961.43726',b'146.31207',b'-291.8234',b'994.1001',b'152.4295',b'-82.17601',b'952.1464',b'151.8911',b'-153.23926',b'987.72504',b'172.39943',b'-235.67493',b'970.9774',b'171.3058',b'-256.5012',b'1027.624',b'216.51651',b'77.66252',b'922.8758',b'204.29683',b'-126.86369',b'1085.8887',b'271.1448',b'-22.624136',b'866.5221',b'252.93922',b'-357.0898',b'1093.8564',b'186.34906',b'-265.52127',b'885.28375',b'167.03604',b'-653.4059',b'1096.335',b'167.2354',b'-306.04218',b'886.3355',b'150.65825',b'-716.60474',b'1088.7343',b'163.98148',b'-297.68723',b'896.5843',b'150.34366',b'-704.7927',b'1085.3088',b'170.1914',b'-269.85025',b'899.5976',b'156.3478',b'-654.8237',b'1022.36505',b'406.7653',b'65.570786',b'966.6899',b'399.61905',b'-65.489426',b'1013.45435',b'530.91986',b'53.276505',b'975.3419',b'523.1177',b'-145.18802',b'999.3305',b'663.3977',b'157.61494',b'976.5692',b'663.10394',b'2.1533082',b'990.32465',b'684.73706',b'158.11673',b'970.9933',b'681.8033',b'8.352241',b'1030.1442',b'697.43005',b'3.6677475',b'999.22534',b'694.5242',b'-165.30122'
image_086.jpg,b'986.9607',b'163.33855',b'-236.06508',b'989.52405',b'149.57869',b'-203.13004',b'992.67633',b'149.30498',b'-203.08913',b'995.85156',b'149.19235',b'-203.07793',b'979.7384',b'149.78304',b'-216.85687',b'975.87286',b'149.73293',b'-216.85431',b'971.8926',b'149.85797',b'-216.95102',b'1001.11945',b'155.50081',b'-13.357945',b'962.7198',b'155.79184',b'-80.788536',b'996.0362',b'175.50589',b'-163.36105',b'982.8265',b'175.28693',b'-182.91365',b'1034.0294',b'218.32518',b'145.86931',b'930.76044',b'206.7468',b'-71.24664',b'1089.3335',b'273.06088',b'57.47788',b'880.3673',b'254.58783',b'-293.30716',b'1095.0393',b'194.67035',b'-165.09819',b'892.12146',b'163.0304',b'-546.47644',b'1094.3984',b'173.6196',b'-197.63661',b'890.278',b'146.78188',b'-600.8307',b'1088.1725',b'171.22285',b'-189.39679',b'898.5267',b'145.89877',b'-585.43085',b'1085.6445',b'177.6536',b'-168.742',b'902.4088',b'152.24364',b'-544.85443',b'1034.1292',b'393.3925',b'74.443726',b'977.52515',b'387.87708',b'-74.35063',b'1028.4569',b'519.7671',b'61.758915',b'982.7047',b'515.4049',b'-223.75252',b'1012.6164',b'662.31195',b'167.72325',b'980.3883',b'661.96704',b'-89.81614',b'1000.2322',b'681.7503',b'170.12224',b'972.7733',b'678.8396',b'-82.97414',b'1041.8239',b'699.8',b'24.56684',b'1009.78406',b'695.3383',b'-257.44986'
image_087.jpg,b'948.66254',b'106.08',b'-229.66962',b'945.9755',b'97.185875',b'-200.2323',b'947.3411',b'97.187706',b'-200.2995',b'948.7074',b'97.29164',b'-200.36134',b'939.0123',b'98.4014',b'-217.11537',b'935.41974',b'99.307',b'-217.10104',b'931.9797',b'100.484184',b'-217.17238',b'944.4674',b'102.416824',b'-23.78991',b'923.5396',b'108.5069',b'-102.67635',b'952.7682',b'117.98383',b'-161.16237',b'944.44934',b'118.75408',b'-184.18129',b'981.1105',b'170.50543',b'94.25448',b'895.258',b'167.60692',b'-66.022',b'1025.9315',b'245.13351',b'-15.235054',b'876.2909',b'242.94109',b'-292.85773',b'1070.9382',b'179.28911',b'-295.5827',b'888.2559',b'157.41669',b'-594.708',b'1084.2622',b'166.39345',b'-351.40637',b'898.02563',b'141.68239',b'-660.2156',b'1080.4105',b'160.50702',b'-360.99768',b'901.86884',b'135.98273',b'-654.11957',b'1075.5479',b'164.0738',b'-309.36566',b'899.4032',b'141.67912',b'-599.0895',b'976.8775',b'342.1904',b'31.233109',b'928.52344',b'346.35718',b'-31.058844',b'985.6013',b'473.16055',b'17.826298',b'938.50464',b'477.07373',b'-43.341537',b'990.4485',b'606.86444',b'212.19911',b'949.7631',b'606.47235',b'155.29225',b'983.687',b'622.8692',b'223.08885',b'952.6615',b'622.01624',b'167.52963',b'997.12897',b'639.75977',b'69.11442',b'962.46893',b'636.33655',b'1.5645943'
image_088.jpg,b'922.68176',b'136.6655',b'193.48102',b'918.19507',b'127.91932',b'155.08856',b'915.5184',b'127.78658',b'155.15767',b'912.39014',b'127.659996',b'155.08809',b'924.9594',b'127.80837',b'147.4271',b'927.54285',b'127.81491',b'147.41481',b'930.3767',b'127.90478',b'147.2867',b'904.30005',b'133.7363',b'27.657562',b'934.4242',b'136.02425',b'-6.0585256',b'919.8245',b'147.39769',b'158.18872',b'927.26996',b'147.48936',b'147.52039',b'865.5238',b'188.06485',b'66.40066',b'980.739',b'201.40878',b'-116.61859',b'868.6326',b'228.73904',b'316.31848',b'1032.7103',b'249.1225',b'2.3408244',b'881.61346',b'158.4835',b'566.2559',b'1072.9825',b'180.93573',b'251.58537',b'871.6086',b'147.20457',b'616.3573',b'1085.624',b'166.00085',b'279.78754',b'888.1048',b'137.38666',b'601.6133',b'1074.5198',b'162.04729',b'283.90622',b'891.29865',b'144.13118',b'569.7888',b'1069.4076',b'166.48502',b'263.55157',b'918.0746',b'371.56116',b'84.32545',b'979.64575',b'361.94507',b'-85.03676',b'945.4502',b'485.0792',b'210.25238',b'998.2736',b'476.9728',b'32.224007',b'969.2424',b'614.78656',b'195.92104',b'1008.65594',b'612.0041',b'-17.02581',b'968.45465',b'634.97546',b'198.04291',b'1003.61505',b'631.2942',b'-15.648283',b'987.2698',b'633.1532',b'182.56844',b'1026.7877',b'628.5782',b'-37.7603'
image_089.jpg,b'950.5216',b'123.459595',b'-203.5543',b'950.4616',b'115.47132',b'-178.0731',b'952.09265',b'115.27601',b'-178.11134',b'953.69714',b'115.14244',b'-178.21388',b'944.67316',b'116.346794',b'-197.11768',b'942.26636',b'116.89348',b'-197.02391',b'939.86365',b'117.638626',b'-197.16174',b'953.33105',b'118.64523',b'-18.320131',b'932.671',b'124.57546',b'-107.45452',b'956.0296',b'133.5982',b'-139.95235',b'947.70746',b'134.29138',b'-165.80629',b'996.0552',b'184.5034',b'111.06623',b'896.9801',b'182.93533',b'-98.32562',b'1030.6526',b'259.2827',b'64.335724',b'881.368',b'250.21455',b'-332.51056',b'1070.7189',b'183.7544',b'-134.2009',b'889.25104',b'161.12605',b'-597.79407',b'1081.6041',b'166.68637',b'-167.64053',b'892.5397',b'142.71475',b'-656.88776',b'1076.5287',b'158.96472',b'-178.49118',b'895.67084',b'138.15579',b'-642.9772',b'1071.0248',b'164.8842',b'-145.35352',b'896.7847',b'144.69629',b'-599.0743',b'979.6742',b'365.7936',b'44.70277',b'942.2221',b'364.97028',b'-44.436123',b'995.2517',b'495.91544',b'-15.054478',b'942.86',b'503.00607',b'-84.03807',b'989.5586',b'632.4498',b'159.84146',b'949.4933',b'626.0504',b'206.43155',b'984.79065',b'647.7611',b'170.95993',b'949.4129',b'637.143',b'231.24022',b'995.15717',b'673.57684',b'29.362068',b'957.1298',b'670.55725',b'101.796936'
image_090.jpg,b'981.59143',b'135.1789',b'-186.43225',b'981.6487',b'124.98169',b'-162.1094',b'982.6699',b'125.065056',b'-162.14143',b'983.567',b'125.25895',b'-162.20018',b'978.0715',b'125.51013',b'-180.60756',b'976.5148',b'126.03271',b'-180.59816',b'974.794',b'126.693855',b'-180.71777',b'981.8849',b'131.76587',b'-23.279055',b'969.1116',b'133.85245',b'-110.57878',b'985.49286',b'147.05855',b'-132.06897',b'979.8826',b'146.57658',b'-157.86464',b'1006.963',b'203.20728',b'67.86142',b'935.7828',b'187.22063',b'-100.59758',b'1062.8735',b'266.0941',b'-50.54887',b'873.6724',b'245.25703',b'-339.47403',b'1085.8823',b'191.10342',b'-259.54178',b'899.8966',b'160.46857',b'-599.0941',b'1092.3804',b'173.61751',b'-292.56763',b'900.0567',b'143.37515',b'-650.3912',b'1086.6587',b'170.18758',b'-283.28064',b'908.21277',b'141.95277',b'-636.29865',b'1080.2119',b'176.2825',b'-262.59012',b'911.76294',b'148.91368',b'-599.4354',b'979.4481',b'385.48157',b'39.690052',b'957.9283',b'373.85678',b'-39.68622',b'977.8767',b'506.9812',b'13.743919',b'964.89935',b'503.11792',b'-99.17056',b'986.92267',b'649.0491',b'75.38219',b'972.7677',b'647.0583',b'-3.1485193',b'984.731',b'670.16583',b'72.91388',b'971.98663',b'666.3686',b'0.16558532',b'1004.2376',b'684.9351',b'-57.40284',b'981.782',b'682.896',b'-138.54526'
image_091.jpg,b'987.43616',b'165.86548',b'-287.65088',b'991.5292',b'151.45175',b'-252.61884',b'994.2509',b'151.44934',b'-252.55817',b'996.8012',b'151.54129',b'-252.58948',b'981.6458',b'150.52989',b'-272.99133',b'977.06647',b'150.0626',b'-272.95032',b'972.30536',b'149.83589',b'-273.00046',b'994.80615',b'155.38765',b'-49.20464',b'957.9994',b'153.92847',b'-145.59521',b'991.47046',b'178.61307',b'-208.31245',b'978.34546',b'177.76141',b'-236.58484',b'1018.4568',b'216.65794',b'131.6393',b'920.0766',b'200.81909',b'-116.002686',b'1083.0581',b'270.82346',b'82.894966',b'865.52466',b'247.06679',b'-350.7195',b'1090.4258',b'188.71783',b'-123.82134',b'892.7338',b'162.55943',b'-644.35266',b'1092.5906',b'168.97337',b'-153.75433',b'891.1364',b'144.36148',b'-701.4857',b'1086.7644',b'166.43077',b'-147.57704',b'900.87427',b'144.18767',b'-683.8664',b'1083.2456',b'173.4941',b'-127.48309',b'904.6279',b'150.31781',b'-641.76636',b'1009.2303',b'394.7313',b'72.967285',b'955.09076',b'388.50113',b'-72.957115',b'1005.49896',b'530.2826',b'49.578766',b'962.0921',b'528.3394',b'-108.48138',b'999.8007',b'667.4834',b'135.23439',b'972.9164',b'669.63336',b'9.252016',b'994.1605',b'687.8811',b'134.85506',b'970.66565',b'689.90436',b'13.001111',b'1025.084',b'705.28723',b'-14.863265',b'985.44916',b'708.582',b'-151.58516'
image_092.jpg,b'979.13403',b'154.39668',b'-276.4449',b'982.52527',b'142.28262',b'-243.68346',b'985.45386',b'142.67053',b'-243.6646',b'988.15625',b'143.17859',b'-243.69586',b'973.55255',b'140.81082',b'-268.19046',b'969.13275',b'140.28972',b'-268.18625',b'964.4243',b'139.90007',b'-268.28958',b'988.4839',b'149.99045',b'-48.573112',b'949.84625',b'143.80237',b'-165.31995',b'984.76733',b'166.97305',b'-200.15793',b'972.1815',b'165.28757',b'-234.4685',b'1006.3925',b'210.45499',b'114.670815',b'908.9094',b'189.15681',b'-149.24777',b'1064.3738',b'266.10687',b'29.12974',b'869.6669',b'247.88327',b'-408.3606',b'1084.8729',b'191.31073',b'-220.70702',b'897.481',b'162.48796',b'-712.3397',b'1088.7671',b'172.81837',b'-258.88358',b'896.4117',b'146.69884',b'-775.33636',b'1083.1316',b'168.9244',b'-255.17953',b'903.6621',b'145.64395',b'-762.57697',b'1079.2361',b'173.51704',b'-226.9884',b'907.5412',b'152.03806',b'-712.68506',b'990.5098',b'385.33765',b'76.14572',b'935.32574',b'379.40408',b'-76.15541',b'995.7525',b'514.0232',b'51.672108',b'950.7983',b'508.00232',b'-109.80726',b'996.9436',b'649.6108',b'151.67046',b'966.823',b'649.3354',b'32.353798',b'987.2749',b'670.46277',b'153.13306',b'962.63226',b'669.6487',b'38.142323',b'1023.9361',b'689.865',b'4.431738',b'989.9444',b'688.5542',b'-130.33224'
image_093.jpg,b'973.3744',b'133.45988',b'-122.19545',b'975.7213',b'127.189995',b'-98.90791',b'978.78796',b'127.234314',b'-98.89217',b'981.8025',b'127.47227',b'-98.93438',b'966.7654',b'129.1203',b'-104.54008',b'963.4346',b'130.65123',b'-104.57245',b'960.06055',b'132.31699',b'-104.65074',b'984.36163',b'136.34982',b'25.161198',b'951.71704',b'144.1511',b'-1.8949641',b'981.8596',b'144.79001',b'-75.9345',b'968.0634',b'147.71613',b'-83.62982',b'1035.3838',b'202.30202',b'112.85349',b'932.6063',b'203.20041',b'1.4419029',b'1092.469',b'266.36404',b'4.8393908',b'885.06006',b'248.10915',b'-156.22615',b'1115.2944',b'188.69498',b'-208.80153',b'879.4449',b'163.67738',b'-350.9963',b'1123.9214',b'171.37672',b'-246.02525',b'876.02924',b'143.08913',b'-389.40402',b'1118.1704',b'166.7027',b'-236.82394',b'883.0485',b'139.98288',b'-380.2556',b'1113.183',b'171.4962',b'-212.66199',b'887.39465',b'145.91232',b'-352.03268',b'1049.6129',b'374.36133',b'31.101873',b'991.5199',b'371.33084',b'-31.141394',b'1040.69',b'516.0032',b'16.234047',b'988.1968',b'512.66455',b'-49.011906',b'1016.85425',b'635.919',b'135.36731',b'990.627',b'638.44525',b'67.00188',b'1008.772',b'653.2338',b'141.45505',b'984.1602',b'657.1214',b'72.8705',b'1035.7675',b'676.9396',b'31.564554',b'1003.743',b'680.92474',b'-55.74318'
image_094.jpg,b'982.99896',b'142.17067',b'-106.98716',b'988.4364',b'133.28447',b'-77.85901',b'991.8265',b'133.70755',b'-77.847855',b'995.3043',b'134.22083',b'-77.92876',b'977.92004',b'133.61647',b'-82.79616',b'973.9864',b'134.36404',b'-82.75504',b'970.0491',b'135.16193',b'-82.738686',b'999.23364',b'141.20932',b'71.511444',b'962.36035',b'141.66072',b'43.563484',b'989.9159',b'156.57117',b'-51.453648',b'975.9796',b'156.02547',b'-59.55367',b'1031.4108',b'211.70093',b'161.87585',b'929.0011',b'207.32933',b'84.66959',b'1091.9794',b'267.4176',b'87.81539',b'875.7116',b'252.13176',b'-65.37947',b'1112.6631',b'188.14926',b'-89.38025',b'882.34875',b'164.56464',b'-313.03308',b'1121.6625',b'169.44543',b'-125.13039',b'879.63586',b'144.2262',b'-355.76892',b'1113.8218',b'163.53629',b'-114.389015',b'887.2418',b'142.5443',b'-345.26767',b'1109.0615',b'170.34108',b'-90.930626',b'891.5634',b'149.29076',b'-314.00934',b'1024.5697',b'375.63666',b'14.616713',b'964.8894',b'373.03998',b'-14.479372',b'1015.6571',b'520.7792',b'-27.92134',b'961.27875',b'517.2155',b'-67.12773',b'993.4631',b'656.2172',b'37.00646',b'967.9745',b'654.64996',b'19.937449',b'983.97046',b'672.86053',b'37.344017',b'963.80963',b'673.2744',b'23.227737',b'1014.2998',b'694.6634',b'-88.70668',b'970.8467',b'690.6287',b'-108.383606'
image_095.jpg,b'930.5581',b'144.44115',b'-139.6361',b'927.5275',b'139.81741',b'-105.46575',b'929.1824',b'140.3413',b'-105.47283',b'930.8112',b'140.77348',b'-105.49776',b'921.4144',b'139.38393',b'-130.54668',b'918.8244',b'139.67068',b'-130.53197',b'915.8892',b'140.12799',b'-130.64235',b'926.9866',b'146.49757',b'67.760895',b'904.83887',b'150.79234',b'-46.9523',b'937.4459',b'155.80632',b'-73.735855',b'929.4801',b'155.72049',b'-107.24599',b'971.8804',b'209.83405',b'158.97232',b'881.39514',b'205.98814',b'-105.65817',b'1039.4713',b'259.46164',b'-32.31235',b'872.0349',b'241.56439',b'-447.454',b'1072.8695',b'185.08556',b'-334.8646',b'878.62396',b'156.3012',b'-717.51794',b'1083.107',b'168.53406',b'-386.49667',b'887.03723',b'143.18744',b'-784.71655',b'1079.0332',b'164.2437',b'-390.76324',b'891.5773',b'140.06094',b'-764.3544',b'1073.9182',b'167.78026',b'-348.00882',b'890.0838',b'145.21632',b'-717.7511',b'988.9487',b'372.50427',b'63.662945',b'928.7537',b'380.76385',b'-63.611477',b'1013.83704',b'504.46094',b'2.1355195',b'948.1821',b'512.8135',b'-52.328556',b'1018.90454',b'643.58215',b'152.07614',b'967.439',b'647.93317',b'167.63893',b'1010.5363',b'661.5994',b'158.43965',b'972.02124',b'666.50934',b'179.78412',b'1037.7151',b'679.3022',b'-3.6538098',b'972.938',b'689.70654',b'7.5518775'
image_096.jpg,b'920.0891',b'115.739784',b'4.2653394',b'917.2398',b'110.01146',b'32.071617',b'918.7385',b'109.868774',b'32.02906',b'920.2502',b'109.90421',b'31.92933',b'911.0284',b'112.29779',b'20.562702',b'908.22375',b'113.62999',b'20.56084',b'905.3981',b'115.068855',b'20.451574',b'919.8334',b'117.043594',b'174.25688',b'899.03326',b'125.094734',b'121.39739',b'925.1412',b'124.114365',b'58.367207',b'917.6299',b'126.03136',b'42.675877',b'971.9672',b'171.43642',b'273.7039',b'893.6863',b'175.08192',b'89.96309',b'1018.6569',b'239.50403',b'217.29991',b'882.9622',b'238.95465',b'-147.5456',b'1070.993',b'184.32185',b'39.72181',b'882.43713',b'168.04735',b'-427.5403',b'1084.8713',b'170.70425',b'14.243414',b'879.0351',b'150.50145',b'-480.95038',b'1083.0398',b'165.27888',b'-1.550949',b'885.10724',b'150.16057',b'-473.83282',b'1077.5292',b'170.16736',b'26.85284',b'885.94965',b'155.02748',b'-432.98764',b'984.65204',b'321.8501',b'51.573105',b'929.712',b'323.05304',b'-51.50058',b'999.0057',b'461.3566',b'-30.971245',b'946.90564',b'459.90097',b'-116.8241',b'1007.77246',b'594.82587',b'65.76147',b'954.42377',b'594.0709',b'-2.0142837',b'998.0292',b'611.8373',b'68.03754',b'958.3241',b'613.51465',b'4.1099415',b'1019.3369',b'629.5615',b'-75.97094',b'967.19366',b'626.6045',b'-144.5262'
image_097.jpg,b'910.3043',b'119.228035',b'-42.29403',b'910.00934',b'109.68332',b'-19.219723',b'912.59863',b'108.60101',b'-19.273523',b'915.2825',b'107.81898',b'-19.37672',b'903.17847',b'113.21833',b'-21.834637',b'901.25586',b'114.26848',b'-21.816956',b'899.4003',b'115.48107',b'-21.956999',b'919.56305',b'112.721886',b'116.30441',b'897.8817',b'123.6456',b'106.12555',b'919.5394',b'125.01675',b'10.915264',b'910.27405',b'128.72556',b'7.6327486',b'968.29584',b'160.24529',b'214.5328',b'895.34436',b'175.67438',b'111.27473',b'1013.2638',b'233.97728',b'150.00612',b'883.32404',b'239.3491',b'-93.038376',b'1067.7605',b'178.65636',b'-44.43721',b'885.1204',b'170.75166',b'-384.83408',b'1082.7317',b'168.04497',b'-78.346924',b'883.2992',b'149.15321',b'-434.99084',b'1080.752',b'162.33934',b'-91.47194',b'886.5814',b'147.75177',b'-433.3752',b'1074.7146',b'166.22713',b'-56.48216',b'887.753',b'153.45717',b'-391.89636',b'987.92554',b'310.38477',b'31.709694',b'942.8976',b'314.00482',b'-31.528477',b'994.01697',b'443.53534',b'-66.538414',b'955.4881',b'447.19888',b'-114.274925',b'995.34863',b'576.0661',b'-21.97285',b'951.6588',b'578.4376',b'-56.176582',b'989.93463',b'597.8569',b'-24.54073',b'956.23065',b'602.08545',b'-55.135437',b'1002.43756',b'607.1559',b'-166.64038',b'954.6866',b'607.2117',b'-199.713'
image_098.jpg,b'970.5923',b'171.67726',b'-331.54257',b'969.9221',b'165.42665',b'-301.06958',b'972.18933',b'165.25',b'-301.1051',b'974.44885',b'164.96367',b'-301.16232',b'962.7768',b'166.99641',b'-307.6793',b'960.2791',b'167.99612',b'-307.63025',b'957.782',b'168.91135',b'-307.67264',b'977.6017',b'170.23589',b'-138.71065',b'953.61975',b'177.63824',b'-168.04204',b'977.4289',b'181.03845',b'-271.18',b'968.6703',b'183.22514',b'-279.50418',b'1016.1991',b'232.75832',b'-79.14769',b'936.2232',b'234.74738',b'-165.19604',b'1078.3873',b'266.55536',b'-342.48285',b'875.0655',b'240.287',b'-464.60464',b'1085.0734',b'191.21402',b'-640.68463',b'905.8748',b'164.75189',b'-748.3808',b'1090.8118',b'172.4836',b'-713.21234',b'905.55676',b'146.5509',b'-813.61273',b'1079.0488',b'169.33351',b'-697.24335',b'918.3571',b'147.7298',b'-802.5623',b'1073.916',b'175.23433',b'-646.2055',b'921.92194',b'155.27225',b'-753.5013',b'1014.9608',b'407.36917',b'23.022629',b'979.05396',b'406.57132',b'-22.961563',b'1008.3999',b'527.1541',b'-56.064163',b'992.4274',b'526.8412',b'-97.2262',b'1003.6423',b'656.8556',b'91.581535',b'997.7443',b'661.09',b'67.40636',b'999.9115',b'672.22577',b'96.88968',b'994.7997',b'674.5638',b'75.63886',b'1020.802',b'693.9832',b'-54.56406',b'1006.6469',b'700.6059',b'-84.633255'
image_099.jpg,b'971.70764',b'141.49074',b'-257.3542',b'971.36365',b'137.73286',b'-225.01552',b'972.92303',b'138.50015',b'-225.05159',b'974.1203',b'139.33127',b'-225.13023',b'964.98517',b'139.59273',b'-245.27151',b'962.8499',b'140.75526',b'-245.22234',b'960.08435',b'142.33006',b'-245.29433',b'978.43726',b'143.70471',b'-45.80571',b'951.7281',b'154.91588',b'-139.95175',b'975.65955',b'152.28786',b'-188.92146',b'967.90466',b'153.60648',b'-216.3043',b'1032.9382',b'217.84659',b'33.953865',b'921.6578',b'221.62956',b'-157.05162',b'1073.5519',b'262.30505',b'-187.43834',b'875.26483',b'233.19504',b'-510.195',b'1085.1437',b'184.96518',b'-499.4356',b'909.37256',b'159.06888',b'-822.5456',b'1092.549',b'168.7004',b'-565.1662',b'916.979',b'146.95068',b'-894.44086',b'1083.8319',b'166.40675',b'-550.40857',b'923.64087',b'146.24281',b'-871.5776',b'1081.3882',b'172.99562',b'-505.50208',b'923.1205',b'151.6919',b'-822.4562',b'1039.1709',b'421.3342',b'19.832249',b'988.7197',b'414.0096',b'-19.698524',b'1049.2771',b'575.8267',b'-79.108025',b'1002.96765',b'571.41656',b'-29.24847',b'1064.7252',b'716.5036',b'139.5579',b'1016.24506',b'669.6003',b'312.43896',b'1061.7415',b'734.756',b'153.56586',b'1020.2093',b'698.6599',b'341.3935',b'1083.0338',b'760.0726',b'-9.065753',b'1018.9534',b'738.3859',b'203.14824'
image_100.jpg,b'972.5251',b'187.25543',b'-344.19614',b'976.30896',b'179.31741',b'-308.6042',b'979.6447',b'179.27003',b'-308.6037',b'983.0679',b'179.24683',b'-308.64694',b'967.2502',b'181.09955',b'-318.8691',b'964.1763',b'182.20238',b'-318.8517',b'960.9294',b'183.24977',b'-318.93713',b'989.5324',b'185.7317',b'-120.55471',b'955.9513',b'192.38971',b'-167.94029',b'980.9991',b'196.94766',b'-274.5715',b'968.423',b'199.15753',b'-288.315',b'1044.8296',b'248.11282',b'-7.353899',b'938.5936',b'252.98834',b'-183.05159',b'1099.9944',b'263.22308',b'-186.12161',b'882.7223',b'240.99088',b'-471.7488',b'1092.5657',b'188.8486',b'-469.0775',b'896.41626',b'162.02724',b'-742.7854',b'1093.7523',b'170.98361',b'-530.14886',b'900.39484',b'148.46992',b'-812.98016',b'1085.4795',b'169.85683',b'-514.44745',b'909.16455',b'147.73816',b'-792.9542',b'1082.742',b'176.39159',b'-473.21594',b'910.325',b'152.73206',b'-743.23737',b'1045.066',b'440.6864',b'50.89794',b'984.3993',b'441.4322',b'-50.857506',b'1068.3734',b'574.45013',b'-82.49619',b'995.6224',b'558.40485',b'-76.15116',b'1031.31',b'678.3287',b'152.86455',b'993.0152',b'668.7516',b'238.93561',b'1063.259',b'724.36414',b'168.95888',b'985.9797',b'682.6195',b'263.68958',b'1066.61',b'717.7593',b'8.797678',b'1013.09546',b'711.36884',b'108.79728'
image_101.jpg,b'977.6478',b'115.38847',b'-126.53688',b'977.00684',b'111.39612',b'-94.35046',b'979.0979',b'112.461555',b'-94.340744',b'981.1713',b'113.81664',b'-94.36902',b'969.23596',b'111.66745',b'-110.03797',b'965.6559',b'112.725006',b'-110.00786',b'961.79144',b'114.036285',b'-110.1394',b'980.55347',b'126.30411',b'67.57954',b'949.1725',b'126.49909',b'-7.284926',b'983.7234',b'128.93683',b'-66.19701',b'973.1995',b'128.34125',b'-88.343056',b'1021.22577',b'197.55075',b'173.37177',b'916.1475',b'183.90327',b'-20.268879',b'1067.6897',b'265.67047',b'69.34143',b'870.33716',b'252.41794',b'-258.30093',b'1083.9578',b'187.56187',b'-156.92174',b'888.0826',b'163.60695',b'-546.32526',b'1090.2836',b'168.97183',b'-193.86841',b'886.53845',b'146.02713',b'-600.2507',b'1085.3888',b'165.80899',b'-185.7082',b'892.64703',b'142.81317',b'-592.2646',b'1080.8529',b'171.33426',b'-160.69221',b'896.49493',b'149.46896',b'-548.81213',b'1009.0338',b'375.17032',b'46.76172',b'948.1257',b'371.64667',b'-46.696056',b'1001.07764',b'507.75336',b'22.320768',b'957.57935',b'506.81195',b'-100.35737',b'1000.6375',b'657.8267',b'85.57932',b'969.4697',b'658.49915',b'-1.4840618',b'996.93915',b'679.36316',b'83.00794',b'967.99677',b'680.35187',b'1.798356',b'1017.15796',b'688.5981',b'-59.237274',b'985.9591',b'698.531',b'-156.7325'
image_102.jpg,b'971.4306',b'150.50955',b'-227.91011',b'971.6994',b'140.05116',b'-197.66219',b'973.4041',b'140.7403',b'-197.66795',b'975.1473',b'141.63358',b'-197.708',b'965.0045',b'138.4878',b'-224.05331',b'961.87054',b'138.19235',b'-224.02608',b'958.6842',b'138.16566',b'-224.17183',b'972.4432',b'146.9496',b'-18.887281',b'945.8052',b'144.6836',b'-142.14711',b'974.73303',b'163.34476',b'-157.8881',b'966.4215',b'161.25607',b'-193.89099',b'1007.2811',b'212.74893',b'133.75264',b'905.90204',b'198.05875',b'-149.80156',b'1067.576',b'272.10992',b'48.17139',b'871.4486',b'251.48196',b'-415.10748',b'1083.5447',b'188.01147',b'-189.20041',b'893.7123',b'161.48499',b'-690.41846',b'1088.0004',b'168.11699',b'-224.46376',b'893.632',b'147.52429',b'-749.90546',b'1082.1783',b'163.28392',b'-219.6952',b'901.8413',b'144.84473',b'-734.76575',b'1078.0479',b'169.33717',b'-195.24452',b'903.7676',b'151.3532',b'-690.0425',b'998.2044',b'396.85223',b'80.802345',b'945.5581',b'390.4956',b'-80.723495',b'993.56195',b'526.2513',b'79.14865',b'958.9578',b'522.9915',b'-80.879944',b'995.51215',b'661.18994',b'198.84958',b'970.56757',b'662.28503',b'84.1531',b'988.8616',b'682.9407',b'202.08401',b'967.2798',b'682.55743',b'91.84846',b'1021.4646',b'701.9504',b'49.112137',b'993.39557',b'704.1421',b'-80.74216'
image_103.jpg,b'978.23627',b'120.54623',b'-163.4821',b'977.33',b'115.411095',b'-129.25827',b'979.2618',b'116.35989',b'-129.24603',b'981.1455',b'117.668785',b'-129.2427',b'969.9448',b'116.0921',b'-144.8326',b'966.57764',b'117.40202',b'-144.8242',b'963.04755',b'118.99027',b'-144.93321',b'981.076',b'129.03384',b'44.89889',b'953.33435',b'130.2454',b'-30.341259',b'984.72656',b'134.42502',b'-98.807434',b'974.2124',b'133.80533',b'-120.98499',b'1022.5703',b'198.74426',b'157.06084',b'921.88196',b'186.6393',b'-38.667744',b'1068.4478',b'269.49823',b'62.219387',b'870.67456',b'250.63591',b'-294.29974',b'1086.2949',b'189.54517',b'-149.92705',b'889.74713',b'165.82785',b'-592.2058',b'1087.8021',b'170.40419',b'-184.65228',b'887.9457',b'146.96399',b'-648.25836',b'1082.1234',b'167.21648',b'-178.94568',b'894.6817',b'144.3281',b'-636.98114',b'1078.75',b'173.53896',b'-153.61137',b'898.6272',b'151.01945',b'-593.70825',b'1017.33636',b'381.17322',b'50.926697',b'959.58777',b'378.5097',b'-50.95626',b'1006.7816',b'511.97665',b'56.386257',b'967.6933',b'508.79077',b'-60.09789',b'1003.7227',b'655.0193',b'142.02347',b'978.3197',b'655.411',b'54.59522',b'996.56366',b'675.0587',b'142.15846',b'975.1135',b'675.10986',b'59.247364',b'1025.5605',b'687.93634',b'3.3621278',b'1000.16833',b'687.33734',b'-92.5033'
image_104.jpg,b'965.2801',b'159.88004',b'-216.06827',b'964.8451',b'150.85733',b'-182.47891',b'966.6639',b'151.14308',b'-182.47241',b'968.48785',b'151.43707',b'-182.5167',b'957.7704',b'150.51933',b'-213.35658',b'954.352',b'150.62018',b'-213.3146',b'950.6634',b'150.64708',b'-213.44563',b'965.33386',b'158.78493',b'-3.9823227',b'936.04913',b'160.20168',b'-148.11577',b'970.01874',b'173.1359',b'-147.23428',b'959.9975',b'172.7005',b'-189.07014',b'1002.8437',b'229.54573',b'137.50719',b'908.24115',b'219.84476',b'-200.35954',b'1072.0851',b'267.58484',b'43.627804',b'875.0409',b'232.60396',b'-494.57977',b'1081.7925',b'190.05476',b'-198.07825',b'892.94495',b'157.04097',b'-734.14984',b'1085.4539',b'168.69316',b'-238.062',b'896.15216',b'141.02873',b'-798.02484',b'1079.3585',b'166.57683',b'-236.1891',b'903.13983',b'139.18724',b'-776.9048',b'1075.3961',b'172.77396',b'-205.77112',b'904.3556',b'144.82303',b'-731.6999',b'1004.54956',b'399.57574',b'105.01883',b'957.85004',b'396.46918',b'-105.05535',b'1009.5902',b'531.9872',b'88.270226',b'980.4332',b'534.24945',b'-131.66379',b'1008.33765',b'659.0356',b'282.3136',b'995.17206',b'664.0407',b'97.668755',b'999.7816',b'677.7572',b'295.2036',b'989.7417',b'681.4875',b'113.46566',b'1036.3433',b'689.39734',b'172.7409',b'1017.5971',b'695.00195',b'-44.530064'
image_105.jpg,b'966.86017',b'126.33333',b'222.81651',b'959.611',b'121.03209',b'178.28435',b'956.5105',b'121.57639',b'178.38354',b'953.02765',b'122.11384',b'178.34589',b'968.2727',b'121.218735',b'173.66003',b'971.09973',b'121.537674',b'173.74393',b'973.6631',b'121.73546',b'173.66283',b'947.3885',b'128.85034',b'26.04462',b'975.24744',b'127.45065',b'2.460504',b'961.7959',b'136.74567',b'178.86101',b'970.279',b'137.70537',b'171.39934',b'899.6948',b'183.47665',b'14.31362',b'1012.7213',b'190.61635',b'-95.40507',b'881.68994',b'238.8763',b'195.82236',b'1051.7606',b'255.16144',b'-62.210934',b'899.7245',b'157.51328',b'376.9997',b'1077.9966',b'181.81342',b'72.41627',b'923.37445',b'149.42438',b'409.91397',b'1091.2758',b'166.37744',b'88.39812',b'937.91754',b'142.48218',b'401.03885',b'1077.1183',b'161.28302',b'100.44412',b'939.8008',b'150.88794',b'379.55118',b'1071.8568',b'166.39427',b'83.304535',b'950.8853',b'391.80417',b'40.608418',b'1004.9635',b'387.34982',b'-41.333855',b'961.10986',b'502.90305',b'262.1873',b'1003.1329',b'504.0585',b'215.27202',b'974.8875',b'638.98804',b'229.89438',b'997.2413',b'647.6242',b'232.55353',b'973.8619',b'656.2087',b'229.95709',b'992.4573',b'662.48083',b'241.02716',b'982.84814',b'674.2732',b'195.06749',b'999.0221',b'682.29236',b'207.99716'
image_106.jpg,b'966.66986',b'166.18689',b'-315.03693',b'969.892',b'156.59953',b'-282.07773',b'973.4346',b'156.98915',b'-282.09094',b'976.83655',b'157.26775',b'-282.15802',b'958.74176',b'155.24065',b'-308.51404',b'954.706',b'154.87201',b'-308.43225',b'950.7691',b'154.59363',b'-308.5332',b'977.4091',b'161.48994',b'-87.12596',b'940.70215',b'160.52892',b'-212.6348',b'973.69824',b'180.09958',b'-239.08199',b'959.48694',b'178.26555',b'-275.4123',b'1006.0897',b'229.93597',b'63.017536',b'896.39526',b'212.41418',b'-245.16086',b'1073.0624',b'274.94675',b'-73.523834',b'870.3965',b'236.9805',b'-562.62976',b'1086.989',b'192.95393',b'-388.09293',b'888.3048',b'159.56697',b'-841.54486',b'1090.2328',b'172.07065',b'-445.36377',b'888.80853',b'143.26453',b'-919.44275',b'1081.7035',b'167.57979',b'-450.39645',b'898.9746',b'142.82109',b'-898.45905',b'1078.5375',b'174.9444',b'-401.55707',b'901.9581',b'147.19936',b'-841.71814',b'1000.49927',b'420.39682',b'97.03647',b'941.5501',b'422.8931',b'-97.017075',b'1011.89417',b'538.02325',b'154.43031',b'961.0332',b'548.46234',b'-112.77162',b'1011.41077',b'670.3788',b'435.14526',b'988.83887',b'676.69556',b'169.58443',b'1003.9228',b'684.99365',b'456.1044',b'987.6374',b'690.74585',b'190.22423',b'1036.7833',b'701.81256',b'317.1767',b'1002.2605',b'709.0325',b'10.128137'
image_107.jpg,b'971.2389',b'170.24629',b'-246.2607',b'971.74506',b'164.11778',b'-212.46637',b'974.8331',b'164.58751',b'-212.4405',b'977.79956',b'164.97684',b'-212.45975',b'962.7722',b'163.91019',b'-234.93726',b'959.9421',b'164.3119',b'-234.9104',b'956.9802',b'164.70403',b'-235.03209',b'981.8732',b'171.57391',b'-34.562305',b'952.6513',b'174.69283',b'-136.90251',b'980.9554',b'182.48726',b'-178.95526',b'969.84155',b'182.10083',b'-208.55841',b'1018.1495',b'237.80862',b'84.37307',b'935.6048',b'238.07347',b'-203.48767',b'1087.0458',b'265.99707',b'-85.43268',b'881.8875',b'242.75468',b'-530.41693',b'1088.6235',b'185.06827',b'-354.53876',b'907.8994',b'161.61792',b'-768.67487',b'1090.5566',b'166.79834',b'-405.1476',b'913.79425',b'148.0029',b'-833.0847',b'1081.9614',b'164.23883',b'-393.41364',b'922.61584',b'150.63112',b'-810.9899',b'1079.418',b'170.249',b'-360.8173',b'922.77966',b'155.86046',b'-766.90826',b'1034.482',b'420.10144',b'89.38613',b'991.8503',b'419.74133',b'-89.44815',b'1039.1675',b'535.1281',b'-24.060432',b'1010.5455',b'541.3895',b'-104.8498',b'1031.8739',b'672.45264',b'118.89019',b'1012.0611',b'667.8914',b'124.76908',b'1058.9988',b'719.27124',b'124.580284',b'1002.9559',b'685.1736',b'139.53403',b'1101.4353',b'738.6909',b'-36.471848',b'1042.169',b'728.2492',b'-25.876347'
image_108.jpg,b'991.70264',b'133.68222',b'-127.49475',b'990.34424',b'126.54245',b'-98.319275',b'991.8852',b'126.89933',b'-98.32409',b'993.50543',b'127.53341',b'-98.35305',b'984.75116',b'127.379166',b'-114.26832',b'982.0842',b'128.35226',b'-114.262',b'979.1773',b'129.57039',b'-114.343254',b'993.8188',b'136.59813',b'56.16739',b'971.5685',b'138.25992',b'-18.798603',b'997.25385',b'146.32727',b'-68.623856',b'989.34033',b'146.31964',b'-90.651306',b'1030.8198',b'204.98596',b'177.73897',b'935.54694',b'190.94334',b'-8.46944',b'1079.864',b'269.43933',b'112.57527',b'875.9863',b'254.39107',b'-191.53703',b'1094.6193',b'191.6581',b'-82.09756',b'887.32886',b'168.65594',b'-438.76202',b'1098.7579',b'172.3248',b'-108.56567',b'880.15295',b'146.53957',b'-482.02313',b'1091.4164',b'169.30795',b'-102.61656',b'892.2423',b'142.94312',b'-471.866',b'1087.6288',b'176.03117',b'-85.412674',b'899.0034',b'152.03355',b'-439.4',b'1004.64856',b'381.31998',b'63.29813',b'963.38403',b'374.0346',b'-63.350838',b'996.4531',b'516.4346',b'28.595058',b'972.131',b'513.58936',b'-97.40026',b'997.01385',b'655.849',b'73.58027',b'977.155',b'654.96246',b'-24.79092',b'987.4849',b'677.4648',b'70.69853',b'970.3826',b'676.44995',b'-23.82645',b'1028.962',b'689.60645',b'-59.29849',b'1013.5169',b'688.31635',b'-166.56969'
image_109.jpg,b'977.99744',b'176.90703',b'-248.25983',b'982.5212',b'165.36002',b'-214.55667',b'986.01733',b'165.76622',b'-214.52129',b'989.2162',b'166.2354',b'-214.52979',b'972.12225',b'164.20262',b'-229.77527',b'968.2353',b'163.85124',b'-229.71298',b'964.4917',b'163.68262',b'-229.82074',b'991.99884',b'170.57568',b'-29.994684',b'957.5291',b'169.5754',b'-102.568535',b'985.63727',b'189.49272',b'-177.70497',b'972.2725',b'187.31087',b'-198.98354',b'1027.8801',b'232.80717',b'116.17353',b'923.27386',b'224.0947',b'-93.66376',b'1087.7334',b'274.19647',b'43.254623',b'871.0889',b'259.18015',b'-337.70615',b'1091.1119',b'186.02733',b'-156.56418',b'892.93896',b'165.2672',b'-624.34045',b'1094.8328',b'167.10399',b'-190.10353',b'891.9626',b'148.90846',b'-681.3155',b'1088.7413',b'166.15329',b'-182.5895',b'903.27075',b'148.22865',b'-665.207',b'1084.8276',b'173.3845',b'-160.03456',b'907.25134',b'154.11067',b'-623.3928',b'1013.70734',b'420.60776',b'59.525723',b'959.139',b'413.0201',b'-59.32312',b'1006.07324',b'540.8014',b'39.10377',b'966.63245',b'542.22424',b'-78.17227',b'997.8989',b'678.4344',b'133.06987',b'975.3726',b'680.9805',b'35.468437',b'990.4214',b'695.2828',b'133.36427',b'972.1815',b'696.77014',b'38.761906',b'1017.151',b'719.5617',b'-11.700541',b'990.81506',b'720.75134',b'-116.68911'
image_110.jpg,b'986.10706',b'144.97644',b'-232.7586',b'988.44336',b'134.31024',b'-201.50278',b'991.1959',b'134.47388',b'-201.5172',b'993.9926',b'134.93666',b'-201.5657',b'979.91547',b'134.6492',b'-214.68103',b'976.5763',b'135.01915',b'-214.68102',b'973.14777',b'135.55247',b'-214.78893',b'998.3759',b'143.3589',b'-18.975082',b'964.38916',b'143.23357',b'-82.38492',b'993.7959',b'157.9072',b'-162.35983',b'981.99347',b'157.56294',b'-181.12929',b'1034.6986',b'210.09456',b'136.19069',b'931.22015',b'196.2149',b'-51.516693',b'1084.0074',b'274.5986',b'82.90186',b'874.53735',b'255.9107',b'-253.83044',b'1096.1012',b'193.1951',b'-107.96731',b'889.9108',b'167.38472',b'-548.6498',b'1095.4269',b'173.09142',b'-136.34978',b'887.6129',b'149.37444',b'-604.98755',b'1090.4034',b'170.34169',b'-133.26932',b'895.15485',b'145.93327',b'-595.92834',b'1087.435',b'176.26448',b'-111.86027',b'900.5864',b'153.53769',b'-550.93146',b'1014.61615',b'390.1283',b'60.00112',b'964.0253',b'379.02313',b'-59.958176',b'1010.5395',b'525.1338',b'38.149494',b'969.7306',b'519.9592',b'-111.487755',b'1005.3904',b'664.51764',b'118.979546',b'979.34546',b'662.9365',b'7.7391887',b'997.4899',b'685.34717',b'118.56381',b'974.7376',b'681.8123',b'12.497271',b'1032.4426',b'701.3883',b'-31.240294',b'1007.9196',b'696.4696',b'-150.73286'
