image_001.jpg,b'720.1416',b'576.10675',b'-148.83867',b'706.1688',b'564.04425',b'-188.89265',b'706.10895',b'561.24976',b'-188.91002',b'706.04816',b'558.2194',b'-188.90851',b'705.5755',b'564.9476',b'-131.72594',b'705.04614',b'562.986',b'-131.74542',b'704.512',b'560.6883',b'-131.77786',b'714.378',b'538.4622',b'-281.97043',b'712.61835',b'540.85004',b'-23.504465',b'734.2472',b'570.035',b'-175.85745',b'734.07336',b'571.7679',b'-100.473175',b'795.04425',b'542.5453',b'-401.68182',b'795.85864',b'522.86237',b'178.5639',b'814.79645',b'659.18677',b'-484.3119',b'806.91437',b'620.5493',b'272.74823',b'803.2758',b'769.4849',b'-461.29858',b'803.61163',b'710.93115',b'142.24768',b'779.0806',b'780.06525',b'-532.51385',b'783.19635',b'714.57904',b'146.64908',b'773.0303',b'771.56757',b'-491.8381',b'780.46765',b'719.4518',b'83.95211',b'780.89355',b'768.7135',b'-445.77966',b'788.02026',b'720.20715',b'112.048164',b'1019.3259',b'581.2534',b'-179.4477',b'999.4985',b'569.5525',b'179.3245',b'1172.0778',b'645.18335',b'-116.45239',b'1102.0884',b'640.0554',b'456.59256',b'1318.6299',b'692.5387',b'-28.502628',b'1168.5574',b'699.19226',b'785.94995',b'1358.9711',b'682.99036',b'-25.53967',b'1193.1343',b'700.155',b'819.45325',b'1308.1658',b'770.59534',b'-138.55412',b'1140.3337',b'760.58545',b'819.8864'
image_002.jpg,b'718.91956',b'574.1483',b'-130.83934',b'704.5183',b'562.6877',b'-169.0769',b'704.37213',b'560.18195',b'-169.09254',b'704.20715',b'557.3618',b'-169.08124',b'704.2961',b'563.6411',b'-112.47216',b'703.92944',b'561.89966',b'-112.50016',b'703.4401',b'559.79767',b'-112.52681',b'712.6594',b'537.36206',b'-258.08887',b'711.0398',b'539.5082',b'-2.1120977',b'733.6594',b'568.252',b'-156.97374',b'733.87915',b'570.02814',b'-82.3018',b'791.6639',b'540.76135',b'-383.07172',b'800.2924',b'523.7055',b'195.61185',b'810.15845',b'654.7619',b'-469.21213',b'812.61334',b'625.7939',b'282.2928',b'800.6176',b'769.2455',b'-450.26318',b'811.39545',b'717.2539',b'151.10126',b'773.512',b'780.15063',b'-522.2275',b'787.8464',b'719.4797',b'156.09515',b'769.3579',b'769.8974',b'-480.5182',b'784.4811',b'723.9624',b'92.944534',b'778.11566',b'767.378',b'-434.52875',b'793.7513',b'724.9483',b'120.65176',b'1013.37787',b'581.48145',b'-178.25868',b'1001.09045',b'566.581',b'178.15976',b'1170.1158',b'644.70465',b'-120.93711',b'1110.1465',b'635.39185',b'418.34778',b'1318.5681',b'694.5403',b'-38.325256',b'1179.9562',b'702.04364',b'722.98755',b'1357.652',b'684.27686',b'-35.803276',b'1206.1611',b'702.8683',b'753.8129',b'1309.7306',b'768.9936',b'-146.95639',b'1150.5626',b'765.9587',b'745.6195'
image_003.jpg,b'723.377',b'585.9245',b'-102.107254',b'708.3961',b'576.1233',b'-139.70319',b'707.6976',b'573.31067',b'-139.73387',b'707.016',b'570.4158',b'-139.73552',b'708.63043',b'577.41486',b'-83.72592',b'708.01746',b'575.6684',b'-83.73658',b'707.3479',b'573.59937',b'-83.74836',b'712.05585',b'549.82776',b'-230.01048',b'712.9674',b'551.6126',b'22.806347',b'736.77875',b'576.75037',b'-129.43256',b'737.92944',b'579.08203',b'-55.620228',b'784.7877',b'544.65894',b'-360.78162',b'799.2464',b'522.55023',b'211.19928',b'800.30457',b'659.09827',b'-449.0698',b'812.3783',b'629.36804',b'288.07266',b'796.9097',b'772.5788',b'-423.6944',b'814.6198',b'720.07324',b'155.60681',b'768.57086',b'783.3255',b'-494.18872',b'790.5915',b'721.1982',b'160.59056',b'763.7202',b'774.8809',b'-450.8283',b'786.89307',b'726.7251',b'98.47255',b'773.3942',b'771.8191',b'-407.19937',b'797.0419',b'727.74994',b'125.239044',b'1004.31287',b'576.92',b'-173.28668',b'996.03',b'560.8224',b'173.30217',b'1159.5237',b'637.0784',b'-132.60896',b'1097.4363',b'633.71564',b'386.19556',b'1309.5402',b'685.67914',b'-53.825138',b'1165.7029',b'700.0059',b'655.8438',b'1351.6056',b'678.7358',b'-51.612495',b'1192.1385',b'700.38025',b'682.51385',b'1313.8433',b'765.6869',b'-157.19879',b'1137.0193',b'764.7226',b'669.28625'
image_004.jpg,b'723.29535',b'583.1688',b'-159.45035',b'707.8339',b'572.96765',b'-198.91164',b'707.28',b'570.31537',b'-198.93967',b'706.65686',b'567.534',b'-198.9627',b'707.86237',b'573.9082',b'-142.82535',b'707.2569',b'572.01184',b'-142.85602',b'706.51953',b'569.7443',b'-142.9071',b'712.84686',b'547.1892',b'-292.1941',b'712.786',b'548.0441',b'-38.07145',b'737.8809',b'574.37756',b'-186.87784',b'738.63196',b'576.3803',b'-112.77438',b'792.9259',b'548.01044',b'-411.90866',b'800.9413',b'519.30444',b'166.03773',b'804.7933',b'658.08374',b'-486.56683',b'809.84424',b'620.39777',b'248.7254',b'799.92633',b'767.0723',b'-455.83554',b'809.65686',b'709.8432',b'118.56696',b'773.43585',b'777.0852',b'-526.03204',b'787.99005',b'710.2143',b'121.461136',b'768.50397',b'768.72156',b'-484.36353',b'784.0636',b'715.0584',b'60.87485',b'776.85046',b'765.80994',b'-440.05057',b'792.89667',b'716.8276',b'88.57942',b'1012.5326',b'580.522',b'-172.49533',b'1002.5149',b'557.0052',b'172.28674',b'1164.5208',b'640.5742',b'-83.3707',b'1054.5663',b'625.637',b'452.0134',b'1312.4323',b'682.3005',b'56.57736',b'1041.808',b'707.30725',b'791.03265',b'1348.5715',b'676.17883',b'64.965836',b'1110.6775',b'698.1842',b'824.77264',b'1309.6428',b'761.0561',b'-33.90156',b'1028.5593',b'750.1023',b'837.3078'
image_005.jpg,b'719.5742',b'580.80255',b'-159.20688',b'704.4562',b'570.7029',b'-197.6514',b'703.99854',b'568.1391',b'-197.67255',b'703.47815',b'565.39825',b'-197.69734',b'704.4418',b'571.59064',b'-141.60529',b'703.96295',b'569.76965',b'-141.62903',b'703.38513',b'567.57654',b'-141.64998',b'710.0558',b'545.0319',b'-285.63428',b'709.3113',b'546.45795',b'-30.909462',b'732.7486',b'573.1943',b'-185.04797',b'733.2218',b'575.09894',b'-110.78522',b'787.0863',b'546.6933',b'-409.45963',b'797.99115',b'521.56525',b'174.18803',b'800.3096',b'656.1004',b'-486.29367',b'809.04443',b'623.8363',b'243.89047',b'798.3501',b'767.14526',b'-452.23083',b'813.0938',b'714.2664',b'105.54973',b'772.7928',b'776.59924',b'-523.26276',b'788.95966',b'714.38513',b'107.91329',b'768.50616',b'768.5403',b'-479.98477',b'786.0795',b'718.5591',b'47.348316',b'776.78766',b'765.6362',b'-435.79718',b'795.75146',b'719.80634',b'75.380936',b'1006.9575',b'590.99976',b'-178.39066',b'996.03046',b'568.77576',b'178.21164',b'1159.424',b'643.80646',b'-122.31004',b'1039.2268',b'634.97784',b'472.35614',b'1311.5846',b'686.24005',b'-7.329491',b'1046.5708',b'723.0056',b'809.2534',b'1348.9427',b'677.12415',b'-2.0343235',b'1111.0294',b'715.79974',b'842.18604',b'1311.1497',b'765.48376',b'-112.147675',b'1048.6067',b'769.88995',b'846.14886'
image_006.jpg,b'720.31885',b'583.9442',b'-104.61856',b'704.421',b'573.95874',b'-143.75119',b'703.97864',b'571.34326',b'-143.82056',b'703.4059',b'568.5389',b'-143.85489',b'704.2961',b'575.4139',b'-88.774506',b'703.75964',b'573.96454',b'-88.78505',b'703.0775',b'572.17523',b'-88.82094',b'709.1088',b'548.29297',b'-236.93286',b'708.3215',b'549.95905',b'11.581429',b'733.6346',b'575.997',b'-131.57797',b'734.06854',b'578.50635',b'-59.001015',b'788.42206',b'548.87744',b'-353.11914',b'795.90936',b'522.40063',b'202.625',b'805.1948',b'660.22955',b'-416.8023',b'811.6049',b'625.1383',b'278.23254',b'799.91223',b'766.9521',b'-386.618',b'815.4453',b'712.6619',b'156.69325',b'775.60077',b'783.6763',b'-450.47217',b'792.26465',b'710.9055',b'162.78937',b'770.8586',b'770.6795',b'-411.37732',b'788.56445',b'714.53705',b'107.791725',b'779.11145',b'766.8089',b'-371.18292',b'798.0248',b'716.4772',b'129.76039',b'1011.7536',b'593.1475',b'-165.41672',b'997.7439',b'571.1705',b'165.33109',b'1168.636',b'656.3614',b'-123.17386',b'1077.5497',b'650.8038',b'431.04526',b'1316.1919',b'688.4998',b'-36.302982',b'1148.5668',b'705.8909',b'744.8931',b'1347.1152',b'682.25946',b'-32.72103',b'1172.8186',b'705.8668',b'777.176',b'1310.5255',b'770.01135',b'-129.35298',b'1120.1443',b'767.34503',b'786.5049'
image_007.jpg,b'696.06024',b'538.6897',b'-292.27167',b'690.6813',b'520.8248',b'-299.8629',b'693.4722',b'517.1879',b'-299.957',b'696.55383',b'513.0155',b'-300.01285',b'684.3729',b'528.8813',b'-263.2388',b'683.06866',b'530.2094',b'-263.25006',b'682.0489',b'531.4081',b'-263.24246',b'713.2722',b'502.73767',b'-260.73065',b'695.99133',b'522.60913',b'-93.82074',b'717.5324',b'541.0206',b'-270.93317',b'709.40497',b'547.68994',b'-222.3547',b'778.23535',b'537.4483',b'-350.21497',b'789.52936',b'533.2989',b'161.73364',b'801.999',b'655.70996',b'-387.2103',b'812.3264',b'631.7539',b'258.4119',b'800.1834',b'763.241',b'-371.97147',b'813.05286',b'712.24414',b'121.90155',b'770.447',b'778.3251',b'-424.72693',b'790.8153',b'707.2724',b'126.27229',b'767.23505',b'766.76904',b'-397.24585',b'789.3749',b'710.15186',b'77.05889',b'776.5912',b'763.54364',b'-358.04657',b'797.60504',b'714.2365',b'99.55415',b'1004.0056',b'602.7446',b'-164.78575',b'998.15607',b'590.7037',b'164.40889',b'1169.1407',b'660.3666',b'-147.60532',b'1072.8263',b'672.8745',b'465.81674',b'1325.7036',b'687.81287',b'-118.92891',b'1131.5543',b'720.55176',b'794.7565',b'1354.941',b'681.07404',b'-120.976395',b'1153.6439',b'723.5814',b'829.19135',b'1318.0746',b'765.0782',b'-225.32542',b'1100.0034',b'774.17975',b'854.85425'
image_008.jpg,b'695.3497',b'542.0389',b'-205.93718',b'689.41156',b'524.9669',b'-216.16107',b'691.74786',b'521.3084',b'-216.27052',b'694.2372',b'517.59973',b'-216.3102',b'684.21423',b'531.4863',b'-176.30481',b'683.0709',b'532.2452',b'-176.27591',b'682.18005',b'532.8883',b'-176.24504',b'711.88464',b'506.07626',b'-195.06787',b'696.4201',b'522.243',b'-15.351142',b'716.503',b'544.5901',b'-191.91742',b'709.59686',b'550.0609',b'-139.65793',b'777.37665',b'538.82697',b'-304.53333',b'789.756',b'530.9785',b'216.6702',b'803.8909',b'656.7181',b'-373.13162',b'810.7732',b'629.63',b'303.41702',b'800.79',b'763.31616',b'-360.9718',b'811.1165',b'711.1079',b'172.28114',b'771.2728',b'778.59973',b'-413.57388',b'789.0388',b'706.5499',b'176.26057',b'768.37274',b'766.1765',b'-383.14032',b'788.02826',b'709.3479',b'126.17626',b'777.9175',b'762.9',b'-347.17947',b'796.1937',b'713.2949',b'148.1664',b'1001.6782',b'609.2665',b'-161.60797',b'998.9579',b'586.52875',b'161.19614',b'1167.8816',b'662.8669',b'-121.1036',b'1132.3743',b'658.5375',b'285.39258',b'1321.6024',b'688.23883',b'-45.622353',b'1262.9644',b'676.2584',b'440.13513',b'1352.3033',b'679.0139',b'-42.411774',b'1289.4429',b'670.7904',b'454.4642',b'1321.0928',b'766.98004',b'-131.21663',b'1266.0443',b'726.22076',b'423.6642'
image_009.jpg,b'685.66156',b'569.2525',b'-134.81471',b'676.89777',b'555.1573',b'-169.1469',b'678.2983',b'552.8384',b'-169.25311',b'679.92664',b'550.4278',b'-169.32132',b'675.19763',b'556.1466',b'-117.315674',b'675.2675',b'554.63617',b'-117.3059',b'675.64954',b'552.81836',b'-117.32458',b'696.08997',b'535.9906',b'-244.44434',b'692.94183',b'537.72015',b'-9.587101',b'704.86194',b'569.8298',b'-155.70131',b'703.1629',b'571.6011',b'-87.28102',b'774.88794',b'554.2135',b'-357.06323',b'789.0624',b'534.9957',b'190.9834',b'810.5331',b'662.75995',b'-407.99414',b'835.66864',b'623.26874',b'288.56247',b'797.8529',b'768.8046',b'-380.19443',b'819.9307',b'705.47784',b'160.88199',b'772.7467',b'776.84216',b'-443.59183',b'803.6266',b'699.8415',b'160.52979',b'768.2782',b'767.5255',b'-411.42316',b'799.26',b'704.6291',b'107.78936',b'777.2896',b'765.3928',b'-366.56784',b'805.5903',b'708.86884',b'134.81583',b'1005.11786',b'609.91864',b'-165.22595',b'999.0874',b'592.0496',b'165.04973',b'1165.035',b'661.49493',b'-96.08455',b'1055.9889',b'665.6055',b'493.89468',b'1319.5901',b'694.1816',b'3.0344784',b'1049.7527',b'733.2113',b'821.11017',b'1356.1958',b'680.32635',b'7.765687',b'1134.4619',b'726.3717',b'854.6557',b'1320.9883',b'772.3925',b'-100.8114',b'1073.8077',b'780.14935',b'874.2391'
image_010.jpg,b'700.22864',b'552.31635',b'-90.68191',b'692.5494',b'538.3382',b'-125.56621',b'693.4969',b'536.18823',b'-125.67096',b'694.5964',b'533.65234',b'-125.71809',b'691.3434',b'538.827',b'-75.34163',b'691.3338',b'537.2024',b'-75.36169',b'691.5279',b'535.1572',b'-75.36801',b'709.8162',b'518.59515',b'-207.5609',b'707.43585',b'518.65356',b'18.559011',b'717.69244',b'552.5817',b'-114.731026',b'716.86523',b'554.3362',b'-48.7047',b'785.6635',b'542.7319',b'-325.04504',b'801.21564',b'525.133',b'201.48196',b'799.7027',b'656.3325',b'-371.84372',b'814.60547',b'633.36865',b'260.62314',b'799.3023',b'764.72595',b'-351.45157',b'814.4732',b'716.68713',b'140.39635',b'771.27167',b'781.80975',b'-414.06006',b'793.29956',b'712.32214',b'145.86061',b'767.649',b'769.7817',b'-376.2742',b'790.0573',b'717.17334',b'89.7194',b'777.5924',b'765.88745',b'-336.3888',b'798.3031',b'721.3941',b'113.71981',b'1007.1413',b'607.6264',b'-159.03598',b'1001.9552',b'588.4272',b'158.87674',b'1172.0519',b'660.9238',b'-124.055786',b'1083.6453',b'665.9979',b'386.7982',b'1327.0043',b'689.23346',b'-51.620457',b'1147.9448',b'708.90906',b'648.6164',b'1360.0929',b'680.5076',b'-49.32286',b'1169.9807',b'710.0802',b'675.6212',b'1327.4564',b'768.24585',b'-147.90215',b'1117.9419',b'756.3988',b'680.75397'
image_011.jpg,b'696.2423',b'561.0377',b'-68.577515',b'687.1633',b'546.33795',b'-102.78165',b'687.99036',b'544.07715',b'-102.87066',b'688.99945',b'541.5321',b'-102.88535',b'686.1738',b'547.4912',b'-51.403088',b'686.2841',b'546.08777',b'-51.42321',b'686.4701',b'544.3526',b'-51.43091',b'704.44977',b'526.50793',b'-184.37933',b'702.1404',b'526.8159',b'45.723713',b'713.6405',b'561.5309',b'-92.61272',b'713.34015',b'563.6966',b'-25.53548',b'786.31506',b'543.44025',b'-311.15726',b'796.8741',b'530.9838',b'223.43831',b'803.46466',b'658.9724',b'-374.5153',b'811.9289',b'633.04474',b'279.2537',b'798.9242',b'769.0169',b'-357.23724',b'810.80707',b'717.6427',b'154.2151',b'770.1582',b'784.6273',b'-422.47888',b'787.8529',b'714.4758',b'156.43846',b'766.4916',b'772.5275',b'-384.29395',b'784.8218',b'720.27374',b'98.34749',b'776.8982',b'769.02795',b'-343.07135',b'793.2405',b'724.188',b'125.972275',b'1010.65704',b'611.24',b'-163.3746',b'1004.8381',b'589.84216',b'163.10455',b'1181.5121',b'665.2646',b'-113.92352',b'1144.8333',b'653.404',b'292.2475',b'1328.6472',b'687.84924',b'-13.0429535',b'1260.0819',b'694.19025',b'458.70874',b'1361.9448',b'676.01807',b'-8.124869',b'1287.8197',b'690.8716',b'474.2432',b'1325.9458',b'768.8439',b'-105.314674',b'1253.2443',b'749.548',b'433.442'
image_012.jpg,b'697.4189',b'556.01874',b'-132.62013',b'689.7377',b'541.3315',b'-167.44101',b'690.72095',b'538.8863',b'-167.53493',b'691.80774',b'536.22845',b'-167.59427',b'688.62836',b'542.16473',b'-117.0756',b'688.7627',b'540.47736',b'-117.09186',b'689.0829',b'538.333',b'-117.11102',b'707.36127',b'521.7901',b'-243.86752',b'705.42065',b'521.3339',b'-16.67606',b'714.9099',b'556.259',b'-154.09152',b'714.4385',b'557.88324',b'-87.83827',b'791.08704',b'546.8051',b'-356.8052',b'803.687',b'528.22534',b'181.1215',b'804.4089',b'661.65576',b'-399.40375',b'820.1079',b'629.5041',b'256.7658',b'796.8157',b'768.84973',b'-372.05328',b'815.24585',b'718.2751',b'138.77724',b'772.04095',b'782.7862',b'-435.07346',b'794.1118',b'713.12604',b'141.81209',b'767.95953',b'770.5927',b'-398.97357',b'789.60803',b'717.96466',b'86.86443',b'776.9775',b'767.91205',b'-357.57547',b'798.06934',b'722.4448',b'112.28514',b'1012.12396',b'613.7461',b'-158.92004',b'1007.98346',b'590.1287',b'158.63762',b'1171.9628',b'661.6473',b'-82.25098',b'1068.0884',b'657.1074',b'437.9756',b'1329.1227',b'688.6608',b'17.272913',b'1114.8848',b'714.5987',b'746.7123',b'1361.4841',b'676.9906',b'21.555332',b'1137.8855',b'718.8352',b'778.9509',b'1325.6342',b'769.27655',b'-79.7019',b'1043.2515',b'754.84784',b'803.70233'
image_013.jpg,b'703.2557',b'554.7598',b'-108.20621',b'693.1367',b'541.0587',b'-144.47958',b'693.7688',b'539.06854',b'-144.58786',b'694.71075',b'536.8214',b'-144.64099',b'692.4057',b'541.4299',b'-93.57038',b'692.4464',b'539.7304',b'-93.5729',b'692.7516',b'537.78406',b'-93.58479',b'710.6854',b'521.0665',b'-228.21786',b'708.764',b'521.4631',b'1.4228431',b'720.49335',b'554.4874',b'-132.19504',b'719.77374',b'555.8493',b'-65.21884',b'787.6584',b'542.5977',b'-341.4356',b'804.9402',b'521.51105',b'191.78716',b'800.6913',b'656.3492',b'-380.64722',b'819.2914',b'632.0994',b'260.81207',b'798.3588',b'766.6466',b'-354.2212',b'814.38824',b'715.92163',b'144.21622',b'771.64374',b'784.4517',b'-416.1389',b'793.53265',b'710.7685',b'149.00015',b'768.0859',b'771.7924',b'-380.0771',b'790.47614',b'714.5345',b'94.74312',b'778.03046',b'766.74054',b'-339.61807',b'798.5613',b'718.76794',b'118.12454',b'1009.0171',b'609.5928',b'-157.64536',b'1003.2233',b'589.2755',b'157.4655',b'1172.7617',b'664.2775',b'-94.489235',b'1062.1896',b'671.851',b'422.44446',b'1324.7639',b'688.9792',b'0.8086609',b'1107.1403',b'724.26245',b'719.7394',b'1353.4',b'679.20825',b'5.6360307',b'1128.9462',b'727.2675',b'750.70825',b'1329.107',b'765.2948',b'-90.191475',b'1065.5076',b'774.26807',b'768.6968'
image_014.jpg,b'703.02795',b'563.959',b'-132.65266',b'692.65027',b'550.17',b'-165.87404',b'693.3011',b'548.44055',b'-165.97995',b'694.11816',b'546.4522',b'-166.05527',b'691.881',b'549.97205',b'-116.965256',b'691.97504',b'548.137',b'-116.96823',b'692.151',b'545.9783',b'-116.98649',b'709.9541',b'531.6998',b'-238.81915',b'707.8522',b'530.95776',b'-19.00944',b'720.5529',b'564.5692',b'-153.02238',b'718.9484',b'564.8148',b'-88.93486',b'798.8123',b'557.9549',b'-347.7704',b'805.72595',b'534.3541',b'174.26561',b'809.45984',b'671.29736',b'-382.04517',b'821.73474',b'633.0051',b'246.1122',b'798.9613',b'766.3634',b'-349.16962',b'817.0875',b'713.7116',b'126.075',b'771.77356',b'781.3468',b'-410.25162',b'796.0937',b'709.3263',b'126.63577',b'768.42676',b'769.33386',b'-378.01947',b'792.0012',b'712.4036',b'74.1644',b'777.7342',b'765.4414',b'-336.81723',b'801.504',b'716.4706',b'100.22016',b'1012.46375',b'625.27264',b'-152.98657',b'1006.9804',b'596.2691',b'152.6361',b'1178.0503',b'667.4688',b'-43.94525',b'1062.8358',b'662.9342',b'446.7323',b'1328.3386',b'689.15094',b'79.66493',b'1047.8732',b'721.7112',b'785.38617',b'1358.2323',b'676.7279',b'87.123245',b'1123.9818',b'718.19324',b'820.91144',b'1325.3945',b'763.947',b'-6.0207925',b'1056.7706',b'771.6223',b'853.6837'
image_015.jpg,b'722.0751',b'602.2223',b'-23.850763',b'705.8389',b'594.0525',b'-59.17317',b'705.10345',b'591.675',b'-59.208588',b'704.3412',b'589.04865',b'-59.209274',b'705.81665',b'594.0908',b'-4.6394362',b'705.0658',b'591.93225',b'-4.635418',b'704.21014',b'589.51105',b'-4.6337357',b'706.772',b'568.2581',b'-149.03487',b'706.19293',b'568.1708',b'96.39491',b'734.1297',b'594.6951',b'-50.698784',b'734.41736',b'595.3043',b'20.980354',b'775.1529',b'562.2346',b'-286.53937',b'791.46204',b'533.59546',b'269.13455',b'781.8735',b'674.548',b'-399.85715',b'804.7633',b'623.1317',b'340.98932',b'764.0475',b'778.65985',b'-347.10095',b'793.01776',b'702.8511',b'227.3896',b'738.1727',b'791.57513',b'-406.45242',b'776.58295',b'705.41406',b'234.20041',b'731.64276',b'785.99493',b'-358.23718',b'772.72614',b'711.3629',b'182.5777',b'741.1628',b'781.8327',b'-328.6605',b'778.29846',b'714.25037',b'201.25818',b'1005.1734',b'574.9578',b'-169.08449',b'1001.1868',b'557.2201',b'168.97867',b'1158.0569',b'641.33105',b'-123.29742',b'1155.5326',b'631.6755',b'250.1429',b'1302.4606',b'692.6433',b'3.020694',b'1280.7369',b'683.4126',b'374.40872',b'1335.1991',b'673.32184',b'12.937529',b'1312.8618',b'678.887',b'384.39938',b'1315.2505',b'771.68835',b'-58.450603',b'1292.2614',b'760.7285',b'324.14505'
image_016.jpg,b'721.35364',b'604.5495',b'-27.451553',b'704.81415',b'595.5184',b'-64.32303',b'704.27765',b'592.93195',b'-64.37857',b'703.68176',b'590.08276',b'-64.39791',b'704.678',b'595.6933',b'-9.54405',b'704.0618',b'593.418',b'-9.538612',b'703.3137',b'590.8448',b'-9.560358',b'706.6995',b'568.96344',b'-158.69928',b'706.1381',b'568.87317',b'88.00006',b'734.1152',b'596.54626',b'-55.727703',b'734.22034',b'597.39185',b'16.272486',b'774.81036',b'561.8464',b'-293.63934',b'790.0124',b'533.54596',b'263.8707',b'781.79126',b'676.70374',b'-399.51154',b'803.79114',b'624.5689',b'345.8049',b'762.9685',b'779.2841',b'-350.61642',b'791.64124',b'704.1637',b'236.56084',b'737.20715',b'793.1024',b'-409.08813',b'777.1964',b'706.10754',b'244.06265',b'730.8347',b'786.8641',b'-362.68726',b'773.56506',b'712.3544',b'193.56796',b'741.0265',b'781.99426',b'-332.8111',b'777.67664',b'716.7639',b'210.7456',b'1009.48096',b'573.55',b'-169.70065',b'999.10254',b'560.0235',b'169.53429',b'1160.2175',b'642.9945',b'-126.14613',b'1119.1294',b'642.00226',b'319.15018',b'1302.9482',b'691.19434',b'-17.427355',b'1246.6765',b'685.2622',b'493.22726',b'1342.4747',b'671.62775',b'-10.30428',b'1261.1492',b'677.9244',b'509.22678',b'1317.5317',b'773.52655',b'-94.13934',b'1232.7299',b'749.334',b'475.33777'
image_017.jpg,b'716.2445',b'615.3538',b'-21.90785',b'700.3535',b'606.8613',b'-62.411064',b'699.4497',b'604.7293',b'-62.446762',b'698.4894',b'602.39886',b'-62.47436',b'700.84875',b'606.6481',b'-7.7299027',b'700.34375',b'604.4956',b'-7.7181',b'699.7102',b'602.0182',b'-7.732737',b'700.50433',b'582.25305',b'-169.63449',b'701.4718',b'581.1493',b'79.32244',b'727.07654',b'607.34656',b'-53.293137',b'727.73505',b'608.1633',b'19.383389',b'765.32434',b'568.2981',b'-291.6121',b'784.41797',b'541.49',b'255.00134',b'774.51324',b'673.3025',b'-385.3027',b'801.4106',b'636.4377',b'344.89462',b'764.83484',b'780.97125',b'-333.10092',b'790.93976',b'708.41614',b'258.1581',b'738.95135',b'792.644',b'-386.26962',b'774.4397',b'714.29456',b'272.79373',b'733.8522',b'783.20074',b'-338.9004',b'755.64856',b'730.2958',b'224.38277',b'742.7093',b'779.50024',b'-313.8232',b'763.81525',b'732.0186',b'234.64507',b'1004.38727',b'590.0738',b'-167.05803',b'997.3054',b'564.3101',b'166.95233',b'1150.224',b'645.39374',b'-116.3162',b'1099.9941',b'639.3165',b'368.30023',b'1302.8964',b'686.7191',b'21.446825',b'1200.3835',b'697.4771',b'596.0957',b'1340.6794',b'668.8113',b'32.71786',b'1228.615',b'692.56177',b'618.2801',b'1318.5436',b'765.44714',b'-39.75958',b'1184.0815',b'767.85205',b'594.6238'
image_018.jpg,b'714.2159',b'610.16125',b'-39.777103',b'698.11414',b'601.5248',b'-76.23361',b'697.3492',b'599.29877',b'-76.25976',b'696.5668',b'596.8646',b'-76.28976',b'698.60114',b'601.3724',b'-26.281221',b'698.1643',b'599.2652',b'-26.275284',b'697.61456',b'596.8771',b'-26.303299',b'699.6605',b'576.5632',b'-169.47864',b'700.3504',b'575.43445',b'56.867195',b'726.1157',b'602.98956',b'-67.0451',b'727.0194',b'603.425',b'-0.90643793',b'767.8007',b'568.57306',b'-288.80856',b'788.8241',b'540.70056',b'235.10735',b'772.7949',b'677.3706',b'-372.901',b'806.09595',b'629.1367',b'326.11963',b'763.47705',b'779.1881',b'-322.8815',b'796.8013',b'703.9854',b'246.7527',b'736.4257',b'791.82446',b'-374.85873',b'782.55524',b'704.4373',b'257.66226',b'731.94916',b'785.5245',b'-329.91336',b'771.9644',b'717.32837',b'213.50716',b'741.9724',b'780.4475',b'-304.7413',b'779.7083',b'719.448',b'224.81088',b'1000.2921',b'586.815',b'-158.19589',b'994.55133',b'566.3182',b'158.03758',b'1153.2268',b'650.34485',b'-119.53986',b'1064.3107',b'650.3834',b'380.2446',b'1319.3904',b'669.90094',b'-14.280244',b'1131.7739',b'699.31323',b'619.6995',b'1341.348',b'667.1027',b'-8.690939',b'1153.2767',b'697.3711',b'643.5636',b'1320.0304',b'764.91626',b'-99.99279',b'1110.5887',b'757.22894',b'637.61487'
image_019.jpg,b'713.9888',b'611.0687',b'-64.95184',b'698.77924',b'603.48236',b'-103.533936',b'697.84216',b'601.3214',b'-103.53865',b'696.86633',b'599.0567',b'-103.553535',b'699.19617',b'603.54346',b'-48.10894',b'698.5842',b'601.54016',b'-48.082775',b'697.84686',b'599.3778',b'-48.08157',b'698.9138',b'578.6343',b'-204.97531',b'699.2421',b'578.56635',b'45.99378',b'724.3234',b'603.6344',b'-95.37757',b'725.1993',b'604.2658',b'-21.965504',b'765.8692',b'568.4182',b'-331.77753',b'785.71313',b'540.587',b'231.89272',b'780.829',b'675.9856',b'-418.17786',b'802.1755',b'633.70996',b'327.21198',b'765.4067',b'784.6159',b'-391.77396',b'783.6358',b'716.43695',b'222.83572',b'739.2412',b'794.50995',b'-454.13446',b'764.7022',b'721.4318',b'235.35315',b'733.1869',b'785.8225',b'-408.79678',b'755.96094',b'730.53455',b'177.76233',b'741.7189',b'782.51636',b'-373.56277',b'763.37164',b'732.71704',b'194.76573',b'999.0364',b'595.90576',b'-167.28342',b'988.6179',b'574.6907',b'167.14323',b'1148.1792',b'647.99524',b'-111.98861',b'1069.8446',b'651.1329',b'405.65353',b'1305.2589',b'684.21356',b'-3.918925',b'1055.4395',b'734.2273',b'715.2838',b'1341.3096',b'670.8921',b'2.1114123',b'1132.3438',b'722.5043',b'747.26575',b'1324.3859',b'759.5606',b'-92.51304',b'1043.2686',b'771.3181',b'757.50104'
image_020.jpg,b'712.24066',b'608.166',b'-45.80077',b'696.17334',b'598.5433',b'-83.851715',b'695.5308',b'596.0752',b'-83.867676',b'694.8665',b'593.37115',b'-83.892815',b'696.2766',b'598.7066',b'-31.526548',b'695.71625',b'596.5679',b'-31.525064',b'695.05505',b'594.1092',b'-31.554583',b'698.5673',b'573.16895',b'-182.27475',b'698.13574',b'572.88666',b'54.32738',b'724.202',b'600.0247',b'-75.26491',b'724.31946',b'601.12976',b'-6.0763674',b'768.26105',b'568.16644',b'-300.1494',b'782.5017',b'538.83545',b'225.25533',b'779.183',b'678.28503',b'-375.21817',b'797.51636',b'632.23694',b'307.0623',b'763.7881',b'785.2733',b'-331.4185',b'788.714',b'713.6848',b'201.4179',b'741.58136',b'798.29407',b'-389.0813',b'763.75165',b'722.88745',b'211.03526',b'733.9085',b'790.02594',b'-344.86127',b'755.6456',b'730.7145',b'157.9878',b'741.61505',b'785.19885',b'-313.6225',b'763.0636',b'732.8293',b'175.682',b'996.15485',b'585.2012',b'-158.3374',b'983.14624',b'566.79834',b'158.27219',b'1145.6606',b'643.9275',b'-153.53444',b'1051.6901',b'650.8336',b'437.4092',b'1302.5493',b'685.50305',b'-102.52361',b'1112.4957',b'712.43146',b'723.5557',b'1345.6484',b'671.1151',b'-102.464905',b'1135.9468',b'713.0246',b'752.54913',b'1317.2415',b'769.65656',b'-206.69383',b'1080.649',b'774.10986',b'757.56793'
image_021.jpg,b'715.6048',b'607.7854',b'-51.8041',b'699.69934',b'598.7501',b'-88.66545',b'699.0109',b'596.29407',b'-88.69281',b'698.3645',b'593.63214',b'-88.71543',b'700.0425',b'598.965',b'-37.46656',b'699.6104',b'596.9076',b'-37.485023',b'699.1393',b'594.6305',b'-37.54939',b'701.7126',b'573.5212',b'-181.15372',b'702.0154',b'573.6184',b'50.575203',b'727.65857',b'599.8462',b'-79.2029',b'728.2764',b'600.91644',b'-11.438493',b'765.3479',b'566.4039',b'-301.59094',b'788.62476',b'543.553',b'230.92242',b'761.7327',b'672.2725',b'-402.98007',b'803.6129',b'635.7471',b'333.3608',b'761.10046',b'780.7916',b'-350.66568',b'794.29346',b'706.1548',b'244.3063',b'736.1394',b'796.57104',b'-404.77667',b'779.39075',b'706.03',b'253.91226',b'731.40436',b'787.97437',b'-361.11365',b'776.12634',b'714.68195',b'205.60683',b'741.0047',b'783.6843',b'-333.2198',b'782.26697',b'717.3846',b'220.18176',b'1002.7494',b'574.84045',b'-164.51312',b'996.59204',b'561.081',b'164.30399',b'1153.1516',b'655.5339',b'-140.60445',b'1051.5447',b'637.545',b'409.9272',b'1301.9984',b'686.4293',b'-51.765396',b'1113.3846',b'689.6648',b'657.71344',b'1332.8201',b'672.08563',b'-47.61078',b'1133.9277',b'688.66754',b'680.76434',b'1324.0094',b'768.4059',b'-138.6758',b'1047.926',b'750.05',b'674.65485'
image_022.jpg,b'691.89526',b'546.7027',b'-330.34167',b'681.8683',b'532.0625',b'-339.85602',b'683.29846',b'528.1457',b'-339.91974',b'684.7734',b'523.94434',b'-339.96347',b'679.0819',b'538.93787',b'-296.37885',b'678.594',b'539.58527',b'-296.39133',b'678.17596',b'539.9532',b'-296.3754',b'697.67584',b'508.42365',b'-303.8551',b'690.1675',b'525.95013',b'-106.39283',b'710.56934',b'542.8505',b'-310.99872',b'706.81274',b'550.7822',b'-253.57031',b'773.0325',b'536.8574',b'-413.54636',b'781.8641',b'519.1787',b'170.88992',b'793.0381',b'650.98615',b'-480.59235',b'796.2576',b'623.38525',b'284.39',b'786.97626',b'759.9396',b'-454.63358',b'799.19745',b'712.5889',b'123.859604',b'763.7376',b'775.2213',b'-518.14136',b'776.98334',b'714.25415',b'126.80978',b'758.2009',b'762.12366',b'-487.4925',b'773.0189',b'718.4254',b'65.18355',b'767.3579',b'758.3811',b'-440.67926',b'781.796',b'720.0112',b'94.42986',b'1005.31836',b'576.3964',b'-187.2859',b'991.26685',b'566.49396',b'186.9516',b'1152.4338',b'652.94147',b'-102.61178',b'1123.7317',b'649.557',b'420.76093',b'1293.7683',b'686.1153',b'-11.456654',b'1208.8783',b'684.4217',b'751.67303',b'1332.9995',b'676.9478',b'-8.556602',b'1232.7836',b'681.7918',b'784.56635',b'1302.8351',b'763.88196',b'-126.50585',b'1200.0657',b'746.5503',b'777.68365'
image_023.jpg,b'698.7426',b'554.115',b'-193.56075',b'686.47534',b'542.1183',b'-221.28886',b'687.27563',b'539.31476',b'-221.3043',b'688.06824',b'536.3579',b'-221.31442',b'684.89386',b'544.8614',b'-170.5082',b'684.62286',b'544.1465',b'-170.53305',b'684.38074',b'543.2468',b'-170.55055',b'699.89215',b'519.45465',b'-263.36557',b'696.0181',b'526.7109',b'-30.682407',b'714.7617',b'551.03925',b'-202.76631',b'713.2978',b'554.67444',b'-135.06717',b'773.89417',b'539.5984',b'-393.67923',b'785.40265',b'516.8148',b'206.57286',b'785.223',b'651.63214',b'-478.65396',b'793.4237',b'618.43115',b'299.1971',b'786.94006',b'759.69727',b'-436.46317',b'796.94293',b'714.2235',b'150.60342',b'761.13525',b'768.8662',b'-506.4405',b'773.5839',b'716.96814',b'154.95233',b'756.329',b'759.8584',b'-464.04688',b'771.2108',b'721.1073',b'96.62659',b'765.5505',b'757.6469',b'-419.11606',b'780.5439',b'721.96375',b'122.27553',b'1011.6276',b'563.4316',b'-192.70593',b'993.8244',b'554.1107',b'192.40578',b'1151.9152',b'634.4744',b'-140.45807',b'1029.078',b'640.35114',b'574.24097',b'1306.0024',b'683.69464',b'-41.99698',b'1038.0332',b'717.96844',b'948.23334',b'1344.7589',b'674.3292',b'-37.85344',b'1100.6346',b'732.82556',b'985.41595',b'1298.9174',b'767.73175',b'-151.95137',b'1033.7648',b'786.79553',b'1011.4118'
image_024.jpg,b'701.2398',b'556.15674',b'-157.80894',b'688.4126',b'545.44574',b'-188.83032',b'688.7679',b'542.56647',b'-188.84239',b'689.0831',b'539.5417',b'-188.8182',b'687.59534',b'547.9789',b'-136.79253',b'687.3642',b'547.04767',b'-136.79958',b'687.0753',b'545.8807',b'-136.78148',b'699.08344',b'521.6623',b'-242.15646',b'696.79834',b'528.1498',b'-7.1812663',b'716.9863',b'551.6375',b'-170.8136',b'716.20447',b'555.15405',b'-102.29566',b'772.8531',b'539.0238',b'-379.84293',b'786.0033',b'515.7814',b'213.97087',b'786.0237',b'650.5655',b'-484.5616',b'796.24927',b'617.2736',b'301.80716',b'786.14813',b'761.7049',b'-459.06702',b'799.0435',b'715.6638',b'164.70345',b'759.87805',b'769.3877',b'-532.24084',b'774.06396',b'719.02405',b'171.55441',b'755.80066',b'760.19965',b'-487.79272',b'771.0214',b'723.3516',b'110.45224',b'764.86395',b'759.268',b'-441.825',b'781.42535',b'723.55835',b'135.29866',b'997.2828',b'566.86847',b'-189.59343',b'988.2567',b'553.4692',b'189.38805',b'1144.1581',b'631.1388',b'-156.18823',b'1088.848',b'629.53107',b'412.88998',b'1298.5831',b'681.15234',b'-76.58771',b'1204.9985',b'699.707',b'645.83997',b'1337.0936',b'675.6889',b'-73.707214',b'1235.6129',b'700.7267',b'668.24554',b'1294.081',b'757.945',b'-185.14201',b'1186.8676',b'767.3887',b'641.8838'
image_025.jpg,b'705.28174',b'556.85297',b'-316.00168',b'693.5359',b'544.2929',b'-333.2921',b'694.3318',b'540.02655',b'-333.28674',b'694.9261',b'535.8006',b'-333.31262',b'691.0688',b'550.5508',b'-284.71613',b'690.2443',b'550.6729',b'-284.73776',b'689.54266',b'550.4773',b'-284.71982',b'703.5465',b'518.5802',b'-324.32947',b'699.8707',b'532.87177',b'-101.48371',b'722.49524',b'549.16766',b'-305.732',b'719.3562',b'557.09515',b'-240.80377',b'779.64984',b'537.52716',b'-438.77957',b'788.8701',b'515.2993',b'166.39986',b'790.41693',b'653.99176',b'-541.9189',b'797.67004',b'616.9442',b'274.80948',b'785.44073',b'763.10284',b'-509.68127',b'799.26215',b'712.1941',b'114.46512',b'757.8215',b'772.55914',b'-582.8652',b'775.55963',b'715.9736',b'117.852005',b'752.83936',b'763.7743',b'-540.4467',b'772.21344',b'721.7315',b'54.7136',b'762.3277',b'761.0527',b'-492.40475',b'782.21326',b'721.1757',b'84.35544',b'1011.01904',b'563.31134',b'-197.41838',b'994.34924',b'553.2098',b'197.12993',b'1152.7107',b'634.5407',b'-138.00464',b'1073.8247',b'636.9709',b'522.6314',b'1300.5696',b'683.08203',b'-51.972546',b'1158.3088',b'699.6172',b'877.59503',b'1339.9391',b'671.72186',b'-49.18548',b'1185.2086',b'701.65607',b'913.4449',b'1312.1372',b'773.7713',b'-166.27982',b'1132.4564',b'767.66223',b'919.9731'
image_026.jpg,b'711.2938',b'578.21497',b'-100.13089',b'695.74115',b'568.2913',b'-137.24036',b'695.25146',b'565.85425',b'-137.27353',b'694.6891',b'563.04224',b'-137.27678',b'696.23157',b'568.3909',b'-81.9229',b'696.0384',b'566.19995',b'-81.93074',b'695.70605',b'563.5779',b'-81.944664',b'702.5737',b'542.113',b'-226.90977',b'702.6281',b'541.9509',b'23.053373',b'725.16327',b'572.6316',b'-127.1023',b'726.1122',b'573.2617',b'-54.12724',b'773.8045',b'543.9419',b'-357.881',b'787.643',b'519.1857',b'214.62958',b'786.0105',b'654.3549',b'-444.37695',b'794.5532',b'623.1122',b'298.15952',b'785.89386',b'764.87067',b'-424.17358',b'796.4234',b'717.0957',b'165.94669',b'757.28876',b'775.3131',b'-494.87158',b'771.4341',b'721.3958',b'170.83708',b'752.9392',b'765.126',b'-452.51987',b'767.7761',b'726.47705',b'107.99532',b'763.6513',b'762.681',b'-407.95706',b'777.82526',b'726.2134',b'135.43237',b'995.9771',b'574.7277',b'-175.49986',b'991.63293',b'558.99054',b'175.4391',b'1149.9718',b'638.9938',b'-116.517426',b'1094.1797',b'635.3681',b'392.78198',b'1299.6501',b'681.2717',b'-25.009674',b'1157.4985',b'700.5481',b'682.5416',b'1341.0872',b'671.9134',b'-21.150097',b'1182.5712',b'700.63873',b'711.89105',b'1310.2625',b'760.0109',b'-123.12944',b'1128.8715',b'764.57837',b'707.91'
image_027.jpg,b'711.532',b'578.3224',b'-77.91467',b'696.70233',b'568.67285',b'-114.43594',b'696.2053',b'566.26697',b'-114.48168',b'695.63965',b'563.45557',b'-114.48213',b'697.132',b'568.90686',b'-59.431873',b'696.8722',b'566.7936',b'-59.439625',b'696.5264',b'564.264',b'-59.458332',b'702.8539',b'542.5633',b'-203.6833',b'703.2574',b'542.78406',b'44.66195',b'724.78925',b'572.64166',b'-104.681145',b'725.4579',b'573.6613',b'-32.186665',b'775.98065',b'542.17114',b'-334.3294',b'789.4734',b'517.9762',b'228.28735',b'787.8003',b'654.10504',b'-425.20258',b'798.7523',b'625.0396',b'308.37332',b'784.5497',b'764.7219',b'-408.56262',b'803.6143',b'716.09125',b'183.33537',b'755.44977',b'773.95636',b'-477.65164',b'778.4719',b'718.13025',b'188.50388',b'751.65485',b'763.9335',b'-435.0067',b'773.4902',b'723.37146',b'128.29408',b'761.7716',b'761.8483',b'-392.5871',b'784.048',b'723.4688',b'153.74498',b'998.969',b'576.5075',b'-170.42859',b'992.11566',b'558.8351',b'170.33429',b'1148.021',b'636.5381',b'-124.56443',b'1119.7084',b'628.9359',b'358.34998',b'1299.0554',b'681.6143',b'-32.365253',b'1203.1671',b'687.80853',b'598.6101',b'1339.812',b'673.6036',b'-28.07844',b'1230.805',b'685.721',b'622.41925',b'1306.502',b'753.58984',b'-128.452',b'1185.9375',b'751.4805',b'599.2967'
image_028.jpg,b'711.93274',b'578.40454',b'-93.10717',b'696.98315',b'568.98444',b'-130.41885',b'696.5599',b'566.42004',b'-130.4429',b'696.0983',b'563.5072',b'-130.43613',b'697.221',b'569.2668',b'-74.59086',b'696.9127',b'567.10443',b'-74.59975',b'696.5192',b'564.5255',b'-74.605194',b'703.3159',b'542.111',b'-221.78117',b'702.72894',b'542.4426',b'30.882298',b'725.3365',b'571.71106',b'-120.705414',b'725.62854',b'572.705',b'-47.041016',b'775.4385',b'541.9591',b'-351.07108',b'786.11444',b'518.6109',b'217.4362',b'792.9053',b'655.23114',b'-436.0456',b'796.367',b'621.7561',b'291.8856',b'786.27356',b'763.9222',b'-411.25766',b'796.21246',b'715.48645',b'159.8284',b'760.1329',b'773.7153',b'-479.62122',b'772.3898',b'718.6908',b'162.65987',b'755.19965',b'763.8411',b'-438.73718',b'768.8685',b'723.01776',b'103.087616',b'763.68915',b'761.32324',b'-395.85516',b'778.18225',b'722.96576',b'130.1417',b'993.04456',b'574.5187',b'-174.86217',b'987.41',b'559.6396',b'174.79982',b'1149.5038',b'638.562',b'-148.94461',b'1073.484',b'641.1358',b'374.4711',b'1301.8726',b'683.05994',b'-57.819958',b'1173.7166',b'695.7358',b'589.92236',b'1341.5479',b'671.585',b'-54.163204',b'1199.4838',b'694.31024',b'609.83545',b'1312.5593',b'767.3474',b'-165.42194',b'1160.5127',b'753.96655',b'575.92267'
image_029.jpg,b'710.9527',b'587.0218',b'-142.92484',b'696.68164',b'576.2034',b'-183.51883',b'696.2826',b'573.41614',b'-183.54848',b'695.84753',b'570.4013',b'-183.58005',b'696.52545',b'576.6336',b'-126.064125',b'695.98706',b'574.2902',b'-126.091545',b'695.36426',b'571.5504',b'-126.152214',b'702.8017',b'549.6993',b'-281.21667',b'701.8549',b'549.6526',b'-20.306597',b'724.8603',b'579.3221',b'-171.75975',b'724.8553',b'580.7892',b'-95.65985',b'776.42883',b'546.04395',b'-402.25684',b'784.0177',b'520.7776',b'183.18407',b'796.9689',b'655.0944',b'-480.66953',b'792.45715',b'622.92957',b'265.74307',b'789.73663',b'765.9798',b'-450.6595',b'788.61646',b'713.6855',b'129.80983',b'766.89056',b'777.1127',b'-519.9545',b'767.4168',b'718.1108',b'132.94711',b'759.9977',b'766.7096',b'-478.35498',b'764.4378',b'723.0765',b'72.78629',b'767.49677',b'762.9931',b'-434.81165',b'772.21643',b'722.42865',b'99.719666',b'1004.62213',b'579.37476',b'-180.87582',b'992.50085',b'563.0153',b'180.7064',b'1151.2991',b'642.9475',b'-110.54814',b'1038.4515',b'634.86914',b'498.30585',b'1301.854',b'681.23645',b'12.493777',b'1037.8169',b'713.50616',b'858.6994',b'1341.0214',b'670.5041',b'19.001469',b'1100.104',b'708.26495',b'894.3916',b'1306.4518',b'756.7506',b'-89.180305',b'1043.6437',b'763.6107',b'905.9218'
image_030.jpg,b'710.3747',b'580.9502',b'-102.82335',b'696.2375',b'570.57385',b'-142.0695',b'695.83203',b'567.86084',b'-142.10663',b'695.4015',b'564.8612',b'-142.12637',b'696.35626',b'570.8192',b'-87.27788',b'696.00214',b'568.47394',b'-87.29088',b'695.61206',b'565.7244',b'-87.32549',b'702.85974',b'544.6905',b'-235.96005',b'702.82025',b'544.1439',b'11.77257',b'723.4638',b'574.0211',b'-130.26854',b'723.52625',b'574.98114',b'-57.930756',b'773.84863',b'545.313',b'-355.4721',b'785.58826',b'517.6746',b'203.87549',b'793.0698',b'657.36743',b'-421.17798',b'796.19147',b'620.6719',b'281.8352',b'788.92615',b'766.76917',b'-388.094',b'796.3449',b'712.4038',b'160.49118',b'765.6082',b'779.3783',b'-453.12875',b'773.6767',b'714.22986',b'165.9295',b'759.4374',b'768.2326',b'-412.23828',b'770.2543',b'719.1011',b'108.96427',b'766.9003',b'765.23694',b'-371.8407',b'778.84094',b'719.1973',b'132.68329',b'995.03656',b'584.2042',b'-169.37984',b'987.4287',b'560.65405',b'169.24677',b'1150.391',b'645.3398',b'-122.59879',b'1054.2203',b'642.1441',b'440.59253',b'1302.0404',b'681.96796',b'-34.14545',b'1062.879',b'710.16473',b'746.4609',b'1343.6985',b'670.7722',b'-30.59649',b'1142.9177',b'701.2333',b'777.35284',b'1302.2983',b'763.73944',b'-135.02167',b'1089.0529',b'761.1091',b'781.95807'
image_031.jpg,b'712.0438',b'582.9247',b'-105.83796',b'697.35406',b'573.8564',b'-145.09898',b'696.83417',b'571.1636',b'-145.13477',b'696.30914',b'568.18634',b'-145.14911',b'697.7086',b'574.04736',b'-89.66115',b'697.34534',b'571.6071',b'-89.67141',b'696.9571',b'568.74866',b'-89.70932',b'703.1402',b'547.3001',b'-240.0446',b'703.32465',b'546.63104',b'11.209509',b'725.7787',b'575.5152',b'-133.83904',b'726.2505',b'576.6178',b'-60.48985',b'774.14044',b'545.7799',b'-361.0938',b'790.1088',b'519.7774',b'203.75394',b'791.5279',b'658.3325',b'-435.2131',b'799.97363',b'623.0807',b'283.40973',b'786.24384',b'764.5718',b'-407.041',b'800.0324',b'713.50287',b'164.70029',b'763.3589',b'775.8349',b'-472.31174',b'777.5183',b'713.57245',b'171.10555',b'758.4001',b'766.7944',b'-430.35138',b'773.5373',b'719.1471',b'113.82817',b'765.5594',b'764.0207',b'-390.83795',b'782.1322',b'719.8326',b'136.41174',b'999.0606',b'587.753',b'-169.87328',b'991.6145',b'565.91895',b'169.70631',b'1149.1562',b'643.2707',b'-121.453415',b'1056.4542',b'634.60834',b'432.1489',b'1297.3319',b'680.72253',b'-21.45053',b'1118.9252',b'693.12524',b'729.7544',b'1338.7001',b'667.6045',b'-17.023785',b'1141.2416',b'694.56244',b'759.3833',b'1308.2705',b'755.3849',b'-123.34622',b'1091.0063',b'751.73114',b'758.35767'
image_032.jpg,b'712.77124',b'585.11847',b'-85.04815',b'697.4418',b'576.6735',b'-123.91983',b'696.8306',b'574.1634',b'-123.963646',b'696.30927',b'571.3083',b'-123.98871',b'697.92303',b'576.7092',b'-70.09388',b'697.5263',b'574.3594',b'-70.09446',b'697.18976',b'571.5579',b'-70.12961',b'702.41797',b'550.24634',b'-216.83694',b'702.99854',b'549.4041',b'26.520714',b'726.21356',b'577.8258',b'-111.99006',b'726.8986',b'578.75116',b'-40.906094',b'770.5662',b'547.6007',b'-335.4207',b'788.45105',b'518.88556',b'214.8734',b'789.8378',b'658.85724',b'-404.48056',b'800.52246',b'622.3074',b'291.27963',b'787.7795',b'763.1312',b'-376.30692',b'802.64294',b'709.7201',b'175.23216',b'764.9564',b'772.6143',b'-439.23',b'781.6302',b'710.7102',b'181.93912',b'759.66077',b'765.1205',b'-398.26492',b'777.11676',b'716.4497',b'126.59473',b'767.3346',b'762.1611',b'-360.2162',b'786.20245',b'716.6538',b'148.01016',b'998.82306',b'588.391',b'-164.67928',b'991.38745',b'564.9359',b'164.55574',b'1149.3744',b'646.9675',b'-124.6637',b'1059.726',b'641.62103',b'410.24112',b'1297.3995',b'682.41974',b'-43.29554',b'1071.5594',b'715.4324',b'699.5731',b'1335.7998',b'666.6207',b'-40.5036',b'1143.0634',b'694.98834',b'728.9076',b'1314.6858',b'763.9089',b'-143.34666',b'1094.7972',b'750.6155',b'732.0222'
image_033.jpg,b'711.0388',b'584.6178',b'-88.50992',b'696.1466',b'574.8875',b'-128.13649',b'695.75',b'572.25757',b'-128.18271',b'695.3863',b'569.3236',b'-128.20982',b'696.2472',b'575.06665',b'-73.115326',b'695.8472',b'572.7197',b'-73.11459',b'695.4703',b'569.9572',b'-73.15765',b'702.2305',b'548.61597',b'-223.22668',b'702.0614',b'547.98535',b'26.064226',b'725.60046',b'577.0598',b'-115.9508',b'725.57983',b'578.3612',b'-43.16783',b'771.85284',b'547.71747',b'-347.2937',b'788.5996',b'519.7659',b'223.55246',b'789.3251',b'657.51624',b'-417.41226',b'801.363',b'621.9592',b'308.18405',b'788.4273',b'761.47455',b'-381.0857',b'802.1666',b'705.3647',b'188.05792',b'765.86285',b'772.1149',b'-443.5025',b'780.5704',b'705.85223',b'194.14256',b'760.11316',b'764.19055',b'-403.62628',b'775.9433',b'712.021',b'139.7463',b'767.8289',b'760.9274',b'-364.612',b'784.9578',b'712.9228',b'161.0391',b'996.79114',b'587.4227',b'-172.04332',b'989.6758',b'566.61395',b'171.93263',b'1143.38',b'649.62415',b'-136.38553',b'1051.2543',b'635.91437',b'462.33813',b'1297.2463',b'681.5605',b'-59.16105',b'1113.2936',b'687.5849',b'781.84845',b'1331.6698',b'667.73724',b'-56.637566',b'1135.3495',b'688.1591',b'814.4012',b'1311.6698',b'756.6715',b'-161.45749',b'1044.7855',b'745.8392',b'825.07983'
image_034.jpg,b'683.754',b'522.50977',b'-195.38934',b'682.91656',b'505.37912',b'-231.45683',b'684.33484',b'503.6118',b'-231.52869',b'686.0005',b'501.7658',b'-231.56999',b'682.5993',b'505.78607',b'-178.4047',b'683.61475',b'504.43866',b'-178.43054',b'684.8227',b'502.8647',b'-178.4664',b'703.06866',b'494.5471',b'-302.02072',b'700.92303',b'493.2382',b'-62.46882',b'700.4223',b'527.962',b'-214.19006',b'699.9739',b'528.5071',b'-144.47833',b'774.2174',b'534.49493',b'-409.47992',b'785.1849',b'517.32434',b'144.51602',b'796.40967',b'651.9891',b'-443.18945',b'802.5702',b'622.48096',b'222.5187',b'789.4583',b'765.39813',b'-423.8533',b'804.88245',b'711.7586',b'102.3987',b'762.2719',b'774.7128',b'-491.39804',b'779.8823',b'712.2752',b'106.16543',b'758.54504',b'764.4834',b'-458.98996',b'776.5613',b'718.3933',b'46.769268',b'768.5796',b'762.61804',b'-410.88995',b'786.99963',b'720.49176',b'74.55485',b'1002.13336',b'586.91595',b'-167.24132',b'990.1585',b'571.0706',b'167.04366',b'1155.2606',b'647.0205',b'-67.614845',b'1046.012',b'654.41113',b'491.8581',b'1305.9197',b'685.55206',b'51.780346',b'1040.1108',b'712.4094',b'880.1997',b'1338.6733',b'672.59436',b'58.74184',b'1090.5387',b'715.2641',b'921.4262',b'1310.0674',b'761.59576',b'-54.282215',b'1014.62897',b'744.31104',b'951.85034'
image_035.jpg,b'684.6672',b'521.91693',b'-183.41321',b'682.95276',b'505.30173',b'-219.23755',b'684.4339',b'503.61856',b'-219.30582',b'686.2942',b'501.84998',b'-219.33873',b'682.65063',b'505.57193',b'-166.08614',b'683.7215',b'504.1831',b'-166.10863',b'685.0972',b'502.61276',b'-166.13683',b'703.83984',b'494.30966',b'-290.1798',b'701.7858',b'493.1883',b'-50.848698',b'701.76843',b'527.1795',b'-202.68018',b'701.361',b'527.63477',b'-132.9735',b'773.188',b'531.3073',b'-401.16888',b'785.31647',b'516.4243',b'154.18079',b'793.6062',b'651.373',b'-442.0691',b'801.83704',b'623.6356',b'227.5752',b'787.2579',b'768.1793',b'-425.27142',b'804.96906',b'713.96436',b'101.28618',b'761.092',b'775.0985',b'-493.61566',b'780.6872',b'714.54065',b'104.62694',b'757.6305',b'764.9665',b'-459.99637',b'776.21094',b'720.9288',b'43.610832',b'766.643',b'763.9162',b'-411.86472',b'786.4782',b'722.6936',b'72.524025',b'999.75885',b'584.50024',b'-167.87425',b'990.8789',b'571.1922',b'167.71622',b'1152.2928',b'645.1446',b'-78.72124',b'1058.6125',b'657.9362',b'466.97192',b'1307.8387',b'684.79254',b'27.40963',b'1047.9126',b'717.4934',b'839.06036',b'1339.8218',b'672.3403',b'32.794945',b'1112.7452',b'718.63245',b'878.482',b'1312.759',b'760.70355',b'-83.68939',b'1056.1727',b'761.3832',b'899.8222'
image_036.jpg,b'684.26013',b'515.9864',b'-196.12485',b'685.06805',b'497.59082',b'-230.28717',b'686.84924',b'495.38202',b'-230.35672',b'688.8252',b'493.0843',b'-230.38455',b'684.1583',b'499.00073',b'-178.06535',b'685.1264',b'497.92438',b'-178.0937',b'686.23987',b'496.60117',b'-178.10776',b'705.3346',b'486.73184',b'-295.8787',b'702.1565',b'487.61444',b'-60.961395',b'700.80023',b'521.569',b'-213.71509',b'699.3457',b'522.78076',b'-145.30849',b'773.3962',b'530.32465',b'-407.2234',b'784.308',b'515.4226',b'142.28218',b'792.35095',b'650.6212',b'-444.8572',b'798.2224',b'621.47925',b'207.72397',b'789.1562',b'766.9069',b'-421.1506',b'803.44495',b'714.478',b'81.581894',b'762.5549',b'773.27527',b'-489.8504',b'778.22064',b'719.2262',b'84.568794',b'759.1248',b'763.8368',b'-455.62628',b'773.4353',b'725.89264',b'22.98177',b'767.5012',b'762.663',b'-407.53702',b'784.3936',b'725.0904',b'52.745354',b'996.4581',b'585.37537',b'-168.38138',b'990.1894',b'571.7238',b'168.18727',b'1146.2567',b'644.8371',b'-68.47601',b'1060.1791',b'657.70386',b'456.88248',b'1305.3481',b'686.64825',b'50.23218',b'1052.8623',b'726.5431',b'808.4756',b'1333.9133',b'676.8456',b'56.91595',b'1124.8807',b'727.736',b'845.25757',b'1300.6333',b'755.74115',b'-57.378174',b'1064.691',b'773.8709',b'855.146'
image_037.jpg,b'682.8186',b'515.1207',b'-205.69368',b'683.44977',b'498.2346',b'-239.11406',b'685.3439',b'496.17767',b'-239.18402',b'687.61835',b'493.92984',b'-239.23987',b'682.50903',b'499.4999',b'-186.6051',b'683.4661',b'498.5797',b'-186.63052',b'684.7767',b'497.3081',b'-186.6444',b'704.2265',b'489.66144',b'-300.0662',b'701.463',b'489.6755',b'-64.458885',b'699.0614',b'522.10913',b'-222.03638',b'697.5195',b'522.823',b'-153.47398',b'770.40857',b'536.2786',b'-409.57907',b'783.88666',b'518.1709',b'141.35626',b'803.33374',b'655.61743',b'-433.55585',b'808.343',b'624.87354',b'201.20634',b'788.0449',b'763.33563',b'-394.74033',b'804.0904',b'711.29663',b'69.31831',b'761.55475',b'773.0453',b'-460.81802',b'780.12616',b'708.24524',b'73.760704',b'757.8429',b'760.57043',b'-428.22775',b'775.4723',b'713.11615',b'13.648903',b'766.9018',b'758.63617',b'-381.78235',b'783.8865',b'715.5918',b'41.054237',b'993.0573',b'585.6736',b'-172.33632',b'984.4837',b'570.55676',b'172.24675',b'1150.9778',b'647.32306',b'-118.9053',b'1050.7737',b'645.64606',b'453.80493',b'1308.2312',b'681.5709',b'-50.698715',b'1074.8208',b'686.75696',b'815.84906',b'1339.9781',b'670.97406',b'-48.460476',b'1087.7859',b'689.5234',b'853.91113',b'1311.523',b'756.37335',b'-156.93988',b'1038.1921',b'726.38',b'889.8816'
image_038.jpg,b'692.6159',b'505.6364',b'-163.09021',b'694.64026',b'489.40985',b'-196.05312',b'696.5545',b'487.79135',b'-196.19539',b'698.714',b'485.9566',b'-196.27097',b'693.5648',b'490.31003',b'-145.4005',b'694.59985',b'489.49866',b'-145.4116',b'695.82666',b'488.40875',b'-145.46303',b'715.69305',b'482.76926',b'-260.91306',b'712.8557',b'482.50327',b'-34.86485',b'707.54846',b'513.9529',b'-180.9129',b'706.0297',b'514.4932',b'-115.178116',b'775.938',b'538.2007',b'-378.0698',b'790.98303',b'517.4921',b'156.50317',b'799.9478',b'654.84326',b'-409.51712',b'802.7387',b'627.03125',b'197.35896',b'793.10394',b'762.7983',b'-392.81174',b'804.24744',b'716.8674',b'71.8251',b'764.9281',b'773.4144',b'-460.94666',b'781.89764',b'711.60406',b'73.33136',b'761.4094',b'763.5165',b'-429.37384',b'776.73236',b'717.02136',b'15.20423',b'769.92194',b'760.24506',b'-380.9504',b'785.71423',b'720.2959',b'43.840126',b'1002.13165',b'610.95197',b'-164.83963',b'993.7551',b'587.4626',b'164.69894',b'1160.3279',b'659.0277',b'-65.40529',b'1063.233',b'657.3199',b'462.88016',b'1311.634',b'684.073',b'49.913765',b'1105.5671',b'682.09906',b'826.8567',b'1347.0077',b'673.24976',b'56.755684',b'1119.7096',b'681.9509',b'864.901',b'1314.3414',b'761.7154',b'-52.710423',b'1078.8011',b'716.10095',b'884.743'
image_039.jpg,b'692.2851',b'498.7826',b'-219.16061',b'695.59753',b'481.76498',b'-250.79927',b'697.93445',b'480.4835',b'-250.91872',b'700.42957',b'478.97986',b'-250.97256',b'693.9318',b'482.18137',b'-200.50073',b'694.9046',b'481.37134',b'-200.49739',b'696.17706',b'480.3024',b'-200.49548',b'718.22986',b'476.7653',b'-305.28955',b'715.23456',b'476.31418',b'-81.35369',b'705.77637',b'508.5993',b'-232.99828',b'703.2426',b'508.01178',b'-167.91748',b'775.3356',b'538.4479',b'-411.55667',b'789.90405',b'516.43713',b'117.929016',b'796.18933',b'658.27045',b'-430.7918',b'805.6342',b'627.7884',b'151.59195',b'791.7211',b'763.79767',b'-409.97012',b'807.14813',b'716.68756',b'22.380827',b'766.77936',b'771.11194',b'-482.78262',b'784.2705',b'713.2168',b'15.272652',b'762.3468',b'764.6489',b'-456.75775',b'781.72534',b'714.8882',b'-43.04861',b'770.2259',b'763.27637',b'-400.86093',b'791.475',b'718.20447',b'-6.2856708',b'997.73987',b'617.66144',b'-160.90324',b'988.433',b'600.1514',b'160.73293',b'1161.055',b'661.702',b'-34.461277',b'1041.7191',b'664.3063',b'471.2545',b'1311.1526',b'685.61884',b'106.578804',b'1071.1987',b'699.79193',b'867.0132',b'1336.8198',b'672.23065',b'115.74815',b'1083.029',b'700.1395',b'907.19556',b'1311.8348',b'750.99585',b'-6.317624',b'1043.1952',b'734.22766',b'921.72205'
image_040.jpg,b'691.719',b'544.7115',b'-227.99377',b'688.7725',b'526.5438',b'-232.34387',b'691.1078',b'523.20886',b'-232.4633',b'693.7755',b'519.78723',b'-232.50273',b'684.16394',b'532.45703',b'-197.1177',b'683.30475',b'533.2162',b'-197.08577',b'682.3896',b'533.97174',b'-197.03604',b'711.0975',b'511.1445',b'-191.06604',b'697.5086',b'523.14044',b'-33.442093',b'710.7766',b'549.02795',b'-207.02527',b'704.82654',b'554.3661',b'-161.21988',b'772.1728',b'558.50854',b'-303.52188',b'786.83356',b'533.44604',b'207.0404',b'773.9206',b'669.64795',b'-376.20837',b'795.8914',b'634.35803',b'275.2306',b'772.0356',b'781.4002',b'-342.8854',b'797.1635',b'705.392',b'158.28621',b'744.99994',b'792.37427',b'-394.43326',b'781.57086',b'706.8514',b'165.28586',b'741.1254',b'785.8374',b'-355.95258',b'781.45734',b'708.35565',b'119.87121',b'752.965',b'782.0436',b'-326.53534',b'787.5933',b'713.31805',b'137.33643',b'994.0771',b'616.2582',b'-151.60207',b'992.8907',b'602.6505',b'151.13698',b'1152.5547',b'658.6774',b'-57.107086',b'1094.6359',b'661.75635',b'299.16776',b'1308.5913',b'684.1736',b'96.34209',b'1194.1282',b'694.99585',b'483.94473',b'1338.4694',b'670.1549',b'108.73771',b'1216.4199',b'692.6937',b'501.96417',b'1306.5415',b'749.9379',b'34.31283',b'1191.6395',b'740.34344',b'471.68405'
image_041.jpg,b'691.7893',b'545.73315',b'-231.93059',b'687.0765',b'527.7994',b'-249.33667',b'689.40967',b'525.1159',b'-249.43854',b'691.9817',b'522.18524',b'-249.50095',b'683.21344',b'532.3736',b'-208.32036',b'682.6803',b'532.82794',b'-208.30157',b'682.24054',b'533.30194',b'-208.27113',b'709.37335',b'513.3443',b'-250.28134',b'699.6177',b'521.8277',b'-64.900024',b'710.59106',b'550.5115',b'-225.20285',b'705.3212',b'553.8608',b'-171.1279',b'770.07904',b'557.0797',b'-362.45737',b'789.8907',b'531.35516',b'178.22806',b'771.1118',b'672.368',b'-417.1348',b'800.94904',b'631.0198',b'259.9642',b'772.0292',b'779.62274',b'-376.71225',b'798.06635',b'708.68823',b'134.18843',b'747.89764',b'792.6405',b'-435.84344',b'784.99445',b'707.0587',b'140.98743',b'744.262',b'785.8572',b'-399.66876',b'782.99927',b'714.15076',b'89.29348',b'754.54254',b'782.6573',b'-360.6298',b'788.25397',b'719.32635',b'110.626205',b'1003.2333',b'612.8893',b'-166.94942',b'1000.31055',b'589.25934',b'166.57019',b'1163.4595',b'656.6728',b'-80.354935',b'1077.9987',b'673.4644',b'448.7377',b'1316.5781',b'684.6925',b'6.7280946',b'1141.6959',b'718.5163',b'783.9023',b'1352.7117',b'673.8516',b'10.826362',b'1163.2777',b'719.29675',b'819.3983',b'1312.3373',b'763.13574',b'-86.65233',b'1113.5385',b'771.63226',b'842.3686'
image_042.jpg,b'697.83795',b'581.4746',b'-88.80532',b'685.5312',b'568.98315',b'-124.08593',b'686.02374',b'566.8934',b'-124.16303',b'686.6047',b'564.3463',b'-124.20879',b'685.2708',b'569.145',b'-73.94544',b'685.5174',b'567.37726',b'-73.936295',b'685.82556',b'565.1376',b'-73.94978',b'698.4629',b'548.32806',b'-203.59291',b'697.97455',b'547.9713',b'21.82226',b'713.48517',b'580.4564',b'-110.74405',b'713.4526',b'580.9863',b'-45.030758',b'771.0153',b'567.79425',b'-327.81293',b'788.23474',b'534.1844',b'220.84216',b'777.1368',b'676.58636',b'-387.65317',b'799.6706',b'626.7733',b'306.54572',b'773.30237',b'777.05853',b'-333.65137',b'795.6838',b'701.3421',b'195.25009',b'750.314',b'790.66156',b'-390.44672',b'780.95703',b'700.301',b'200.01807',b'745.2714',b'782.3245',b'-353.28146',b'765.58514',b'713.71954',b'149.6222',b'754.1603',b'779.1619',b'-317.5749',b'772.7572',b'716.02167',b'170.50377',b'998.3521',b'615.1292',b'-160.82605',b'994.2809',b'584.736',b'160.5205',b'1156.249',b'658.49194',b'-86.267365',b'1073.5347',b'663.01263',b'400.9035',b'1315.2518',b'677.7436',b'6.4669685',b'1143.2836',b'715.82086',b'687.4904',b'1350.9365',b'664.7944',b'10.844769',b'1167.9965',b'715.8263',b'717.9886',b'1313.499',b'756.20905',b'-80.95591',b'1062.548',b'764.27814',b'738.4308'
image_043.jpg,b'697.4207',b'588.02747',b'-81.055725',b'686.38684',b'573.4178',b'-118.64665',b'687.0165',b'570.7705',b'-118.72184',b'687.7023',b'567.74646',b'-118.77634',b'685.8345',b'573.3348',b'-65.97624',b'686.0137',b'570.9763',b'-65.972534',b'686.2253',b'568.2955',b'-65.977745',b'700.88196',b'549.38885',b'-210.9952',b'699.7308',b'549.5612',b'26.856585',b'714.58215',b'585.2963',b'-107.725655',b'714.07733',b'586.31726',b'-38.21729',b'773.0721',b'563.7627',b'-337.00006',b'795.51526',b'535.57355',b'224.74388',b'774.2557',b'675.52594',b'-409.64764',b'804.02856',b'629.81036',b'330.70514',b'769.74414',b'781.382',b'-364.1698',b'799.3594',b'702.9536',b'242.61546',b'747.97925',b'792.5079',b'-423.8635',b'784.75287',b'704.20294',b'253.34947',b'742.8027',b'784.6617',b'-380.13788',b'783.4151',b'705.50256',b'199.67673',b'751.70935',b'782.31104',b'-345.98505',b'788.62366',b'710.27655',b'217.0481',b'1006.10815',b'622.4922',b'-164.14955',b'999.5754',b'591.0498',b'163.91818',b'1167.2167',b'665.6224',b'-99.25756',b'1074.8746',b'669.32764',b'436.90192',b'1319.7499',b'683.376',b'4.7797933',b'1140.3307',b'728.72626',b'737.63995',b'1350.3335',b'667.1515',b'10.139352',b'1165.3234',b'729.61237',b'769.33234',b'1328.0076',b'762.2341',b'-89.99115',b'1061.3881',b'771.2401',b'782.45636'
image_044.jpg,b'698.6708',b'586.862',b'-60.10781',b'687.1894',b'573.37225',b'-95.4684',b'687.82214',b'571.1314',b'-95.578606',b'688.4266',b'568.6991',b'-95.624176',b'686.5353',b'574.18207',b'-45.548832',b'686.66254',b'572.67206',b'-45.553917',b'686.74963',b'570.9171',b'-45.566967',b'700.3482',b'554.1376',b'-182.43845',b'698.8178',b'554.4954',b'42.047966',b'713.92957',b'585.5763',b'-85.44501',b'713.9544',b'586.93524',b'-19.92575',b'773.90375',b'565.14166',b'-290.9211',b'787.7976',b'543.02954',b'209.75818',b'785.86896',b'679.17035',b'-338.78442',b'804.44855',b'637.21204',b'267.98425',b'771.12305',b'776.95667',b'-305.828',b'794.63513',b'705.5786',b'160.83556',b'747.2741',b'793.27325',b'-361.60477',b'778.05176',b'710.83655',b'164.6319',b'741.4346',b'782.7831',b'-325.5703',b'774.85144',b'709.0908',b'116.285675',b'752.03516',b'779.0261',b'-291.65997',b'776.59607',b'721.2064',b'137.17416',b'1003.68555',b'631.5356',b'-146.61694',b'997.99506',b'610.0479',b'146.45932',b'1168.8998',b'668.0787',b'-123.59532',b'1103.326',b'667.0',b'318.0846',b'1319.2882',b'691.5861',b'-58.280113',b'1207.0282',b'702.477',b'516.93475',b'1343.1191',b'675.8053',b'-56.286858',b'1230.7478',b'698.8886',b'536.5559',b'1333.7681',b'763.8643',b'-151.49466',b'1204.0383',b'752.4387',b'513.44006'
image_045.jpg,b'703.0394',b'587.04785',b'-32.209763',b'691.3042',b'574.1321',b'-65.65414',b'691.7374',b'571.96594',b'-65.74223',b'692.0649',b'569.5084',b'-65.75768',b'691.14636',b'574.3151',b'-18.228523',b'691.4235',b'572.4187',b'-18.246288',b'691.56165',b'570.21954',b'-18.249687',b'704.69214',b'553.3507',b'-148.61868',b'703.7336',b'553.9929',b'62.96209',b'717.6521',b'585.0948',b'-56.76466',b'717.7893',b'586.1154',b'5.0181513',b'774.9321',b'562.5794',b'-263.17822',b'794.0735',b'541.2573',b'218.08826',b'783.1478',b'674.29456',b'-323.15927',b'804.9115',b'636.5019',b'281.37088',b'770.5415',b'775.47906',b'-290.84982',b'796.2438',b'709.8541',b'190.61296',b'747.77814',b'792.498',b'-342.63358',b'781.37964',b'710.04504',b'193.42819',b'742.5073',b'783.23315',b'-306.4613',b'776.5118',b'721.8311',b'144.82034',b'752.73645',b'779.2414',b'-276.60513',b'782.9525',b'724.2657',b'166.74005',b'1006.62494',b'630.6249',b'-141.27585',b'1001.5388',b'607.12573',b'141.03201',b'1167.9519',b'672.4603',b'-110.84845',b'1138.1898',b'671.82385',b'252.75761',b'1322.241',b'691.35223',b'-47.56808',b'1245.5039',b'696.6449',b'401.23193',b'1348.5408',b'675.8789',b'-44.83203',b'1272.0889',b'690.17126',b'415.19995',b'1334.6868',b'768.691',b'-130.00409',b'1250.3232',b'748.90027',b'378.52142'
image_046.jpg,b'696.7348',b'582.3333',b'-57.81546',b'686.5112',b'569.1457',b'-93.042885',b'687.0921',b'567.11597',b'-93.13083',b'687.7428',b'564.9379',b'-93.15854',b'686.4945',b'569.1938',b'-42.443',b'687.00385',b'567.3305',b'-42.470657',b'687.5386',b'565.26636',b'-42.491306',b'700.87787',b'551.33344',b'-182.4075',b'700.3253',b'551.10114',b'45.388996',b'711.72284',b'581.57776',b'-84.33749',b'711.69104',b'582.2878',b'-17.7626',b'769.59686',b'560.5818',b'-298.12048',b'789.451',b'538.32855',b'216.11285',b'782.77795',b'670.4858',b'-355.72052',b'802.25635',b'640.9853',b'283.24634',b'770.7242',b'777.61536',b'-329.795',b'794.9084',b'711.0292',b'182.1495',b'745.5419',b'789.2732',b'-387.87393',b'776.4163',b'711.59863',b'189.71687',b'741.58105',b'782.23334',b'-348.14417',b'765.9029',b'724.742',b'136.17467',b'751.16797',b'779.3447',b'-314.04218',b'773.0082',b'727.5839',b'156.64563',b'1002.91223',b'622.81256',b'-150.35721',b'1000.7378',b'598.31757',b'150.17267',b'1168.3071',b'666.4551',b'-107.19619',b'1097.401',b'663.0868',b'323.63495',b'1319.8169',b'692.2845',b'-29.554081',b'1173.6571',b'705.7679',b'555.20825',b'1346.228',b'676.7204',b'-26.351662',b'1195.9344',b'704.30255',b'579.098',b'1334.4065',b'769.3912',b'-118.68689',b'1155.2802',b'756.3133',b'574.92084'
image_047.jpg,b'708.85516',b'593.8472',b'-51.906986',b'695.1956',b'583.40643',b'-86.09253',b'694.981',b'581.136',b'-86.16337',b'694.72424',b'578.6649',b'-86.18335',b'695.47723',b'583.26215',b'-36.167866',b'695.4601',b'581.03723',b'-36.166107',b'695.38666',b'578.5505',b'-36.163628',b'703.2693',b'559.8115',b'-168.47867',b'704.0965',b'559.12756',b'54.584476',b'723.35144',b'589.5737',b'-75.691345',b'723.92224',b'589.8736',b'-10.505827',b'775.3244',b'562.86804',b'-287.62665',b'797.4701',b'535.69977',b'223.18764',b'773.9943',b'678.2974',b'-369.50433',b'803.19305',b'633.25934',b'294.96008',b'767.89594',b'780.6373',b'-335.06296',b'797.7324',b'711.8409',b'194.51541',b'742.66425',b'794.2857',b'-393.00638',b'781.1004',b'709.7703',b'196.82306',b'737.7858',b'783.63904',b'-353.52927',b'778.83466',b'718.67487',b'146.53621',b'747.67926',b'780.7804',b'-320.12903',b'783.4943',b'723.8217',b'169.36145',b'1006.10675',b'606.0476',b'-151.613',b'1003.944',b'579.2625',b'151.37906',b'1162.5043',b'664.2308',b'-98.24362',b'1142.5758',b'657.1549',b'258.24142',b'1314.2405',b'687.05334',b'22.562372',b'1242.0017',b'665.6833',b'397.5799',b'1338.1914',b'670.9986',b'32.458492',b'1265.8638',b'655.28284',b'410.67325',b'1336.8766',b'750.7652',b'-35.1524',b'1253.9845',b'718.6601',b'373.01813'
image_048.jpg,b'708.5505',b'587.5671',b'-41.509262',b'691.9229',b'576.78925',b'-79.0478',b'691.31836',b'574.10785',b'-79.0951',b'690.76483',b'571.149',b'-79.09378',b'692.3317',b'576.9604',b'-22.800962',b'691.9552',b'574.612',b'-22.803883',b'691.5582',b'571.92096',b'-22.822021',b'697.3347',b'550.70135',b'-176.53093',b'697.71924',b'550.6035',b'76.63705',b'721.17255',b'579.7585',b'-71.31012',b'722.2187',b'581.225',b'2.6787891',b'764.22205',b'543.15546',b'-319.12067',b'778.7512',b'519.27856',b'257.59616',b'767.6061',b'657.16876',b'-422.04083',b'776.6049',b'624.8014',b'334.74838',b'764.7155',b'769.7677',b'-397.33997',b'774.5319',b'710.8734',b'208.44754',b'735.62726',b'778.5951',b'-467.62088',b'749.7891',b'716.91113',b'216.53474',b'731.78156',b'770.42194',b'-421.51358',b'746.34705',b'724.3568',b'155.14311',b'742.50366',b'766.45667',b'-379.73514',b'755.5426',b'724.09125',b'178.57552',b'996.69867',b'566.938',b'-179.31541',b'988.9809',b'551.7354',b'179.21571',b'1145.4496',b'639.4571',b'-138.24306',b'1125.1382',b'634.016',b'343.783',b'1297.5607',b'682.13025',b'-47.662827',b'1258.0293',b'670.79065',b'543.6262',b'1336.8307',b'675.08136',b'-43.8219',b'1291.5',b'673.31854',b'561.90173',b'1305.8337',b'765.9643',b'-144.71191',b'1224.2512',b'762.2762',b'517.1616'
image_049.jpg,b'709.80493',b'586.7832',b'-41.24581',b'692.9247',b'576.5517',b'-77.66188',b'692.2616',b'573.9483',b'-77.712006',b'691.6804',b'571.03015',b'-77.70553',b'693.4289',b'576.70966',b'-21.997458',b'693.0376',b'574.41785',b'-22.001617',b'692.6545',b'571.74915',b'-22.013771',b'698.19147',b'550.43964',b'-170.93675',b'698.6701',b'550.2986',b'79.08456',b'722.45135',b'579.2',b'-69.685616',b'723.69073',b'580.59845',b'3.3474092',b'764.45483',b'543.25525',b'-315.668',b'780.31305',b'519.5457',b'259.12027',b'766.4142',b'656.90826',b'-425.2085',b'779.0216',b'623.9863',b'331.77954',b'764.81104',b'769.4518',b'-395.82776',b'775.44434',b'709.49365',b'206.48071',b'735.22626',b'777.8189',b'-465.04828',b'751.6601',b'714.21783',b'214.1944',b'731.69257',b'769.6518',b'-418.24564',b'748.15814',b'721.8981',b'153.33327',b'742.7608',b'765.75555',b'-378.22437',b'757.31415',b'721.926',b'176.66653',b'998.946',b'566.7251',b'-179.83304',b'992.4323',b'550.63086',b'179.72267',b'1146.4735',b'639.43994',b'-128.86472',b'1134.3728',b'632.4096',b'284.74036',b'1298.3862',b'682.2036',b'-21.903387',b'1261.6556',b'670.33936',b'431.74426',b'1338.2437',b'674.284',b'-16.144054',b'1302.1699',b'671.4341',b'444.2586',b'1305.0261',b'766.6911',b'-108.39056',b'1258.6284',b'754.8791',b'386.71066'
image_050.jpg,b'708.3916',b'587.3727',b'-56.81752',b'691.7134',b'575.8551',b'-94.736015',b'691.14624',b'573.0629',b'-94.76392',b'690.6262',b'570.0167',b'-94.75702',b'692.18805',b'576.02234',b'-39.27819',b'691.8614',b'573.5616',b'-39.296463',b'691.5042',b'570.7315',b'-39.33473',b'697.9644',b'549.5011',b'-189.76639',b'698.3364',b'549.0732',b'60.747692',b'721.32697',b'579.5113',b'-85.473114',b'722.379',b'580.92706',b'-12.272796',b'767.9485',b'543.18884',b'-324.659',b'781.42163',b'517.9639',b'243.91954',b'771.2329',b'657.7717',b'-414.89526',b'779.24445',b'622.97784',b'321.93915',b'766.49194',b'768.1033',b'-382.45773',b'774.78705',b'710.68195',b'190.05986',b'736.148',b'777.4941',b'-449.6093',b'750.36346',b'716.4935',b'195.99622',b'732.46533',b'767.20624',b'-405.9822',b'746.5006',b'723.65015',b'135.7973',b'743.39435',b'764.2007',b'-365.34918',b'755.7853',b'722.9884',b'160.5432',b'1001.15076',b'567.92676',b'-176.78188',b'992.9833',b'551.802',b'176.66516',b'1149.022',b'640.85297',b'-129.32361',b'1092.7441',b'636.67725',b'414.4851',b'1299.898',b'681.53',b'-44.58963',b'1168.4393',b'701.80835',b'689.49786',b'1340.2437',b'671.5306',b'-41.917118',b'1195.9384',b'702.66956',b'716.74347',b'1310.7666',b'769.64453',b'-148.76987',b'1141.2454',b'770.55994',b'704.98157'
image_051.jpg,b'693.3796',b'569.93115',b'-137.00188',b'682.16315',b'555.6763',b'-174.25948',b'682.75476',b'553.1841',b'-174.30489',b'683.3634',b'550.3074',b'-174.32178',b'682.0161',b'555.4403',b'-119.685234',b'682.3966',b'553.0289',b'-119.69529',b'682.754',b'550.11505',b'-119.716736',b'696.5969',b'533.55414',b'-261.97617',b'695.8298',b'532.1768',b'-15.5311985',b'708.6524',b'567.6036',b'-162.72723',b'708.9308',b'568.15155',b'-90.84116',b'773.06256',b'545.22003',b'-384.904',b'781.1873',b'520.4481',b'183.0316',b'783.17206',b'664.92236',b'-463.92435',b'781.1813',b'623.249',b'275.34775',b'772.7662',b'769.22974',b'-443.10727',b'773.58215',b'713.5004',b'154.66367',b'748.20386',b'781.06586',b'-513.60364',b'749.5782',b'718.6946',b'157.69028',b'742.33624',b'769.26196',b'-473.98734',b'747.3721',b'723.0909',b'99.09616',b'750.4952',b'767.09576',b'-428.42853',b'755.66675',b'723.05066',b'125.96193',b'1004.5735',b'582.6568',b'-174.77579',b'988.16046',b'563.5889',b'174.56674',b'1151.311',b'649.13306',b'-84.91737',b'1065.8252',b'646.18744',b'460.66232',b'1299.1088',b'684.3406',b'39.69586',b'1142.1104',b'697.60944',b'781.3549',b'1340.3954',b'673.81024',b'47.206593',b'1166.3978',b'697.8079',b'814.606',b'1299.0159',b'764.07886',b'-56.569782',b'1112.9391',b'755.9917',b'823.02875'
image_052.jpg,b'711.43335',b'572.4641',b'-81.402214',b'698.9712',b'560.81836',b'-116.40443',b'699.1258',b'558.43665',b'-116.442215',b'699.3118',b'555.69696',b'-116.45616',b'699.08606',b'560.98773',b'-66.60352',b'699.211',b'559.00946',b'-66.61575',b'699.364',b'556.6771',b'-66.60841',b'709.5863',b'537.6144',b'-196.33153',b'709.68933',b'538.0108',b'28.181587',b'725.5236',b'569.7241',b'-104.29711',b'725.73895',b'570.5105',b'-38.710865',b'780.28204',b'547.8514',b'-309.40256',b'798.93054',b'526.73865',b'202.3405',b'782.2447',b'663.4045',b'-373.88303',b'794.33765',b'635.97577',b'265.90292',b'767.6146',b'764.6603',b'-348.49753',b'781.93976',b'721.06775',b'151.68323',b'739.21155',b'774.0133',b'-408.0778',b'755.27295',b'720.9332',b'154.98988',b'736.06696',b'763.2225',b'-370.5239',b'751.8334',b'724.61237',b'101.3388',b'745.09467',b'761.5007',b'-334.0891',b'761.38934',b'726.0127',b'125.09627',b'1004.2782',b'613.74304',b'-155.18567',b'996.46326',b'588.45496',b'154.95639',b'1162.9122',b'656.9094',b'-119.05935',b'1076.4668',b'667.9482',b'367.4922',b'1319.9559',b'685.69934',b'-53.333225',b'1139.0432',b'719.20184',b'654.4054',b'1350.27',b'676.69653',b'-51.35629',b'1161.4348',b'719.39124',b'684.68475',b'1313.219',b'758.8309',b'-150.28354',b'1107.8162',b'774.1635',b'695.6291'
image_053.jpg,b'710.1973',b'572.8117',b'-54.87018',b'697.8741',b'559.88165',b'-89.37526',b'698.0743',b'557.41034',b'-89.42353',b'698.3342',b'554.5545',b'-89.43267',b'697.93726',b'560.16235',b'-39.230976',b'698.1266',b'558.1443',b'-39.241825',b'698.3721',b'555.686',b'-39.230602',b'709.9563',b'536.9892',b'-170.4974',b'710.05145',b'537.1103',b'55.58861',b'724.639',b'569.75134',b'-78.07315',b'725.014',b'570.76483',b'-12.071887',b'779.8333',b'548.1574',b'-292.25305',b'800.4017',b'523.81213',b'229.68787',b'780.3322',b'659.53687',b'-369.47046',b'795.1751',b'627.258',b'299.7577',b'768.44476',b'764.7485',b'-345.87103',b'784.0449',b'713.51465',b'189.14403',b'740.2326',b'775.13446',b'-406.13672',b'759.53204',b'712.59955',b'192.79231',b'736.9714',b'764.3388',b'-366.93607',b'755.4035',b'717.20166',b'138.93224',b'746.1208',b'762.3894',b'-330.67404',b'764.58844',b'718.89734',b'162.41565',b'1002.9627',b'613.7879',b'-159.65237',b'997.2315',b'586.1491',b'159.38472',b'1157.5265',b'659.8563',b'-114.1966',b'1107.951',b'659.1289',b'347.30896',b'1308.7607',b'684.9106',b'-25.0653',b'1201.1819',b'703.02795',b'594.7669',b'1345.5881',b'672.844',b'-19.71043',b'1227.3043',b'699.98663',b'620.3059',b'1315.6373',b'759.0499',b'-108.837875',b'1186.732',b'762.3748',b'610.0977'
image_054.jpg,b'691.09076',b'511.98505',b'-121.474945',b'689.9287',b'492.69678',b'-154.10553',b'692.01636',b'490.7186',b'-154.27122',b'694.4305',b'488.66214',b'-154.34956',b'688.77893',b'493.86908',b'-101.93102',b'689.76056',b'492.83157',b'-101.91059',b'691.1367',b'491.49936',b'-101.92732',b'712.1831',b'484.21887',b'-223.06857',b'709.5668',b'484.3038',b'9.215029',b'708.4285',b'519.17377',b'-139.6947',b'706.56305',b'519.86536',b'-72.3615',b'778.22815',b'536.8448',b'-355.27875',b'788.26776',b'515.1982',b'198.19109',b'789.25244',b'662.7076',b'-410.15475',b'784.06836',b'628.1184',b'252.66827',b'778.7908',b'764.3038',b'-387.25662',b'781.01636',b'712.6379',b'138.77556',b'748.92737',b'777.67505',b'-456.61902',b'754.57764',b'715.80005',b'136.43616',b'747.0439',b'763.1717',b'-422.7281',b'755.2428',b'720.84937',b'79.41842',b'757.19995',b'761.2422',b'-375.24966',b'765.0628',b'721.64233',b'110.2054',b'1007.3962',b'620.3886',b'-169.27625',b'1000.707',b'591.3026',b'169.01686',b'1153.4987',b'660.1341',b'19.750162',b'1119.4745',b'661.32086',b'404.6951',b'1309.2197',b'683.33527',b'260.6457',b'1272.0168',b'685.373',b'683.2087',b'1343.1213',b'670.7451',b'282.37946',b'1274.4688',b'681.4443',b'712.1927',b'1301.7069',b'761.4845',b'202.68791',b'1270.6515',b'749.859',b'681.71326'
image_055.jpg,b'694.2096',b'516.8862',b'-156.85397',b'694.5232',b'498.53046',b'-192.06157',b'696.57324',b'496.43613',b'-192.18729',b'698.7999',b'494.23062',b'-192.24866',b'693.5308',b'499.32227',b'-139.93137',b'694.63873',b'498.0367',b'-139.94196',b'695.87714',b'496.53644',b'-139.9763',b'717.26025',b'488.2705',b'-263.64304',b'713.31335',b'488.34222',b'-28.681362',b'711.9629',b'523.82385',b'-176.08044',b'710.3462',b'524.2536',b'-107.76515',b'784.13586',b'536.4564',b'-385.82153',b'798.5161',b'514.854',b'174.80487',b'789.79407',b'657.2424',b'-426.67685',b'791.9689',b'627.72015',b'234.86821',b'779.81354',b'762.6338',b'-401.9424',b'786.4638',b'714.4564',b'108.46226',b'750.1017',b'774.54675',b'-471.61377',b'761.06885',b'713.6453',b'110.362526',b'747.746',b'762.6725',b'-436.86334',b'759.17554',b'719.7201',b'51.842884',b'758.37714',b'759.21893',b'-388.57056',b'768.24225',b'721.8985',b'80.20641',b'1005.9851',b'615.70496',b'-170.32417',b'1000.41724',b'588.50226',b'170.02153',b'1163.0653',b'662.7186',b'-32.020203',b'1060.8953',b'666.23816',b'508.9778',b'1316.355',b'686.5179',b'132.6912',b'1048.3201',b'728.625',b'899.74426',b'1350.1694',b'675.24786',b'144.8193',b'1128.6138',b'729.702',b'940.94226',b'1309.1455',b'760.36945',b'39.89743',b'1064.0804',b'772.18414',b'963.59045'
image_056.jpg,b'756.1492',b'599.1663',b'-176.1143',b'739.1936',b'591.7162',b'-213.88512',b'738.48',b'589.51215',b'-213.9345',b'737.804',b'587.1553',b'-213.9711',b'738.518',b'591.8207',b'-158.02243',b'737.41266',b'589.75214',b'-157.99626',b'736.31274',b'587.4819',b'-158.01395',b'738.55237',b'567.543',b'-302.3283',b'737.0321',b'566.5183',b'-46.678246',b'766.7595',b'591.01715',b'-201.63893',b'766.13947',b'591.6022',b'-127.04428',b'804.9164',b'555.0241',b'-421.3082',b'804.2779',b'528.1152',b'145.43471',b'791.34106',b'673.3075',b'-583.0389',b'789.5406',b'622.0047',b'276.3518',b'770.976',b'780.1195',b'-562.88074',b'787.1377',b'700.3589',b'149.27007',b'747.577',b'797.7006',b'-643.55536',b'771.5377',b'706.3929',b'152.69347',b'740.83636',b'788.9848',b'-593.53516',b'769.3353',b'708.7147',b'84.37629',b'748.93555',b'782.3981',b'-545.99835',b'774.52954',b'712.0849',b'116.52953',b'1046.0936',b'551.39374',b'-179.57701',b'1017.8738',b'547.2014',b'179.4978',b'1194.5157',b'632.7821',b'-41.43585',b'1049.9523',b'638.17914',b'490.82462',b'1339.5073',b'685.6643',b'133.78304',b'1063.576',b'707.6635',b'825.7705',b'1369.8934',b'681.96826',b'145.66205',b'1146.1019',b'697.4332',b'858.683',b'1319.0261',b'768.53357',b'31.384775',b'1091.3564',b'754.7753',b'851.0049'
image_057.jpg,b'756.1353',b'599.21545',b'-124.83457',b'740.2385',b'591.9512',b'-163.68147',b'739.6663',b'589.9228',b'-163.74974',b'739.1637',b'587.7397',b'-163.78612',b'739.37726',b'591.56824',b'-107.73784',b'738.2511',b'589.34576',b'-107.72084',b'737.1437',b'586.9205',b'-107.76112',b'739.59937',b'568.5221',b'-257.69022',b'737.26715',b'565.87256',b'-1.922484',b'767.17804',b'591.6254',b'-152.09937',b'766.10535',b'591.3693',b'-77.571266',b'803.1853',b'558.5609',b'-382.72232',b'803.1587',b'523.30304',b'188.89139',b'793.4809',b'671.2213',b'-537.0597',b'793.6972',b'615.77264',b'311.73892',b'775.1999',b'778.5292',b'-508.21307',b'790.4114',b'689.47095',b'186.03577',b'753.16785',b'797.0296',b'-585.2083',b'776.8238',b'697.44006',b'193.6279',b'745.88104',b'787.6429',b'-533.4523',b'774.3308',b'696.968',b'125.50479',b'753.8162',b'781.1747',b'-489.8525',b'779.59155',b'700.31744',b'154.03668',b'1045.5621',b'553.3194',b'-183.9786',b'1017.8342',b'538.97504',b'183.92894',b'1194.8163',b'632.96',b'-85.22568',b'1059.8008',b'627.21387',b'489.94348',b'1337.9255',b'684.538',b'57.75151',b'1142.5999',b'697.30255',b'800.6246',b'1368.0406',b'682.4241',b'66.1694',b'1170.8309',b'699.3912',b'830.7654',b'1318.6782',b'772.5021',b'-43.863514',b'1109.3472',b'760.3908',b'820.7837'
image_058.jpg,b'757.37103',b'595.51196',b'-74.93703',b'739.59625',b'587.81116',b'-111.1954',b'738.5615',b'585.66284',b'-111.24087',b'737.5675',b'583.4248',b'-111.26828',b'739.5148',b'587.7843',b'-57.309906',b'738.5696',b'585.72614',b'-57.283936',b'737.6189',b'583.41956',b'-57.295597',b'738.1098',b'564.9474',b'-200.61067',b'737.67786',b'562.87445',b'44.51603',b'768.50635',b'587.47504',b'-101.41717',b'768.4238',b'588.037',b'-29.68985',b'799.73645',b'558.1784',b'-324.84338',b'807.2074',b'527.5251',b'223.31607',b'791.1177',b'670.3744',b'-478.71915',b'796.89514',b'628.50336',b'325.9689',b'771.3953',b'782.422',b'-463.67682',b'787.7465',b'705.6627',b'184.0799',b'748.123',b'798.7046',b'-537.1909',b'769.08545',b'710.99817',b'194.04193',b'741.62665',b'789.27747',b'-483.04196',b'764.4517',b'717.17444',b'125.07683',b'748.64935',b'783.1375',b'-443.9216',b'771.0962',b'720.02936',b'151.5485',b'1034.8322',b'560.50793',b'-170.97662',b'1020.72864',b'543.47437',b'170.84969',b'1189.8336',b'636.80505',b'-116.519104',b'1100.3751',b'619.61206',b'393.27933',b'1338.1682',b'689.0431',b'-22.789362',b'1172.9349',b'691.84766',b'666.25287',b'1372.0033',b'680.7644',b'-19.127213',b'1199.3256',b'694.2819',b'693.7225',b'1320.8558',b'771.1003',b'-117.45723',b'1136.1841',b'756.4485',b'686.5763'
image_059.jpg,b'751.9112',b'602.9213',b'-91.04476',b'736.02136',b'596.7248',b'-132.12473',b'735.1541',b'595.0473',b'-132.13191',b'734.29675',b'593.2644',b'-132.16382',b'735.7895',b'596.2581',b'-76.511604',b'734.8867',b'594.4258',b'-76.508354',b'733.9959',b'592.4623',b'-76.54215',b'734.4316',b'576.0281',b'-235.2349',b'733.95996',b'573.8696',b'17.751032',b'761.90686',b'595.8586',b'-121.043304',b'761.7509',b'595.3754',b'-47.222904',b'798.60077',b'564.7517',b'-366.33212',b'803.9421',b'527.99286',b'224.14536',b'796.72974',b'674.0165',b'-476.696',b'800.4988',b'617.3161',b'345.69034',b'773.0849',b'780.42',b'-417.8646',b'791.3695',b'694.027',b'234.96866',b'749.5281',b'798.4865',b'-485.3922',b'771.82',b'695.2664',b'249.50687',b'741.92584',b'788.32007',b'-434.04858',b'769.2042',b'699.53516',b'188.25441',b'750.0235',b'781.9075',b'-397.38458',b'775.4615',b'702.584',b'206.41632',b'1030.9133',b'575.9449',b'-190.4053',b'1023.60376',b'548.9829',b'190.19894',b'1187.7028',b'640.5975',b'-124.75556',b'1045.9528',b'620.0887',b'540.70154',b'1337.156',b'692.24133',b'2.4009566',b'1043.925',b'709.7429',b'889.6383',b'1373.0879',b'684.8675',b'10.736996',b'1114.7913',b'706.9078',b'923.64795',b'1316.5829',b'768.894',b'-79.9097',b'1011.79553',b'744.17126',b'937.45734'
image_060.jpg,b'742.26324',b'602.7894',b'-59.650303',b'723.194',b'595.628',b'-99.11665',b'722.00653',b'593.56116',b'-99.168144',b'721.02106',b'591.3626',b'-99.19246',b'724.0508',b'595.4036',b'-43.35733',b'723.37177',b'593.1452',b'-43.335682',b'722.73376',b'590.6351',b'-43.361027',b'725.11884',b'571.29016',b'-199.98495',b'725.7798',b'568.5562',b'52.19502',b'753.8719',b'593.9222',b'-89.50204',b'755.0678',b'594.8107',b'-15.811451',b'788.8964',b'558.55536',b'-337.0124',b'795.0115',b'523.8461',b'242.36958',b'787.21594',b'667.59955',b'-468.8996',b'793.6664',b'615.2414',b'354.9099',b'774.47455',b'781.4876',b'-436.71054',b'790.4302',b'703.0406',b'241.7912',b'752.88525',b'798.843',b'-507.5052',b'774.7643',b'703.1121',b'254.94778',b'744.3609',b'791.55975',b'-454.68356',b'768.2799',b'723.8044',b'189.43251',b'751.47363',b'784.9622',b'-416.04706',b'775.3817',b'725.6928',b'211.3511',b'1024.962',b'570.7002',b'-179.1974',b'1016.8366',b'546.8696',b'179.12262',b'1178.6273',b'639.6537',b'-130.0208',b'1097.2981',b'619.62683',b'433.06454',b'1335.1261',b'688.35315',b'-47.406933',b'1177.1802',b'681.8981',b'732.56055',b'1368.2528',b'676.46423',b'-44.423088',b'1205.8644',b'681.0925',b'763.3687',b'1320.359',b'763.6053',b'-135.07907',b'1141.7596',b'756.36554',b'773.4203'
image_061.jpg,b'737.76196',b'603.44965',b'-91.84365',b'719.44586',b'596.1711',b'-131.79356',b'718.5071',b'594.1751',b'-131.84059',b'717.5749',b'591.9657',b'-131.88708',b'719.9233',b'596.0513',b'-76.72394',b'719.34033',b'594.02936',b'-76.695496',b'718.6742',b'591.6867',b'-76.71883',b'721.5595',b'571.7192',b'-230.08325',b'721.8342',b'569.8871',b'19.324444',b'749.8428',b'594.8203',b'-120.30536',b'750.6753',b'595.67084',b'-47.511734',b'785.9902',b'561.2898',b'-361.66245',b'794.14014',b'526.2206',b'216.53583',b'787.2637',b'671.3007',b'-479.94806',b'797.34875',b'618.9794',b'328.54132',b'770.9405',b'777.88495',b'-437.98724',b'789.79724',b'702.3824',b'216.12917',b'747.27234',b'795.2319',b'-506.33997',b'774.8481',b'701.8739',b'224.93929',b'739.055',b'787.26935',b'-457.36078',b'772.9714',b'704.30634',b'163.56573',b'748.3397',b'779.7217',b'-418.95288',b'778.4862',b'709.43646',b'186.5777',b'1020.1656',b'580.7244',b'-179.02196',b'1010.781',b'561.3688',b'178.92006',b'1179.5027',b'645.28406',b'-105.909325',b'1065.6002',b'632.5584',b'458.6262',b'1333.691',b'689.4723',b'8.627829',b'1124.1813',b'689.73566',b'784.67053',b'1365.4156',b'682.97345',b'15.525065',b'1148.6857',b'690.56384',b'818.1881',b'1318.8197',b'769.4829',b'-79.24463',b'1082.512',b'754.2877',b'830.3576'
image_062.jpg,b'739.8115',b'597.4642',b'-71.37513',b'722.8403',b'589.30676',b'-109.68403',b'721.92126',b'587.0805',b'-109.73235',b'720.9752',b'584.7555',b'-109.738365',b'722.8443',b'589.2545',b'-54.389824',b'722.0306',b'587.10974',b'-54.359093',b'721.15497',b'584.78326',b'-54.358025',b'722.9064',b'564.87823',b'-206.15053',b'723.1168',b'563.2759',b'43.75261',b'751.03815',b'589.65814',b'-99.32515',b'750.86237',b'590.22504',b'-26.359251',b'784.80225',b'559.1548',b'-344.66666',b'796.55566',b'526.2254',b'231.45044',b'777.0095',b'672.19855',b'-473.97058',b'787.26636',b'626.9152',b'338.5473',b'766.3071',b'784.713',b'-447.42572',b'782.8474',b'708.83075',b'232.34265',b'738.86237',b'797.5916',b'-519.5965',b'765.7377',b'719.1913',b'242.02881',b'733.2501',b'790.01044',b'-468.99493',b'752.2595',b'733.7736',b'177.94855',b'742.70325',b'784.10736',b'-428.26648',b'767.51886',b'725.58844',b'201.78012',b'1019.4062',b'590.56274',b'-177.30719',b'1011.9723',b'558.97943',b'177.10556',b'1173.6245',b'648.9347',b'-74.751175',b'1139.7855',b'639.65454',b'387.2086',b'1324.8674',b'684.8395',b'79.86688',b'1246.2316',b'689.7424',b'634.0644',b'1358.8202',b'677.2454',b'91.19817',b'1277.9397',b'687.30756',b'657.87177',b'1318.4264',b'763.6531',b'2.6360474',b'1227.7782',b'759.9308',b'622.3118'
image_063.jpg,b'729.31024',b'595.18994',b'-99.236916',b'712.94507',b'584.4107',b'-140.08408',b'712.37756',b'581.942',b'-140.14226',b'711.9796',b'579.2325',b'-140.17978',b'713.219',b'584.0813',b'-83.514145',b'712.75946',b'581.4224',b'-83.498505',b'712.36255',b'578.45105',b'-83.53199',b'719.2554',b'559.0275',b'-241.22484',b'719.1016',b'556.76654',b'14.307792',b'742.33887',b'587.7521',b'-128.95363',b'743.5322',b'588.6608',b'-54.354584',b'790.23755',b'556.371',b'-377.89438',b'798.06244',b'522.49396',b'215.80132',b'784.3341',b'670.1562',b'-491.55017',b'791.9528',b'618.5645',b'337.25067',b'769.9135',b'776.1394',b'-443.65292',b'790.2212',b'699.6816',b'234.84306',b'746.24316',b'792.03284',b'-515.3629',b'777.1203',b'699.47943',b'244.96382',b'739.93585',b'783.6347',b'-466.3725',b'775.7849',b'706.3502',b'182.38055',b'748.2316',b'779.2523',b'-424.76166',b'780.3369',b'711.3339',b'205.43994',b'1024.6635',b'577.4182',b'-182.5567',b'1013.78986',b'554.3302',b'182.433',b'1176.6052',b'647.926',b'-100.20779',b'1063.8481',b'628.19226',b'493.45676',b'1330.8252',b'687.982',b'28.08851',b'1141.0535',b'679.99176',b'825.4389',b'1363.2765',b'680.6508',b'36.897232',b'1167.7764',b'678.22565',b'859.2292',b'1316.9819',b'767.3433',b'-52.180214',b'1069.0465',b'748.1235',b'872.3046'
image_064.jpg,b'699.6045',b'538.1625',b'-128.65797',b'697.21106',b'522.3322',b'-169.73271',b'698.80566',b'521.11896',b'-169.7899',b'700.6542',b'519.7333',b'-169.80344',b'697.57495',b'521.11005',b'-109.8499',b'699.2942',b'519.0065',b'-109.83811',b'701.28705',b'516.5786',b'-109.82587',b'719.65137',b'511.9113',b'-261.97977',b'720.10156',b'506.6429',b'9.274883',b'716.9619',b'543.8854',b'-155.61061',b'717.9314',b'542.6062',b'-76.63642',b'785.304',b'549.6742',b'-404.11664',b'807.95245',b'515.59094',b'221.4786',b'776.6794',b'673.33',b'-483.7305',b'810.55304',b'607.89746',b'312.65942',b'768.8679',b'783.2397',b'-427.80237',b'801.72266',b'695.5817',b'195.35565',b'744.76416',b'797.152',b'-503.32404',b'792.19617',b'699.2021',b'206.41699',b'738.4248',b'784.89923',b'-457.69385',b'789.43475',b'703.5752',b'144.10701',b'748.5413',b'781.71387',b'-410.0695',b'792.65704',b'707.805',b'166.18153',b'1030.934',b'582.17834',b'-194.79689',b'1016.9005',b'554.52893',b'194.75084',b'1174.0707',b'639.13184',b'-101.65503',b'1043.059',b'629.1672',b'546.2907',b'1327.8159',b'681.1586',b'29.515602',b'1051.1586',b'711.2424',b'894.39215',b'1358.8087',b'673.66656',b'38.317223',b'1116.1467',b'710.8819',b'929.384',b'1318.7711',b'759.93365',b'-69.85229',b'1042.0681',b'758.5938',b'942.4495'
image_065.jpg,b'701.03',b'538.0496',b'-146.44713',b'698.3304',b'522.4846',b'-187.75467',b'700.0196',b'521.153',b'-187.80585',b'701.9784',b'519.5825',b'-187.8204',b'698.15344',b'521.5489',b'-128.15804',b'699.6154',b'519.59216',b'-128.14418',b'701.40704',b'517.24164',b'-128.12703',b'720.89734',b'511.46518',b'-277.76044',b'720.0873',b'507.07748',b'-7.4959803',b'718.40765',b'543.2935',b'-172.26767',b'718.7841',b'542.25964',b'-93.5943',b'786.3906',b'547.85175',b'-415.7503',b'806.7504',b'516.2253',b'207.674',b'776.6095',b'674.2367',b'-495.60437',b'810.556',b'608.2015',b'299.33893',b'769.05225',b'784.38715',b'-442.82492',b'802.8673',b'696.5617',b'179.19711',b'745.45465',b'796.9247',b'-519.8881',b'791.87006',b'700.04004',b'189.06416',b'739.54333',b'785.7434',b'-474.00253',b'788.75775',b'704.43915',b'125.56',b'749.29565',b'782.611',b'-425.15326',b'793.0482',b'708.8463',b'149.39278',b'1032.2683',b'583.6874',b'-193.18785',b'1016.78625',b'556.66907',b'193.12471',b'1175.5208',b'638.31036',b'-87.10184',b'1038.355',b'632.36456',b'554.81366',b'1327.7451',b'678.4863',b'59.024982',b'1043.0398',b'715.3652',b'925.15125',b'1359.2092',b'671.2451',b'69.49703',b'1102.6199',b'719.60846',b'962.7645',b'1322.1946',b'758.16766',b'-38.852184',b'1024.5923',b'742.92255',b'979.213'
image_066.jpg,b'703.8076',b'530.4173',b'-151.73198',b'700.57385',b'515.6025',b'-191.5006',b'702.1319',b'514.2276',b'-191.55072',b'703.93005',b'512.65424',b'-191.57777',b'700.57104',b'515.2144',b'-133.46596',b'701.9853',b'513.74316',b'-133.47293',b'703.63965',b'511.99298',b'-133.46901',b'722.86554',b'505.35562',b'-275.81396',b'722.28094',b'502.37866',b'-12.451362',b'721.3997',b'538.071',b'-175.71036',b'721.59467',b'536.6974',b'-99.07442',b'785.0315',b'548.4938',b'-408.40482',b'808.50635',b'516.098',b'200.91246',b'778.91455',b'670.95245',b'-483.0595',b'806.89606',b'613.6859',b'285.17615',b'765.8992',b'780.8199',b'-436.33575',b'798.8617',b'698.9178',b'165.95706',b'741.0835',b'793.5328',b'-512.6901',b'788.1808',b'701.5599',b'174.64772',b'735.096',b'781.0828',b'-467.99774',b'784.90314',b'705.3582',b'112.919395',b'746.2559',b'776.9119',b'-419.6019',b'789.095',b'710.27014',b'136.64966',b'1034.3822',b'583.86316',b'-190.81241',b'1019.5464',b'558.784',b'190.65288',b'1181.9309',b'646.8233',b'-87.79822',b'1019.7731',b'630.7445',b'561.3203',b'1337.2256',b'685.1318',b'62.05611',b'1035.261',b'713.3199',b'923.1248',b'1368.6688',b'677.2506',b'72.408485',b'1086.7329',b'723.42737',b'958.44867',b'1321.2483',b'758.7274',b'-40.92241',b'1009.5559',b'768.70074',b'967.3382'
image_067.jpg,b'699.13464',b'513.27405',b'-118.41406',b'699.28827',b'497.55515',b'-159.00177',b'701.0093',b'496.27457',b'-159.0763',b'703.0376',b'494.8233',b'-159.10614',b'699.16614',b'497.3217',b'-104.36313',b'700.5602',b'495.96893',b'-104.34752',b'702.3583',b'494.28058',b'-104.298195',b'720.3657',b'492.44656',b'-248.62083',b'721.0727',b'488.46405',b'-1.8515649',b'714.9093',b'522.062',b'-142.88821',b'715.0691',b'521.1325',b'-71.10702',b'776.2956',b'548.60297',b'-374.43912',b'808.2478',b'514.7125',b'203.70306',b'782.3882',b'671.57153',b'-406.0509',b'811.5947',b'613.6201',b'272.19928',b'769.4276',b'774.8501',b'-348.67435',b'798.52563',b'697.3998',b'158.85635',b'745.03235',b'796.04395',b'-418.42334',b'786.74585',b'693.97003',b'165.31892',b'739.9139',b'786.4666',b'-377.17392',b'784.9309',b'701.28217',b'105.53767',b'750.61066',b'780.23065',b'-331.77512',b'788.4817',b'706.94714',b'131.57013',b'1007.36755',b'620.15796',b'-180.024',b'1010.1905',b'581.5924',b'179.83525',b'1161.048',b'660.563',b'-57.91096',b'1076.099',b'650.0943',b'514.9013',b'1318.4037',b'685.7007',b'83.45608',b'1129.7518',b'703.6617',b'904.0987',b'1358.2361',b'670.68823',b'95.40658',b'1152.1138',b'704.75964',b'946.4437',b'1323.2609',b'763.19196',b'10.281495',b'1050.7422',b'749.2883',b'982.8318'
image_068.jpg,b'690.5998',b'532.2704',b'-55.094036',b'689.07764',b'515.7171',b'-93.03899',b'690.6799',b'514.43976',b'-93.09954',b'692.51965',b'513.00104',b'-93.11904',b'689.2406',b'515.42694',b'-40.207275',b'690.7409',b'513.9898',b'-40.188103',b'692.47',b'512.2887',b'-40.124046',b'711.6008',b'507.69684',b'-185.19359',b'711.9732',b'503.83212',b'53.831127',b'708.43286',b'540.4033',b'-81.298706',b'708.7916',b'539.32526',b'-11.540706',b'775.5946',b'556.3803',b'-311.42438',b'801.8287',b'520.6744',b'239.73434',b'779.0134',b'676.861',b'-364.77768',b'803.2155',b'626.4086',b'304.8096',b'768.1755',b'777.85986',b'-304.55743',b'794.8178',b'709.89264',b'217.50182',b'747.069',b'798.5042',b'-366.14502',b'779.8806',b'710.7345',b'232.0586',b'741.23486',b'788.57947',b'-316.68518',b'758.4788',b'715.6388',b'176.60783',b'750.35266',b'783.1697',b'-285.27472',b'767.0495',b'719.9548',b'192.10707',b'1016.1305',b'609.3688',b'-171.42964',b'1013.03784',b'572.54156',b'171.19653',b'1169.6608',b'658.311',b'-37.803787',b'1092.5007',b'640.22034',b'425.97855',b'1320.713',b'689.92316',b'95.973366',b'1185.3655',b'710.54175',b'630.9382',b'1352.4211',b'674.1721',b'108.39978',b'1212.7212',b'710.1557',b'651.7712',b'1324.2762',b'758.1678',b'44.285263',b'1162.2129',b'772.6835',b'642.96155'
image_069.jpg,b'705.8804',b'566.321',b'-108.617035',b'696.8814',b'551.4367',b'-146.67369',b'697.76',b'549.9685',b'-146.6994',b'698.6527',b'548.3939',b'-146.72061',b'696.9978',b'550.2573',b'-93.38287',b'697.8155',b'548.1978',b'-93.38482',b'698.63605',b'546.07196',b'-93.382',b'713.04205',b'536.262',b'-234.10536',b'712.7616',b'533.16174',b'7.2305875',b'721.8554',b'567.07196',b'-133.83672',b'722.6842',b'566.64343',b'-63.407684',b'784.08405',b'560.3872',b'-364.29123',b'803.6127',b'525.465',b'218.29488',b'779.9095',b'672.0926',b'-418.05695',b'812.65936',b'614.3882',b'306.06067',b'771.4538',b'779.6317',b'-347.5523',b'805.8779',b'696.7702',b'193.06108',b'749.4959',b'795.08887',b'-409.91022',b'790.7025',b'699.9709',b'201.14668',b'742.0344',b'784.82153',b'-367.438',b'788.26733',b'703.2263',b'147.1517',b'751.4583',b'781.60785',b'-330.21323',b'794.3201',b'707.5583',b'166.90744',b'1017.8968',b'596.0796',b'-177.79002',b'1010.8063',b'565.1644',b'177.47334',b'1164.4641',b'654.5555',b'-104.8799',b'1033.4824',b'633.9894',b'486.92145',b'1323.8552',b'685.33527',b'16.475376',b'1037.5918',b'712.59686',b'800.3233',b'1354.6714',b'672.9134',b'24.30805',b'1092.2535',b'712.3648',b'830.8633',b'1327.733',b'766.1395',b'-77.16291',b'1013.3135',b'742.9712',b'843.17053'
image_070.jpg,b'707.08124',b'503.6446',b'-186.96211',b'707.3054',b'487.50928',b'-226.52583',b'709.337',b'485.80493',b'-226.58377',b'711.70746',b'483.8789',b'-226.62056',b'706.63184',b'487.7873',b'-168.31966',b'708.00793',b'486.41763',b'-168.33652',b'709.81647',b'484.65417',b'-168.33662',b'730.73785',b'479.01526',b'-305.36362',b'729.1316',b'476.8944',b'-41.19836',b'723.76135',b'512.3719',b'-208.33897',b'723.2476',b'511.6383',b'-131.46648',b'794.2569',b'530.6884',b'-430.06058',b'811.4748',b'504.66507',b'176.41386',b'796.9506',b'656.004',b'-491.17194',b'811.01245',b'615.1644',b'250.15445',b'788.1727',b'761.22485',b'-460.3938',b'800.67975',b'706.89026',b'126.54563',b'762.63574',b'777.2644',b'-542.25793',b'780.2656',b'709.4678',b'133.80872',b'758.73596',b'761.1857',b'-498.40967',b'776.72754',b'713.8033',b'69.81299',b'767.6128',b'757.7399',b'-444.50247',b'784.7147',b'715.12476',b'96.643005',b'1032.1096',b'576.68286',b'-191.80354',b'1018.49066',b'546.64594',b'191.71535',b'1179.0833',b'641.6544',b'-65.45144',b'1031.3076',b'624.46924',b'575.3332',b'1327.7096',b'686.9802',b'105.81227',b'1044.8583',b'703.12177',b'966.3272',b'1362.1842',b'681.50476',b'118.492714',b'1107.1506',b'713.5538',b'1006.33484',b'1311.2175',b'762.0984',b'10.020229',b'1019.3701',b'760.4566',b'1024.4989'
image_071.jpg,b'705.51685',b'508.91064',b'-185.19328',b'704.26807',b'493.86554',b'-221.51929',b'706.31415',b'491.91132',b'-221.54793',b'708.7003',b'489.63193',b'-221.57373',b'703.4627',b'494.52954',b'-163.4276',b'704.7419',b'493.30316',b'-163.46638',b'706.4304',b'491.6269',b'-163.47379',b'727.56146',b'483.92157',b'-294.7039',b'725.64764',b'483.07532',b'-30.820473',b'721.9127',b'515.9761',b'-206.16705',b'721.19714',b'515.6502',b'-129.38286',b'792.3793',b'529.9289',b'-420.6674',b'808.6025',b'509.07416',b'180.49547',b'806.01953',b'650.0005',b'-487.95795',b'814.64374',b'619.71747',b'249.21046',b'785.9437',b'759.35565',b'-460.35315',b'803.3606',b'706.8227',b'111.48716',b'761.2075',b'772.38916',b'-539.6794',b'780.30865',b'707.77167',b'116.41097',b'757.09314',b'757.20306',b'-497.36',b'777.2138',b'711.2079',b'52.95874',b'765.63824',b'754.66925',b'-445.15726',b'785.3361',b'713.00574',b'80.892876',b'1016.9628',b'577.31433',b'-193.7157',b'1007.1943',b'559.4622',b'193.57323',b'1168.895',b'639.1313',b'-120.73119',b'1017.66425',b'622.06934',b'557.2334',b'1327.7826',b'686.63403',b'1.0153142',b'1046.1631',b'706.2302',b'951.4068',b'1362.0154',b'678.5318',b'8.245382',b'1067.1119',b'717.10443',b'990.7056',b'1312.8303',b'757.9957',b'-108.853065',b'1002.84',b'736.6373',b'1009.3569'
image_072.jpg,b'701.02466',b'502.94678',b'-153.4202',b'700.5253',b'486.28418',b'-189.95367',b'702.7326',b'484.15295',b'-190.00243',b'705.2186',b'481.8081',b'-190.03906',b'699.26013',b'487.65683',b'-134.27055',b'700.31366',b'486.7293',b'-134.30267',b'701.73395',b'485.39957',b'-134.27924',b'724.4237',b'477.9997',b'-265.7505',b'721.58685',b'478.4702',b'-13.868174',b'718.0256',b'510.9909',b'-174.4527',b'716.6796',b'510.6941',b'-101.04042',b'790.60333',b'531.0955',b'-387.26178',b'807.4076',b'510.0443',b'187.20164',b'798.9797',b'656.3601',b'-428.52856',b'807.7677',b'625.3977',b'238.42206',b'785.0281',b'763.39905',b'-393.48096',b'800.6759',b'713.8677',b'121.93505',b'756.7974',b'780.2414',b'-469.6987',b'777.04266',b'711.0287',b'131.08585',b'752.3342',b'764.60223',b'-423.877',b'773.7023',b'715.1639',b'69.096886',b'763.4347',b'760.1155',b'-377.1714',b'782.63947',b'718.428',b'93.052124',b'1011.4503',b'586.3501',b'-183.24377',b'1009.05994',b'560.91113',b'183.09221',b'1165.3983',b'648.0362',b'-82.18163',b'1061.7814',b'630.94025',b'497.755',b'1326.31',b'684.1509',b'96.27519',b'1131.0121',b'711.4347',b'822.4635',b'1362.3688',b'674.8494',b'110.75801',b'1157.0409',b'717.5673',b'855.02356',b'1313.5035',b'748.9269',b'13.363339',b'1084.3666',b'768.16534',b'848.4037'
image_073.jpg,b'701.66815',b'506.03635',b'-166.54048',b'701.8739',b'489.39246',b'-203.0861',b'703.9095',b'487.64883',b'-203.12914',b'706.0797',b'485.73798',b'-203.16306',b'700.91174',b'490.5815',b'-147.08914',b'701.9981',b'489.80222',b'-147.11359',b'703.3421',b'488.71158',b'-147.07187',b'724.1124',b'482.42896',b'-276.29196',b'722.0793',b'482.0059',b'-22.522354',b'718.9722',b'514.4785',b'-186.80016',b'717.29755',b'514.6197',b'-112.899605',b'787.777',b'534.53375',b'-397.49084',b'806.3844',b'510.4836',b'191.20789',b'798.4862',b'656.7211',b'-430.0757',b'810.3859',b'619.51776',b'248.83289',b'783.65546',b'760.63104',b'-378.79965',b'801.9487',b'707.7288',b'133.02986',b'756.0496',b'779.12396',b'-450.40634',b'782.1705',b'704.01337',b'144.35185',b'751.6776',b'762.6139',b'-406.38782',b'778.679',b'707.7829',b'84.65248',b'762.49786',b'757.67773',b'-362.12735',b'786.00134',b'711.6988',b'105.38224',b'1008.5787',b'593.25305',b'-188.0325',b'1006.30176',b'566.18854',b'187.83246',b'1163.4329',b'649.6015',b'-107.103905',b'1030.5868',b'625.8012',b'528.7532',b'1323.2969',b'689.89044',b'31.130905',b'1041.2444',b'714.3402',b'859.2992',b'1360.229',b'680.12695',b'40.081184',b'1112.699',b'725.0145',b'891.4194',b'1312.2299',b'756.1965',b'-67.45633',b'1032.9154',b'773.3604',b'901.38403'
image_074.jpg,b'699.16327',b'510.66544',b'-138.12589',b'698.6163',b'493.66168',b'-175.34209',b'700.57764',b'492.03754',b'-175.41249',b'702.8114',b'490.17767',b'-175.46637',b'698.037',b'493.98563',b'-119.59059',b'699.3235',b'492.74655',b'-119.61996',b'700.9411',b'491.10263',b'-119.60454',b'722.42847',b'485.1753',b'-253.48929',b'720.74304',b'482.83334',b'-1.5553119',b'716.3943',b'518.6865',b'-159.78337',b'715.5627',b'517.735',b'-86.40127',b'789.6959',b'538.53766',b'-378.0727',b'808.08417',b'510.50778',b'203.76927',b'800.1522',b'663.03406',b'-414.01678',b'806.31464',b'623.0717',b'257.97147',b'785.6249',b'764.2294',b'-367.4461',b'798.3936',b'710.58417',b'139.33398',b'759.28235',b'780.46893',b'-440.34518',b'775.79724',b'708.5933',b'147.8178',b'754.50574',b'762.9569',b'-396.89655',b'772.56805',b'712.28503',b'87.649376',b'764.7405',b'759.48987',b'-351.40543',b'780.65027',b'715.19135',b'111.16339',b'1015.72015',b'599.8949',b'-185.60776',b'1012.38947',b'566.50385',b'185.38913',b'1169.4441',b'656.3872',b'-77.15047',b'1050.3904',b'626.3741',b'513.55237',b'1322.6051',b'687.8235',b'103.15855',b'1121.0914',b'701.1961',b'845.6229',b'1359.4606',b'679.4789',b'118.44743',b'1147.9584',b'705.8186',b'878.81335',b'1311.6244',b'753.11707',b'32.043373',b'1031.5588',b'748.28845',b'884.82465'
image_075.jpg,b'699.08246',b'506.72928',b'-102.30675',b'699.22107',b'490.34354',b'-139.69505',b'701.1243',b'488.71402',b'-139.76004',b'703.27515',b'486.87598',b'-139.7899',b'698.595',b'491.03043',b'-84.2193',b'699.79114',b'489.99335',b'-84.24114',b'701.2832',b'488.57654',b'-84.21809',b'721.95306',b'483.29056',b'-222.14096',b'720.1559',b'481.7495',b'28.0761',b'715.942',b'514.8797',b'-125.82921',b'715.02844',b'514.85486',b'-52.930702',b'785.40063',b'533.60925',b'-351.8647',b'804.4472',b'511.61472',b'225.45576',b'796.1872',b'656.9057',b'-394.32693',b'806.42444',b'622.6697',b'278.43317',b'784.39905',b'763.3444',b'-353.85037',b'799.8874',b'712.0567',b'163.60075',b'757.62616',b'778.0106',b'-423.82318',b'778.32495',b'708.9574',b'174.12138',b'754.3228',b'763.4546',b'-380.6966',b'775.51666',b'713.7917',b'114.51752',b'764.99866',b'759.42896',b'-337.32022',b'783.6431',b'717.09125',b'135.95241',b'1010.23145',b'597.38416',b'-185.77428',b'1009.0202',b'568.57196',b'185.61719',b'1165.3353',b'650.6539',b'-116.86442',b'1070.9175',b'635.52637',b'498.92825',b'1321.118',b'691.50476',b'5.0820537',b'1138.0525',b'707.35614',b'827.09564',b'1358.8362',b'682.2686',b'13.772422',b'1164.3041',b'712.3377',b'860.5153',b'1311.7067',b'758.2654',b'-81.051384',b'1055.2487',b'750.20953',b'873.6673'
image_076.jpg,b'702.65607',b'515.2462',b'-142.67052',b'699.7795',b'500.33282',b'-180.29085',b'701.4025',b'498.63867',b'-180.32419',b'703.2761',b'496.69446',b'-180.33939',b'699.16327',b'500.91458',b'-125.20374',b'700.1574',b'499.8512',b'-125.22503',b'701.4077',b'498.58316',b'-125.21329',b'720.96625',b'490.3655',b'-257.28125',b'719.6411',b'489.6867',b'-7.6474285',b'720.01044',b'521.55273',b'-164.05537',b'719.5696',b'520.97516',b'-91.34953',b'785.79016',b'535.97815',b'-383.1655',b'805.55774',b'507.72702',b'198.37953',b'791.47736',b'655.1441',b'-434.4362',b'806.1909',b'612.8152',b'262.68948',b'786.2794',b'757.8048',b'-386.3909',b'804.8766',b'702.5961',b'141.1732',b'760.69226',b'773.9112',b'-456.4437',b'786.0076',b'702.0101',b'149.20753',b'756.5396',b'760.094',b'-413.63452',b'782.1724',b'706.1759',b'87.94146',b'766.4654',b'754.91956',b'-369.73108',b'789.47894',b'708.9497',b'112.39323',b'1010.3176',b'591.243',b'-183.91275',b'1007.58856',b'563.41077',b'183.6984',b'1165.8541',b'653.17194',b'-102.455734',b'1052.4127',b'624.1096',b'487.88904',b'1320.8512',b'686.31165',b'33.53423',b'1055.4652',b'710.4583',b'828.34625',b'1355.0037',b'678.1971',b'43.071728',b'1128.1884',b'716.128',b'862.47174',b'1312.1047',b'756.5091',b'-54.907673',b'1022.9875',b'741.50964',b'875.25934'
image_077.jpg,b'711.586',b'533.54047',b'-181.32649',b'711.4576',b'518.2945',b'-217.8648',b'713.77716',b'516.979',b'-217.8995',b'716.2479',b'515.4535',b'-217.8733',b'710.2027',b'518.30597',b'-158.13126',b'711.603',b'517.0881',b'-158.1356',b'713.1895',b'515.5045',b'-158.11981',b'736.8894',b'508.98373',b'-295.5509',b'734.0031',b'505.92017',b'-25.541252',b'728.881',b'541.4647',b'-204.3718',b'728.2521',b'540.547',b'-125.65484',b'806.9672',b'555.78143',b'-428.43503',b'814.33453',b'523.3416',b'170.54674',b'801.50195',b'681.2091',b'-514.0935',b'805.8417',b'627.8958',b'244.54622',b'787.4296',b'783.94403',b'-485.1265',b'800.5195',b'714.40436',b'116.704315',b'762.7156',b'799.0344',b'-567.84076',b'781.6261',b'725.3995',b'124.08341',b'756.9397',b'787.78815',b'-524.835',b'777.0832',b'732.22705',b'54.63577',b'765.35614',b'784.5913',b'-470.0565',b'779.3171',b'731.2185',b'84.212234',b'1056.2266',b'578.0418',b'-190.20639',b'1034.5197',b'555.5546',b'190.15353',b'1202.9939',b'645.14935',b'-68.05717',b'1120.7247',b'629.59283',b'495.31702',b'1345.7883',b'685.28534',b'76.8944',b'1195.8738',b'718.15955',b'843.46234',b'1376.1318',b'677.16095',b'86.56175',b'1221.3778',b'723.4734',b'878.3934',b'1330.0051',b'768.1117',b'-33.35049',b'1161.2128',b'776.72504',b'864.9547'
image_078.jpg,b'712.2816',b'533.69464',b'-125.47613',b'711.74536',b'519.24054',b'-161.27441',b'713.98486',b'517.97864',b'-161.34418',b'716.4407',b'516.49146',b'-161.34074',b'710.95953',b'519.0883',b'-103.83488',b'712.5206',b'517.87115',b'-103.81979',b'714.296',b'516.2999',b'-103.8085',b'737.2837',b'510.17044',b'-239.73398',b'735.2467',b'507.17303',b'18.822756',b'729.7639',b'541.18524',b'-148.6613',b'729.42993',b'540.1217',b'-73.228264',b'802.488',b'555.92035',b'-378.46014',b'819.59143',b'523.6007',b'209.64578',b'801.3832',b'681.918',b'-458.54102',b'812.9931',b'632.4996',b'276.62726',b'785.92413',b'783.381',b'-420.25803',b'805.1805',b'715.9276',b'155.61601',b'757.8806',b'796.91595',b'-497.39978',b'785.7302',b'720.4775',b'164.31262',b'753.2037',b'784.2622',b'-454.5842',b'781.0951',b'725.90967',b'100.05704',b'762.8016',b'782.0882',b'-404.5983',b'789.1945',b'728.7085',b'125.07581',b'1054.2198',b'579.2943',b'-184.54291',b'1035.6838',b'552.4891',b'184.47392',b'1200.5765',b'645.36633',b'-49.849503',b'1149.9552',b'624.54065',b'465.87646',b'1343.4082',b'686.0644',b'107.9788',b'1226.2329',b'694.2198',b'780.0605',b'1373.7625',b'679.5809',b'119.35364',b'1253.4307',b'696.9974',b'811.3628',b'1324.668',b'765.4717',b'13.029519',b'1194.0763',b'752.0144',b'792.869'
image_079.jpg,b'706.69794',b'535.92474',b'-170.00916',b'705.395',b'519.9471',b'-211.29086',b'707.05743',b'518.6075',b'-211.34671',b'708.92444',b'517.11896',b'-211.39532',b'705.10333',b'519.5322',b'-153.75648',b'706.39764',b'518.0808',b'-153.75748',b'707.8245',b'516.4186',b'-153.75583',b'728.0565',b'510.98804',b'-297.43536',b'726.2065',b'507.81537',b'-36.55431',b'723.4523',b'543.12946',b'-193.4157',b'723.3343',b'541.7329',b'-117.5659',b'795.2302',b'552.4822',b'-419.2652',b'811.39777',b'519.46436',b'179.32895',b'803.7321',b'679.4084',b'-478.62366',b'810.7482',b'618.8104',b'253.13873',b'790.2843',b'783.5213',b'-435.32632',b'805.1319',b'705.5884',b'125.62541',b'767.0083',b'802.27527',b'-515.3138',b'787.6468',b'711.43115',b'131.22966',b'761.8591',b'789.0059',b'-470.8117',b'783.8193',b'716.6786',b'67.65721',b'771.0277',b'783.63043',b'-418.8311',b'791.32385',b'720.41595',b'95.974236',b'1032.3652',b'584.013',b'-189.25163',b'1020.50433',b'549.72754',b'189.23744',b'1180.5537',b'652.00946',b'-73.09287',b'1041.3784',b'630.13696',b'565.162',b'1343.7051',b'685.94385',b'85.65713',b'1040.8108',b'718.26807',b'956.6517',b'1377.0298',b'679.40375',b'97.78214',b'1102.8802',b'713.9624',b'997.3479',b'1323.2302',b'757.098',b'-0.9528696',b'1019.9894',b'757.1433',b'1021.4464'
image_080.jpg,b'706.9377',b'535.34265',b'-134.53786',b'705.26685',b'519.7453',b'-174.32758',b'707.5721',b'518.1359',b'-174.41447',b'710.16956',b'516.2163',b'-174.47614',b'704.2307',b'520.1379',b'-116.81886',b'705.56134',b'519.0613',b'-116.82793',b'707.0641',b'517.7228',b'-116.823875',b'730.21765',b'509.3729',b'-262.41348',b'727.43994',b'508.0983',b'-1.2783742',b'724.8357',b'542.5003',b'-160.05539',b'723.9056',b'541.0857',b'-84.10113',b'792.42786',b'552.01404',b'-395.74506',b'818.0626',b'522.741',b'210.24413',b'796.4794',b'674.17303',b'-463.26852',b'820.9826',b'623.62445',b'284.41647',b'786.8073',b'779.9759',b'-419.6059',b'812.2671',b'712.90375',b'161.63684',b'762.5676',b'797.59607',b'-494.12625',b'792.89557',b'711.2066',b'169.61775',b'758.2314',b'783.72577',b'-448.5422',b'787.94965',b'718.36914',b'108.00424',b'767.56824',b'780.0186',b'-402.26694',b'796.29333',b'722.95966',b'132.26787',b'1033.5227',b'596.1302',b'-187.3927',b'1021.829',b'566.1789',b'187.25095',b'1183.6133',b'654.42236',b'-85.453094',b'1036.5125',b'637.7272',b'514.33435',b'1339.7695',b'685.1797',b'73.540924',b'1034.4716',b'714.7202',b'853.5819',b'1379.73',b'676.9615',b'85.01648',b'1093.0623',b'731.32837',b'887.47876',b'1323.7103',b'755.4499',b'-15.931251',b'1009.4491',b'774.65735',b'902.40564'
image_081.jpg,b'815.9205',b'586.2354',b'-53.446915',b'802.25464',b'575.6196',b'-89.128914',b'802.7307',b'572.73804',b'-89.27692',b'803.0618',b'569.70294',b'-89.33653',b'801.3691',b'577.3133',b'-35.27058',b'801.21265',b'575.8394',b'-35.234127',b'800.92834',b'574.2831',b'-35.224426',b'813.7117',b'548.51654',b'-167.39763',b'811.20123',b'554.3967',b'73.090164',b'832.072',b'580.39233',b'-75.57276',b'831.252',b'582.7042',b'-5.5328207',b'890.9117',b'546.0958',b'-311.6035',b'908.74493',b'528.7888',b'262.23547',b'902.6074',b'672.7855',b'-376.66003',b'931.7054',b'645.5415',b'290.73016',b'898.9275',b'779.4469',b'-276.78354',b'911.6465',b'722.7572',b'144.16034',b'884.90326',b'799.2117',b'-329.89127',b'902.3618',b'730.88983',b'143.91547',b'881.53815',b'789.8618',b'-296.9466',b'912.90436',b'740.12305',b'90.57889',b'886.3518',b'783.4649',b'-262.22043',b'917.71155',b'739.27234',b'116.07534',b'1123.2786',b'592.8112',b'-177.45415',b'1126.5605',b'580.98193',b'177.38052',b'1287.6204',b'655.4909',b'-139.81601',b'1278.9249',b'630.8649',b'257.20532',b'1467.4504',b'697.28656',b'-72.547775',b'1426.8906',b'671.0123',b'362.31396',b'1499.1165',b'692.9844',b'-72.052666',b'1457.3605',b'666.0608',b'370.21277',b'1468.3279',b'767.2679',b'-184.74504',b'1429.3503',b'737.9142',b'308.64722'
image_082.jpg,b'807.40173',b'573.7962',b'-34.85689',b'794.1354',b'563.12756',b'-71.11934',b'794.1653',b'560.0588',b'-71.19362',b'794.12366',b'556.8737',b'-71.18941',b'793.37616',b'565.3181',b'-18.094307',b'792.8297',b'563.98975',b'-18.091648',b'792.16473',b'562.38354',b'-18.066505',b'802.2109',b'537.3677',b'-155.38611',b'799.62286',b'541.27936',b'80.98935',b'823.08356',b'566.8794',b'-58.618027',b'822.7119',b'570.3838',b'10.135482',b'885.08246',b'540.6717',b'-273.09018',b'888.3248',b'519.58',b'250.599',b'911.45654',b'649.24426',b'-337.7101',b'914.1707',b'617.0536',b'327.8501',b'897.9998',b'763.1935',b'-297.40533',b'904.2879',b'700.2335',b'228.27536',b'875.0369',b'770.6775',b'-348.11426',b'881.5591',b'702.64215',b'229.86287',b'869.633',b'763.6363',b'-320.7247',b'879.45264',b'704.7831',b'182.10342',b'877.1951',b'760.57904',b'-285.4914',b'886.1013',b'705.97266',b'203.87984',b'1093.9939',b'603.6215',b'-155.82542',b'1099.1519',b'584.43585',b'155.69124',b'1254.8086',b'658.17456',b'-169.4998',b'1246.3286',b'625.35443',b'198.01627',b'1426.2698',b'690.61194',b'-140.23705',b'1390.0168',b'661.86945',b'260.97864',b'1447.0192',b'675.04364',b'-141.53012',b'1427.4435',b'654.8791',b'264.54294',b'1435.5732',b'732.9095',b'-235.21881',b'1424.8473',b'711.02905',b'202.97037'
image_083.jpg,b'835.3567',b'570.38446',b'-33.769638',b'819.4128',b'561.6417',b'-71.71434',b'819.3438',b'559.21985',b'-71.813705',b'819.19586',b'556.4357',b'-71.82304',b'819.2948',b'562.714',b'-11.8851795',b'819.08984',b'561.31433',b'-11.84746',b'818.7964',b'559.6375',b'-11.817901',b'827.2774',b'537.46704',b'-169.02145',b'826.3981',b'540.95026',b'99.433014',b'850.55054',b'563.90814',b'-63.77246',b'850.5899',b'565.6481',b'14.497907',b'902.8869',b'529.72253',b'-325.75',b'917.77167',b'515.5473',b'285.1665',b'912.3492',b'644.9441',b'-460.63626',b'927.21014',b'613.7771',b'375.7501',b'902.4274',b'772.3359',b'-446.3411',b'918.04504',b'709.73596',b'255.74527',b'875.5372',b'780.1249',b'-521.97327',b'892.79517',b'705.5426',b'264.19214',b'869.61206',b'773.0576',b'-473.52606',b'888.33185',b'713.1521',b'198.41261',b'881.2946',b'770.6282',b'-427.6271',b'898.10956',b'718.335',b'223.5573',b'1139.8429',b'575.70044',b'-185.42543',b'1133.967',b'565.0098',b'185.44641',b'1290.182',b'637.5955',b'-143.1398',b'1277.1519',b'619.6241',b'305.36267',b'1456.8085',b'692.2272',b'-63.291534',b'1414.4469',b'664.2037',b'447.40344',b'1494.0493',b'692.50287',b'-61.104942',b'1449.2709',b'664.3917',b'460.22772',b'1432.6959',b'770.80273',b'-172.77043',b'1399.8705',b'733.8837',b'401.25888'
image_084.jpg,b'810.9757',b'590.04956',b'4.273857',b'795.99854',b'578.1669',b'-32.0634',b'796.4875',b'575.5871',b'-32.157597',b'796.9709',b'572.7443',b'-32.173595',b'795.31177',b'579.62164',b'22.791615',b'795.2734',b'578.19025',b'22.850048',b'795.1598',b'576.5478',b'22.829475',b'807.31683',b'553.5357',b'-128.63867',b'804.9407',b'556.62885',b'115.560265',b'826.59265',b'584.14124',b'-25.299156',b'825.9132',b'586.7045',b'45.74628',b'883.16486',b'542.8522',b'-254.84058',b'897.3857',b'532.56824',b'265.53018',b'925.4454',b'648.4197',b'-315.48694',b'945.29614',b'625.1896',b'330.68484',b'909.9027',b'763.8457',b'-286.66373',b'928.65063',b'705.9697',b'219.3105',b'881.23596',b'772.709',b'-337.24417',b'905.1902',b'704.52344',b'219.08284',b'875.8446',b'762.12476',b'-315.33887',b'900.1946',b'707.19183',b'169.81993',b'886.70264',b'758.632',b'-276.85675',b'908.53143',b'710.74426',b'193.56401',b'1101.0243',b'594.6687',b'-160.89017',b'1101.7135',b'593.40686',b'160.94385',b'1273.749',b'646.343',b'-179.52858',b'1250.6841',b'636.59265',b'289.81076',b'1454.3838',b'694.3863',b'-197.50682',b'1389.1688',b'655.2642',b'429.17212',b'1494.2767',b'689.7961',b'-205.54114',b'1411.796',b'646.20044',b'441.64938',b'1446.1128',b'766.94165',b'-330.9776',b'1395.037',b'722.0952',b'400.88184'
image_085.jpg,b'805.54016',b'562.08136',b'-61.838535',b'801.9833',b'544.0406',b'-94.02262',b'804.1145',b'542.1998',b'-94.106064',b'806.5478',b'539.96606',b'-94.09989',b'800.81036',b'544.2452',b'-39.68905',b'801.9129',b'542.66156',b'-39.694942',b'803.0904',b'540.68774',b'-39.698536',b'828.03455',b'530.4928',b'-166.90985',b'822.81085',b'529.0217',b'75.64027',b'823.6504',b'566.3189',b'-84.140976',b'821.9998',b'566.60205',b'-13.698146',b'906.38824',b'563.3738',b'-318.52756',b'918.5898',b'534.58966',b'255.23686',b'916.1687',b'687.85187',b'-377.63165',b'946.56244',b'648.42596',b'240.91058',b'913.24976',b'782.86615',b'-294.0626',b'930.1504',b'727.7694',b'67.05159',b'902.0189',b'801.34015',b'-355.96753',b'934.796',b'747.7171',b'67.44724',b'899.16705',b'792.8558',b'-318.36313',b'932.77893',b'753.18506',b'7.0352917',b'906.5046',b'788.9844',b'-280.10498',b'939.1357',b'750.7341',b'36.914494',b'1123.972',b'602.54205',b'-194.75607',b'1126.3716',b'586.4044',b'194.70267',b'1298.5267',b'660.10266',b'-202.61342',b'1286.5759',b'630.9647',b'265.90594',b'1480.7941',b'704.88086',b'-180.17451',b'1432.5791',b'666.07196',b'367.6665',b'1511.9578',b'698.7253',b'-185.05956',b'1468.1699',b'661.18243',b'374.86838',b'1494.7383',b'774.40753',b'-325.10797',b'1447.5522',b'724.3241',b'307.34503'
image_086.jpg,b'810.08997',b'597.79047',b'-14.5004015',b'794.4154',b'588.14624',b'-50.7601',b'794.51685',b'585.648',b'-50.875946',b'794.54694',b'582.9338',b'-50.910088',b'794.0899',b'589.051',b'2.542964',b'793.96387',b'587.2922',b'2.5853047',b'793.7376',b'585.41534',b'2.5839',b'803.3385',b'562.47614',b'-143.81189',b'802.49646',b'565.1398',b'94.590836',b'825.2218',b'591.20874',b'-42.73537',b'825.0033',b'592.7244',b'26.6262',b'877.8288',b'553.9674',b'-279.26416',b'896.034',b'536.3189',b'254.73384',b'899.1262',b'665.651',b'-328.16418',b'929.5298',b'642.26556',b'296.65417',b'898.5338',b'771.0601',b'-239.73729',b'939.2719',b'726.0496',b'176.90082',b'890.3799',b'787.6119',b'-286.63074',b'930.8628',b'736.6718',b'177.48595',b'884.5815',b'779.68787',b'-258.88858',b'924.2561',b'741.5978',b'125.37202',b'887.09344',b'772.6865',b'-226.79039',b'927.36487',b'739.63794',b'150.01175',b'1101.233',b'604.6008',b'-163.82991',b'1106.3434',b'591.8332',b'163.79713',b'1271.7059',b'649.4075',b'-135.70361',b'1254.4982',b'635.0666',b'225.1101',b'1453.8373',b'697.2622',b'-85.14361',b'1401.9337',b'663.92474',b'319.11288',b'1487.3425',b'691.08856',b'-85.84706',b'1425.3278',b'655.2391',b'325.936',b'1455.8259',b'768.0616',b'-198.59523',b'1415.2306',b'730.1428',b'264.1008'
image_087.jpg,b'823.1122',b'567.3365',b'-42.822273',b'808.2963',b'555.85596',b'-80.12741',b'808.6979',b'552.9932',b'-80.24726',b'809.0996',b'549.9414',b'-80.262276',b'807.515',b'558.2298',b'-22.840136',b'807.40137',b'557.1073',b'-22.78191',b'807.2126',b'555.88727',b'-22.761843',b'819.31055',b'528.51117',b'-175.26875',b'817.49506',b'533.3716',b'81.711945',b'837.9181',b'561.75543',b'-71.56188',b'837.36273',b'564.457',b'3.2143383',b'894.0015',b'527.19275',b'-322.98987',b'915.6447',b'514.1705',b'264.98938',b'909.7187',b'645.2422',b'-405.34882',b'945.44916',b'619.1502',b'336.9608',b'902.7436',b'766.48596',b'-351.81952',b'924.96094',b'709.2463',b'212.79156',b'878.72784',b'776.9633',b'-411.32495',b'908.63727',b'714.04895',b'213.85599',b'873.1213',b'771.6432',b'-377.00742',b'901.1321',b'716.68524',b'157.90715',b'884.0227',b'768.27405',b'-336.20694',b'912.64044',b'719.08856',b'184.12906',b'1128.4698',b'593.9034',b'-177.72163',b'1127.8075',b'583.3526',b'177.69092',b'1280.9832',b'655.3899',b'-138.76088',b'1269.6523',b'636.8186',b'320.5393',b'1459.9906',b'694.90375',b'-78.14379',b'1414.3442',b'666.793',b'483.23438',b'1499.2654',b'688.3545',b'-77.61558',b'1435.6343',b'656.2727',b'498.41336',b'1459.9567',b'768.9922',b'-190.12791',b'1412.4341',b'728.39386',b'459.99185'
image_088.jpg,b'816.84985',b'576.49304',b'-3.582464',b'800.88525',b'565.58514',b'-39.81187',b'801.01776',b'562.8187',b'-39.901955',b'801.0644',b'559.7637',b'-39.91525',b'800.5635',b'567.1067',b'17.30025',b'800.39746',b'565.6745',b'17.367678',b'800.1187',b'563.89435',b'17.37397',b'810.23505',b'538.68536',b'-135.5717',b'808.4942',b'541.97253',b'119.263885',b'831.4423',b'569.9151',b'-33.174614',b'830.8131',b'572.3591',b'40.93558',b'887.1553',b'535.23193',b'-274.97968',b'903.74536',b'521.2124',b'281.42862',b'926.41425',b'648.94366',b'-341.63025',b'952.14264',b'623.9816',b'329.15115',b'909.7658',b'764.77405',b'-304.45538',b'941.0371',b'706.03754',b'197.77675',b'882.0759',b'773.11646',b'-361.84335',b'917.5578',b'705.7021',b'196.14815',b'875.7294',b'764.1711',b'-335.72327',b'910.3526',b'708.9134',b'143.56642',b'887.8331',b'761.4923',b'-293.54846',b'920.0736',b'712.81824',b'170.33916',b'1101.3826',b'581.63403',b'-174.85497',b'1103.5206',b'578.3461',b'174.89381',b'1274.0625',b'645.9447',b'-188.4243',b'1258.1766',b'629.75916',b'290.7309',b'1456.5964',b'688.71265',b'-196.03558',b'1405.32',b'656.504',b'415.69302',b'1494.1865',b'684.7718',b'-203.21028',b'1425.7186',b'643.795',b'426.371',b'1453.1141',b'764.15894',b'-336.06128',b'1403.876',b'716.9764',b'378.79327'
image_089.jpg,b'795.9333',b'546.6673',b'-3.4408853',b'792.5188',b'530.7812',b'-34.495613',b'794.4567',b'529.3749',b'-34.54193',b'796.6363',b'527.6701',b'-34.5076',b'791.3347',b'530.6486',b'15.262033',b'792.2988',b'529.2527',b'15.223399',b'793.45917',b'527.50214',b'15.235556',b'815.48535',b'520.49896',b'-108.42022',b'812.9813',b'518.1151',b'113.26238',b'811.04236',b'552.7316',b'-25.090256',b'809.96564',b'552.7927',b'39.1134',b'875.84326',b'554.75525',b'-244.71205',b'896.6701',b'523.77277',b'269.9836',b'857.2017',b'668.72107',b'-322.74994',b'882.5222',b'623.6731',b'302.47',b'828.8525',b'767.9286',b'-296.40674',b'848.19775',b'699.83716',b'189.92099',b'801.0031',b'780.1458',b'-354.2731',b'826.00885',b'702.32935',b'189.71016',b'797.56934',b'768.0489',b'-320.6193',b'824.6087',b'702.479',b'138.29054',b'808.19635',b'766.08295',b'-284.40372',b'833.44324',b'705.66284',b'163.91797',b'1113.1603',b'604.52325',b'-167.32085',b'1118.3875',b'585.5019',b'166.98685',b'1282.4344',b'670.8033',b'-167.47264',b'1265.2484',b'626.3349',b'285.21927',b'1471.5577',b'700.4992',b'-162.7937',b'1398.1993',b'646.36444',b'432.53122',b'1503.7756',b'688.9028',b'-168.16022',b'1422.1901',b'638.11566',b'445.7909',b'1480.6622',b'761.0885',b'-298.393',b'1408.8837',b'698.86835',b'398.0504'
image_090.jpg,b'820.33826',b'590.1145',b'-5.4885726',b'804.9099',b'579.9834',b'-42.319874',b'805.2873',b'577.1865',b'-42.458973',b'805.57275',b'574.18524',b'-42.48957',b'803.9758',b'581.8906',b'10.718014',b'803.7598',b'580.59094',b'10.761199',b'803.53125',b'579.34406',b'10.74481',b'813.36224',b'553.05444',b'-136.20552',b'812.0823',b'558.57477',b'101.50102',b'834.6683',b'583.16895',b'-33.76447',b'833.97125',b'585.24023',b'35.339714',b'885.1821',b'542.4258',b'-278.0704',b'904.20465',b'532.5416',b'264.63733',b'900.02325',b'659.5891',b'-343.44016',b'935.3064',b'637.89886',b'303.78177',b'892.48517',b'775.9896',b'-258.37946',b'941.8131',b'722.63354',b'178.22092',b'883.5895',b'791.24115',b'-306.9036',b'933.64905',b'732.00165',b'177.65256',b'892.0403',b'789.89685',b'-278.9653',b'928.535',b'736.86993',b'124.83052',b'886.00726',b'780.6016',b'-245.05222',b'931.9331',b'735.8465',b'151.029',b'1119.5703',b'589.87445',b'-169.65909',b'1121.0415',b'583.7929',b'169.62518',b'1276.4862',b'642.5169',b'-156.35149',b'1267.6793',b'633.4337',b'234.97945',b'1461.989',b'696.16907',b'-119.6051',b'1420.5144',b'670.70544',b'313.44263',b'1499.3782',b'691.1871',b'-122.06523',b'1449.6991',b'662.57526',b'318.38248',b'1469.3667',b'769.4235',b'-242.5431',b'1430.5078',b'735.93665',b'255.99524'
image_091.jpg,b'789.35974',b'522.5336',b'-42.513943',b'785.8882',b'504.31772',b'-73.8634',b'787.8964',b'502.3153',b'-73.95118',b'790.15405',b'499.80966',b'-73.95244',b'785.44196',b'504.59952',b'-18.915045',b'786.86554',b'502.98184',b'-18.918371',b'788.39105',b'500.89127',b'-18.915842',b'811.5235',b'490.66684',b'-153.33556',b'808.5275',b'489.9511',b'91.82903',b'809.1257',b'528.57996',b'-67.91306',b'807.96716',b'528.83246',b'3.2388394',b'886.48224',b'523.8428',b'-301.4604',b'901.7723',b'501.9666',b'260.68414',b'919.4459',b'638.5427',b'-372.70847',b'934.68463',b'614.1356',b'291.95532',b'913.07495',b'762.6308',b'-331.9856',b'925.59766',b'713.77637',b'147.53128',b'887.3679',b'769.67676',b'-395.58926',b'902.7338',b'716.1525',b'146.27274',b'881.303',b'762.31555',b'-360.6783',b'898.1183',b'718.2',b'84.83367',b'891.6614',b'758.2457',b'-318.54504',b'907.74756',b'719.4769',b'116.726',b'1112.474',b'588.41766',b'-180.1874',b'1113.3148',b'576.53485',b'180.0997',b'1272.8497',b'651.30365',b'-161.54799',b'1263.9415',b'626.7617',b'242.51025',b'1448.9241',b'697.6722',b'-94.38922',b'1411.4193',b'663.2622',b'344.4293',b'1483.3888',b'690.1648',b'-93.559265',b'1441.1068',b'651.5117',b'351.4774',b'1477.4382',b'762.0248',b'-214.568',b'1419.966',b'713.84534',b'286.4383'
image_092.jpg,b'827.34296',b'594.65936',b'-0.36623818',b'809.9443',b'585.48816',b'-36.348198',b'809.7664',b'582.8699',b'-36.467262',b'809.55804',b'579.9813',b'-36.50215',b'809.5229',b'586.9943',b'18.451542',b'809.0585',b'585.5387',b'18.48315',b'808.4468',b'583.9003',b'18.457773',b'816.07214',b'558.36615',b'-131.82585',b'814.4225',b'561.4316',b'112.06719',b'840.2637',b'587.7181',b'-29.501583',b'839.7664',b'589.9894',b'41.648167',b'890.47394',b'543.76117',b'-261.57532',b'907.41724',b'532.56006',b'272.5384',b'932.7859',b'654.67773',b'-332.4209',b'957.4549',b'630.8007',b'338.93225',b'909.1047',b'765.8712',b'-303.31564',b'929.9355',b'706.31055',b'234.13211',b'883.85913',b'775.57166',b'-354.13278',b'902.9383',b'702.78625',b'238.47488',b'877.85156',b'765.8431',b'-325.92114',b'895.18744',b'705.208',b'192.72896',b'886.0175',b'761.4858',b'-291.01065',b'905.1502',b'709.6218',b'209.88599',b'1121.709',b'585.29126',b'-155.35909',b'1126.1296',b'577.36816',b'155.38043',b'1288.2585',b'649.9595',b'-137.37256',b'1278.634',b'633.25525',b'227.7073',b'1465.7704',b'692.8822',b'-84.472435',b'1426.3704',b'664.7278',b'324.72437',b'1501.603',b'690.4979',b'-84.48305',b'1454.8772',b'658.61566',b'332.19122',b'1447.808',b'762.9779',b'-187.60771',b'1422.2241',b'728.894',b'273.91977'
image_093.jpg,b'829.9299',b'596.1263',b'8.416307',b'813.34924',b'590.9935',b'-26.68111',b'812.6248',b'588.43585',b'-26.75486',b'811.7927',b'585.7323',b'-26.755835',b'813.48145',b'592.95526',b'28.531223',b'813.032',b'592.10767',b'28.596912',b'812.5627',b'591.1795',b'28.596384',b'812.6388',b'564.3379',b'-123.6124',b'813.42456',b'572.33496',b'125.69983',b'840.8825',b'585.6409',b'-20.894049',b'841.3451',b'588.0048',b'51.684093',b'872.66077',b'536.42554',b'-259.74887',b'895.01184',b'522.5966',b'277.34317',b'877.12286',b'641.97565',b'-368.4021',b'927.6129',b'620.82947',b'363.89056',b'859.3143',b'759.43005',b'-368.47147',b'904.5506',b'707.9527',b'263.035',b'833.73773',b'772.73895',b'-425.45157',b'857.16595',b'701.9723',b'267.07788',b'830.36694',b'761.3634',b'-391.18698',b'850.3819',b'702.49023',b'213.61',b'838.2457',b'757.5611',b'-354.71304',b'862.3275',b'707.8006',b'235.2847',b'1102.676',b'587.1858',b'-166.52718',b'1103.1449',b'576.90155',b'166.53717',b'1272.2386',b'657.0172',b'-153.68347',b'1260.8657',b'627.245',b'230.73093',b'1457.6439',b'703.56903',b'-113.49523',b'1410.4875',b'665.34406',b'332.50333',b'1490.2197',b'694.254',b'-114.263115',b'1435.8688',b'652.3981',b'340.50778',b'1483.7252',b'771.0679',b'-232.32991',b'1438.3785',b'730.7262',b'266.85812'
image_094.jpg,b'827.112',b'603.661',b'9.775687',b'811.0828',b'598.5309',b'-26.249025',b'810.58234',b'596.5035',b'-26.317102',b'809.93475',b'594.13086',b'-26.329258',b'810.9977',b'599.9254',b'26.01753',b'810.4924',b'599.02234',b'26.05661',b'809.8101',b'598.1013',b'26.097586',b'810.84375',b'572.95447',b'-119.71681',b'809.95593',b'579.4239',b'115.665115',b'839.11035',b'594.94214',b'-17.022518',b'838.60504',b'596.96655',b'51.347027',b'876.86017',b'551.95935',b'-238.49324',b'883.9422',b'531.4945',b'265.01065',b'881.7773',b'662.8419',b'-315.23016',b'899.7533',b'627.86664',b'322.07956',b'858.872',b'766.7863',b'-282.85675',b'871.6303',b'705.84625',b'220.31361',b'831.4957',b'777.8',b'-332.2547',b'846.6411',b'701.5659',b'222.38872',b'826.8411',b'768.0099',b'-299.90332',b'842.0461',b'703.3255',b'176.53484',b'836.48047',b'764.0968',b'-269.57697',b'850.8664',b'707.503',b'196.22838',b'1093.1907',b'599.53876',b'-159.00424',b'1096.5112',b'583.184',b'158.9265',b'1265.1543',b'669.4835',b'-163.8013',b'1252.0402',b'632.17236',b'250.1168',b'1458.0558',b'698.82886',b'-160.83948',b'1390.2883',b'647.7619',b'367.39175',b'1490.5525',b'685.31226',b'-164.24176',b'1415.3375',b'640.1791',b'377.60175',b'1477.5024',b'762.26025',b'-270.01248',b'1403.2104',b'703.32',b'323.39206'
image_095.jpg,b'807.7758',b'583.7994',b'9.015919',b'792.4444',b'574.947',b'-27.650173',b'792.1696',b'572.2216',b'-27.746222',b'791.85956',b'569.1393',b'-27.75572',b'791.88696',b'576.2362',b'27.978107',b'791.2405',b'574.72974',b'28.055412',b'790.5896',b'573.1742',b'28.083164',b'796.7039',b'547.3892',b'-126.00981',b'795.5388',b'552.9672',b'123.61861',b'821.35114',b'576.64417',b'-20.701103',b'820.8948',b'578.27905',b'51.85048',b'863.8117',b'534.59644',b'-259.15976',b'877.3738',b'513.36066',b'273.61087',b'870.5425',b'651.9421',b'-350.7162',b'896.2437',b'614.70233',b'339.35483',b'856.03204',b'768.31274',b'-324.34317',b'896.5362',b'713.63727',b'234.7564',b'828.87933',b'778.05914',b'-380.62082',b'881.975',b'721.15137',b'238.6149',b'824.75244',b'769.05896',b'-345.14255',b'849.6249',b'707.96466',b'182.91917',b'834.7508',b'764.8615',b'-310.1948',b'877.0765',b'728.3172',b'206.57503',b'1087.9534',b'591.4189',b'-163.21877',b'1086.8215',b'578.53674',b'163.23428',b'1255.0498',b'660.2204',b'-174.08333',b'1238.66',b'631.9065',b'241.63081',b'1436.7354',b'702.51526',b'-161.76425',b'1392.5392',b'658.76013',b'338.5057',b'1469.6375',b'695.6004',b'-165.12057',b'1416.3821',b'641.93964',b'346.4226',b'1467.9987',b'763.0158',b'-278.0256',b'1410.7473',b'707.1457',b'288.55576'
image_096.jpg,b'835.0522',b'624.87836',b'4.977063',b'819.298',b'616.78595',b'-33.9342',b'818.6522',b'614.69556',b'-33.99214',b'818.0628',b'612.6027',b'-34.00852',b'819.2044',b'617.06555',b'21.136896',b'818.61383',b'615.3083',b'21.170658',b'818.02344',b'613.58655',b'21.171282',b'821.98816',b'590.94934',b'-138.47955',b'820.8698',b'592.5042',b'109.83691',b'846.57117',b'617.98254',b'-27.109182',b'846.41144',b'618.4685',b'45.05573',b'878.3292',b'573.03564',b'-270.1178',b'895.6765',b'548.41095',b'268.87628',b'854.2085',b'676.53577',b'-409.80505',b'867.1034',b'630.8221',b'442.87152',b'821.4759',b'785.9862',b'-335.59625',b'835.20056',b'684.4747',b'444.3913',b'805.265',b'804.5958',b'-383.1427',b'814.77686',b'687.8073',b'461.91562',b'806.24304',b'790.17786',b'-351.95407',b'811.4523',b'691.84094',b'415.95688',b'814.916',b'782.6253',b'-322.89188',b'820.81396',b'691.4769',b'422.65433',b'1120.5757',b'588.4376',b'-184.29608',b'1119.9235',b'574.15594',b'184.1893',b'1285.4043',b'659.9894',b'-211.51463',b'1279.7251',b'629.4792',b'255.35728',b'1470.1818',b'697.48395',b'-215.343',b'1421.9897',b'665.7012',b'340.1521',b'1497.611',b'689.50165',b'-219.53946',b'1467.6755',b'649.39465',b'344.60956',b'1484.7583',b'776.55975',b'-331.73334',b'1432.3978',b'728.8776',b'271.011'
image_097.jpg,b'832.1678',b'578.90564',b'-8.762811',b'815.4669',b'570.2258',b'-45.740658',b'815.2737',b'567.784',b'-45.837254',b'814.9593',b'564.9984',b'-45.870075',b'815.35693',b'571.2782',b'13.468186',b'815.0872',b'569.8843',b'13.496931',b'814.6549',b'568.23865',b'13.514396',b'822.6386',b'543.9654',b'-143.30008',b'821.22345',b'548.5207',b'121.94824',b'847.53894',b'571.92',b'-39.3467',b'847.481',b'573.6549',b'38.106804',b'900.8189',b'531.8414',b'-296.6697',b'917.61176',b'520.7513',b'305.5603',b'920.29645',b'646.56964',b'-407.38318',b'940.00946',b'622.1413',b'385.1786',b'903.6891',b'766.73914',b'-388.47534',b'920.10077',b'711.47906',b'265.10175',b'878.2174',b'777.9773',b'-458.37634',b'894.3268',b'707.0608',b'273.58762',b'873.47705',b'772.71375',b'-414.00742',b'890.70825',b'712.6036',b'214.73491',b'883.2818',b'767.64703',b'-370.85245',b'899.0782',b'717.267',b'235.6841',b'1126.885',b'562.4523',b'-179.8209',b'1122.4426',b'556.5814',b'179.88622',b'1300.594',b'626.1186',b'-176.4702',b'1281.9456',b'607.2099',b'342.88492',b'1462.4928',b'683.1121',b'-153.96103',b'1410.818',b'657.95416',b'521.7489',b'1500.0804',b'682.5146',b'-158.18181',b'1444.64',b'653.9171',b'538.2576',b'1436.6549',b'760.634',b'-277.63495',b'1396.3787',b'724.30676',b'487.2761'
image_098.jpg,b'816.1332',b'599.895',b'-53.372173',b'800.74',b'591.53827',b'-94.2254',b'800.4632',b'588.6731',b'-94.35362',b'800.15314',b'585.50415',b'-94.40814',b'800.80316',b'593.37897',b'-35.71127',b'800.57306',b'592.0592',b'-35.652298',b'800.2711',b'590.6931',b'-35.677406',b'807.19434',b'563.1234',b'-193.92339',b'807.0023',b'569.6145',b'69.30064',b'830.71893',b'591.71606',b'-82.89872',b'830.3918',b'593.99664',b'-6.5005054',b'881.4713',b'551.4633',b'-336.49582',b'898.881',b'536.75745',b'252.22601',b'903.0207',b'669.4777',b'-366.93808',b'930.75964',b'644.3515',b'308.92258',b'898.3574',b'759.1825',b'-210.26767',b'926.5984',b'715.9237',b'178.14215',b'889.695',b'768.2669',b'-250.09964',b'919.59937',b'726.5125',b'178.21716',b'886.146',b'759.0964',b'-228.41869',b'911.01685',b'729.6437',b'128.5208',b'887.3901',b'755.05884',b'-197.38005',b'914.1061',b'727.9906',b'151.30212',b'1112.5197',b'601.5017',b'-184.20972',b'1113.4641',b'592.0973',b'184.25832',b'1277.1975',b'651.9384',b'-146.40585',b'1259.3248',b'630.64233',b'362.43793',b'1456.1598',b'697.1767',b'-98.0049',b'1398.975',b'660.58203',b'551.3825',b'1493.5925',b'689.32043',b'-99.78016',b'1418.8254',b'647.72687',b'569.03705',b'1461.0415',b'770.5018',b'-229.16959',b'1399.2028',b'718.8773',b'529.1349'
image_099.jpg,b'838.58997',b'571.5231',b'-15.2731905',b'822.6546',b'563.5484',b'-53.493187',b'822.4807',b'560.9783',b'-53.60214',b'822.235',b'558.0331',b'-53.61609',b'822.6727',b'564.96564',b'6.9694176',b'822.46246',b'563.703',b'7.0078363',b'822.15674',b'562.1479',b'7.039852',b'829.1763',b'538.9715',b'-152.51543',b'828.5326',b'543.78455',b'118.98934',b'852.4454',b'564.7262',b'-45.79176',b'852.55084',b'566.9656',b'33.325912',b'902.5012',b'525.633',b'-309.31073',b'918.16815',b'516.3601',b'301.84848',b'915.4735',b'641.99524',b'-445.07263',b'932.27783',b'615.15753',b'391.2169',b'904.5564',b'769.1645',b'-431.5061',b'921.6479',b'710.64417',b'271.97162',b'876.0165',b'778.09686',b'-504.6685',b'895.6782',b'704.7525',b'280.31357',b'869.755',b'771.07',b'-457.4204',b'891.3718',b'712.05133',b'216.73926',b'882.5413',b'767.2794',b'-412.99072',b'901.9843',b'718.8296',b'240.30592',b'1141.8092',b'572.15295',b'-183.01543',b'1136.1294',b'566.1762',b'183.0353',b'1292.8396',b'635.75946',b'-155.71126',b'1277.5698',b'617.4263',b'315.54358',b'1456.1453',b'692.1079',b'-88.60815',b'1414.7964',b'663.2679',b'455.68985',b'1494.1189',b'692.79346',b'-87.47373',b'1448.7305',b'661.46423',b'468.54904',b'1427.3257',b'771.10297',b'-198.25511',b'1397.7325',b'733.672',b'413.92352'
image_100.jpg,b'784.9577',b'555.5586',b'2.8810253',b'781.72266',b'540.47174',b'-27.649773',b'783.6891',b'539.15857',b'-27.69794',b'785.7783',b'537.57385',b'-27.67649',b'780.2986',b'539.8362',b'21.390282',b'781.1568',b'538.2842',b'21.345371',b'782.1775',b'536.4179',b'21.363697',b'803.9952',b'529.60657',b'-99.391205',b'801.21643',b'527.2039',b'119.31359',b'799.77405',b'560.96875',b'-17.716309',b'798.57196',b'560.84076',b'45.551666',b'866.7496',b'562.0743',b'-229.32431',b'887.85',b'531.7622',b'270.60495',b'850.3737',b'669.52783',b'-305.4579',b'866.7544',b'633.1314',b'302.58936',b'827.1235',b'771.9858',b'-286.4459',b'841.3296',b'713.8173',b'190.21626',b'798.9085',b'778.1445',b'-343.3216',b'817.4574',b'709.9584',b'187.84961',b'796.541',b'768.0195',b'-311.778',b'816.6929',b'713.2774',b'136.2994',b'807.1638',b'767.38184',b'-275.50763',b'825.4674',b'716.8331',b'163.9703',b'1092.1409',b'609.99817',b'-158.8834',b'1108.6654',b'585.2781',b'158.55258',b'1266.2782',b'665.6267',b'-146.77876',b'1257.9625',b'624.2279',b'210.5502',b'1453.6364',b'698.2763',b'-112.95171',b'1401.6243',b'650.11426',b'307.6345',b'1476.8851',b'687.597',b'-114.81408',b'1426.6815',b'641.29645',b'315.25757',b'1461.2047',b'735.9273',b'-236.60489',b'1442.0771',b'700.59644',b'249.70903'
