image_001.jpg,b'801.46265',b'722.2322',b'37.443615',b'788.0072',b'713.54425',b'6.2501583',b'787.627',b'711.8262',b'6.191032',b'787.06805',b'709.8178',b'6.165373',b'788.448',b'713.5529',b'51.20435',b'788.42926',b'711.8592',b'51.19519',b'788.1588',b'709.82886',b'51.10259',b'794.1476',b'693.6171',b'-71.67886',b'795.0335',b'692.9068',b'125.259186',b'815.1394',b'718.5079',b'14.982411',b'815.33044',b'719.1089',b'72.27411',b'860.613',b'676.91766',b'-181.25293',b'883.22534',b'646.66895',b'259.20236',b'942.6228',b'661.3145',b'-328.55148',b'981.0579',b'668.75006',b'371.82468',b'915.56287',b'759.93616',b'-420.30597',b'951.1518',b'721.2541',b'430.082',b'890.9511',b'770.9384',b'-463.06348',b'932.88995',b'721.3937',b'454.7683',b'883.40643',b'767.9935',b'-424.96207',b'929.2035',b'721.93884',b'425.05734',b'891.8764',b'763.18805',b'-404.8297',b'936.27094',b'725.33887',b'418.05545',b'1093.4353',b'689.8829',b'-143.72615',b'1097.543',b'673.82684',b'143.79506',b'1280.4712',b'697.3782',b'-144.3391',b'1270.9124',b'670.91315',b'176.84024',b'1464.9338',b'697.2076',b'-168.12022',b'1416.2555',b'674.852',b'250.4239',b'1503.1006',b'688.68005',b'-174.3699',b'1442.5233',b'666.1458',b'254.31316',b'1456.3325',b'767.22516',b'-272.3183',b'1414.1918',b'738.1717',b'199.15552'
image_002.jpg,b'808.2142',b'719.96216',b'21.760818',b'793.3129',b'713.9185',b'-11.584929',b'792.80725',b'712.25476',b'-11.635462',b'792.11945',b'710.47046',b'-11.662656',b'793.369',b'714.29034',b'34.63019',b'792.9499',b'713.045',b'34.63313',b'792.3201',b'711.7639',b'34.54006',b'796.2621',b'694.1678',b'-97.69317',b'796.11444',b'695.79346',b'105.17786',b'822.17206',b'714.43',b'-3.686462',b'822.1859',b'715.5134',b'55.456734',b'863.50275',b'668.84735',b'-206.7393',b'882.5425',b'641.46704',b'244.73845',b'949.6812',b'662.6177',b'-335.88022',b'986.9418',b'662.9415',b'397.58945',b'915.0657',b'762.40607',b'-388.92175',b'952.73267',b'719.30945',b'512.0838',b'886.8639',b'772.37286',b'-425.51678',b'930.725',b'716.6893',b'546.59076',b'879.1541',b'769.1887',b'-394.2379',b'927.4833',b'721.184',b'522.5714',b'886.7735',b'763.3927',b'-375.1838',b'935.0246',b'724.8414',b'503.98648',b'1101.3337',b'674.6573',b'-142.98593',b'1102.6918',b'656.75824',b'143.09482',b'1283.7396',b'683.7705',b'-141.77332',b'1265.2229',b'659.602',b'235.00946',b'1460.7721',b'695.5948',b'-167.03671',b'1403.2112',b'662.4105',b'357.66156',b'1493.6643',b'686.44666',b'-172.53018',b'1421.9573',b'647.5243',b'367.52814',b'1451.4093',b'761.8612',b'-261.14453',b'1408.4603',b'730.7108',b'332.982'
image_003.jpg,b'803.0565',b'715.6816',b'29.796993',b'788.05493',b'708.86664',b'-3.7892604',b'787.25024',b'706.93134',b'-3.8407905',b'786.2362',b'704.9353',b'-3.8455331',b'788.26013',b'709.5995',b'43.364746',b'787.7145',b'708.274',b'43.367924',b'786.978',b'706.96576',b'43.288708',b'789.4724',b'686.9672',b'-90.98773',b'790.2726',b'689.3339',b'117.76425',b'816.88043',b'709.2572',b'3.7521718',b'816.57117',b'710.8846',b'64.608376',b'856.622',b'656.6584',b'-202.60002',b'876.1675',b'631.66113',b'257.02997',b'934.59357',b'663.76355',b'-356.7931',b'972.61584',b'667.6819',b'396.85504',b'910.38916',b'767.10974',b'-441.80487',b'946.8362',b'724.3415',b'476.89496',b'887.3122',b'774.79016',b'-484.87878',b'923.007',b'724.15625',b'508.19583',b'878.95306',b'770.67566',b'-449.65207',b'919.3376',b'727.21045',b'478.06638',b'886.14703',b'766.65173',b'-427.52936',b'923.8825',b'728.66174',b'465.38727',b'1092.7495',b'664.99945',b'-148.08902',b'1094.0674',b'652.7716',b'148.20663',b'1269.8197',b'689.5428',b'-185.60497',b'1252.4945',b'662.73596',b'230.39598',b'1455.5786',b'696.1286',b'-237.92668',b'1389.5234',b'662.63837',b'329.21127',b'1492.0852',b'684.3194',b'-247.10959',b'1409.3878',b'648.90454',b'336.36792',b'1456.8391',b'764.00275',b'-351.61078',b'1400.3011',b'730.2199',b'290.79135'
image_006.jpg,b'735.72015',b'706.026',b'17.310656',b'717.80774',b'699.2102',b'-17.926847',b'717.3968',b'697.00385',b'-17.992508',b'717.01263',b'694.6393',b'-17.99681',b'717.73914',b'700.3997',b'35.892853',b'717.2708',b'699.1097',b'35.87631',b'716.8812',b'697.7328',b'35.78336',b'722.02356',b'672.9306',b'-106.18919',b'722.63983',b'677.20105',b'133.40588',b'753.1252',b'699.2768',b'-8.998513',b'754.0231',b'701.3735',b'60.87262',b'787.28613',b'629.6176',b'-238.9102',b'808.51355',b'639.8374',b'296.671',b'845.4662',b'663.66565',b'-465.7925',b'888.7229',b'667.5347',b'460.27167',b'801.108',b'771.7353',b'-587.8038',b'832.5178',b'735.7027',b'538.5217',b'774.10297',b'782.3977',b'-641.97473',b'800.282',b'734.4303',b'574.88',b'768.2542',b'774.2242',b'-594.363',b'796.328',b'739.304',b'543.6162',b'776.87164',b'769.9853',b'-569.92444',b'804.1155',b'740.0937',b'526.13544',b'1042.6144',b'635.39343',b'-176.32265',b'1039.9565',b'632.5834',b'176.50146',b'1204.7689',b'708.934',b'-259.0892',b'1195.7024',b'695.8352',b'136.35313',b'1392.9346',b'688.4134',b'-251.54565',b'1370.7035',b'677.0102',b'190.41487',b'1428.2096',b'670.81757',b'-252.28065',b'1403.2471',b'660.0951',b'192.04205',b'1399.3638',b'762.04083',b'-338.23746',b'1380.4843',b'749.8777',b'130.12238'
image_007.jpg,b'735.13983',b'724.91113',b'2.1703339',b'716.89435',b'718.04956',b'-32.776356',b'716.4259',b'715.4579',b'-32.82953',b'716.02057',b'712.8683',b'-32.833794',b'716.30273',b'719.89923',b'15.636353',b'715.46686',b'718.7703',b'15.633978',b'714.7607',b'717.7989',b'15.519464',b'718.58563',b'692.0322',b'-114.215',b'718.37494',b'700.7947',b'100.2992',b'749.6992',b'718.10187',b'-21.263659',b'750.0133',b'720.6028',b'41.26913',b'782.79456',b'649.6157',b'-223.43843',b'794.6796',b'652.0847',b'239.97493',b'837.67523',b'668.4713',b'-445.2463',b'884.4555',b'666.4244',b'406.75757',b'800.2932',b'760.5231',b'-556.6952',b'843.3348',b'724.95874',b'518.97144',b'775.81134',b'771.18634',b'-600.918',b'816.19073',b'724.5825',b'551.79425',b'771.2859',b'766.1486',b'-558.67737',b'813.70886',b'724.0754',b'522.8194',b'779.1036',b'761.5173',b'-540.6816',b'818.6431',b'725.977',b'508.15234',b'1034.4415',b'646.6954',b'-145.49706',b'1032.2554',b'667.28705',b'145.66203',b'1210.3953',b'706.25244',b'-158.69952',b'1201.844',b'700.31696',b'124.29846',b'1390.7156',b'691.06146',b'-138.41989',b'1375.0348',b'681.48865',b'142.87247',b'1419.3152',b'666.3704',b'-138.53021',b'1402.9292',b'658.60956',b'138.62065',b'1406.393',b'754.1665',b'-225.68181',b'1393.9346',b'746.55774',b'59.031586'
image_008.jpg,b'723.41125',b'726.8123',b'7.478875',b'707.32214',b'719.8688',b'-27.859207',b'706.9409',b'717.70636',b'-27.931725',b'706.4518',b'715.5868',b'-27.9419',b'706.9595',b'720.93085',b'26.31834',b'706.42',b'719.5315',b'26.295074',b'705.94104',b'718.25714',b'26.229551',b'710.9498',b'695.39685',b'-113.840294',b'711.4844',b'700.1892',b'128.85277',b'739.7503',b'720.34344',b'-18.531214',b'740.20374',b'721.8832',b'52.083916',b'775.5584',b'659.636',b'-253.18454',b'798.3723',b'657.2059',b'291.06827',b'834.4337',b'655.6543',b'-540.0378',b'879.3791',b'667.3443',b'482.11285',b'810.9786',b'765.0066',b'-706.5996',b'837.3721',b'737.7689',b'599.79517',b'785.2484',b'774.5541',b'-765.5677',b'809.7374',b'735.88745',b'637.57446',b'779.3788',b'770.1859',b'-712.40515',b'805.7827',b'739.9529',b'602.169',b'787.36835',b'766.0711',b'-687.36993',b'813.07684',b'739.69946',b'586.31274',b'1029.2798',b'639.9486',b'-176.69086',b'1027.4714',b'650.8632',b'176.9721',b'1200.4731',b'709.48926',b'-249.7354',b'1187.2805',b'703.97003',b'42.130566',b'1382.6427',b'685.40216',b'-223.60056',b'1362.1257',b'681.9965',b'88.78661',b'1411.1887',b'665.1797',b'-222.04218',b'1393.1493',b'660.5151',b'88.41147',b'1405.895',b'757.7326',b'-310.02722',b'1384.8251',b'755.76794',b'7.7275696'
image_009.jpg,b'739.98724',b'726.02295',b'3.2624094',b'723.4996',b'722.64026',b'-30.959885',b'722.2446',b'720.7085',b'-31.022383',b'721.0754',b'718.8178',b'-31.021656',b'723.9884',b'723.6559',b'20.88536',b'723.1486',b'722.59235',b'20.881157',b'722.57',b'721.77484',b'20.786198',b'717.71814',b'698.2052',b'-117.045494',b'722.2476',b'707.09753',b'115.35354',b'751.72815',b'718.2354',b'-22.55155',b'752.81647',b'719.94293',b'45.152176',b'775.12286',b'638.87823',b'-242.43376',b'806.35223',b'650.0268',b'273.31372',b'844.9351',b'670.9819',b'-470.74658',b'899.9025',b'678.4685',b'391.14417',b'809.3305',b'769.9957',b'-598.5737',b'841.0762',b'741.8196',b'414.6817',b'781.94226',b'777.853',b'-653.8307',b'804.37445',b'746.2881',b'438.6791',b'777.1298',b'772.5922',b'-608.51495',b'799.9003',b'749.6016',b'409.00763',b'785.3714',b'767.2364',b'-582.15796',b'807.9825',b'749.1645',b'400.84183',b'1022.564',b'626.68445',b'-177.62799',b'1022.0952',b'647.1974',b'177.79451',b'1192.6515',b'707.9247',b'-245.52357',b'1180.5763',b'702.7039',b'145.25806',b'1375.1884',b'685.5002',b'-224.46611',b'1349.9614',b'683.60657',b'211.31468',b'1406.663',b'663.59814',b'-224.67072',b'1382.4454',b'661.47107',b'213.72592',b'1399.5775',b'756.7254',b'-318.96768',b'1370.3464',b'752.8227',b'147.60625'
image_010.jpg,b'738.8827',b'718.6837',b'-4.9385476',b'721.0785',b'713.4688',b'-38.929626',b'720.2694',b'711.46594',b'-38.994747',b'719.54553',b'709.4788',b'-38.976814',b'721.25464',b'714.7611',b'13.349863',b'720.6643',b'713.8717',b'13.331809',b'720.34076',b'713.2375',b'13.212226',b'719.7735',b'688.63556',b'-123.87258',b'723.23285',b'698.35565',b'109.999176',b'754.07513',b'712.0934',b'-30.289156',b'755.63885',b'714.56287',b'37.853157',b'781.0578',b'635.3589',b'-243.13757',b'804.45337',b'658.71826',b'262.3363',b'839.36395',b'667.4195',b'-471.74225',b'899.4246',b'671.8364',b'403.6857',b'803.64856',b'773.9332',b'-587.8811',b'852.7659',b'740.04',b'454.69437',b'776.0342',b'783.56555',b'-640.5422',b'806.4574',b'743.4899',b'485.37225',b'771.3106',b'776.81085',b'-590.4508',b'803.40704',b'741.88934',b'453.14783',b'779.48663',b'772.63745',b'-569.47705',b'810.8784',b'742.09436',b'441.06467',b'1030.6895',b'615.19946',b'-161.67447',b'1030.0483',b'642.02625',b'161.86182',b'1200.0259',b'691.9148',b'-214.00418',b'1187.1935',b'691.45337',b'91.46364',b'1380.4426',b'683.0722',b'-182.2855',b'1361.3875',b'683.762',b'129.11725',b'1411.0807',b'664.75653',b'-182.81897',b'1395.2336',b'667.4139',b'127.41334',b'1399.6873',b'755.78217',b'-289.5058',b'1379.4768',b'755.822',b'36.66269'
image_011.jpg,b'731.5814',b'734.6418',b'-15.422207',b'713.0443',b'728.92377',b'-51.181686',b'712.24457',b'726.7899',b'-51.212658',b'711.42926',b'724.54755',b'-51.204063',b'712.7837',b'729.9921',b'3.2058136',b'711.8446',b'728.8122',b'3.19658',b'711.0179',b'727.69214',b'3.1285498',b'712.0616',b'704.2281',b'-138.80362',b'713.14307',b'710.6071',b'105.377235',b'743.9954',b'727.21014',b'-41.35272',b'744.3633',b'728.6964',b'29.721823',b'775.7256',b'661.71893',b'-263.4295',b'793.4946',b'653.76874',b'266.26025',b'838.62756',b'665.23',b'-531.1456',b'893.48126',b'667.56647',b'447.00888',b'809.1335',b'766.14246',b'-700.43427',b'848.2943',b'731.07135',b'563.906',b'782.1015',b'773.4148',b'-760.844',b'814.2247',b'733.9622',b'604.4941',b'777.7731',b'769.0869',b'-710.22974',b'806.6346',b'738.32715',b'570.2328',b'785.9576',b'765.1261',b'-683.2053',b'817.5292',b'737.54675',b'551.59186',b'1026.9956',b'650.796',b'-175.87587',b'1024.8412',b'648.8056',b'176.05368',b'1196.8202',b'713.96674',b'-181.35384',b'1185.2155',b'698.846',b'171.21844',b'1371.1953',b'692.218',b'-118.91008',b'1352.2656',b'680.62646',b'238.96046',b'1397.6442',b'669.62646',b'-113.53575',b'1380.9639',b'662.6992',b'241.18784',b'1402.8751',b'755.3196',b'-187.93459',b'1378.8354',b'744.9051',b'171.79897'
image_012.jpg,b'644.93085',b'702.95337',b'16.613968',b'628.24',b'695.1589',b'-21.25511',b'627.62445',b'693.2177',b'-21.292269',b'627.0058',b'691.1978',b'-21.28669',b'628.5375',b'695.2508',b'29.099766',b'628.22125',b'693.4328',b'29.064508',b'627.81195',b'691.4877',b'28.99049',b'631.74084',b'671.78973',b'-119.79936',b'631.5662',b'671.44946',b'104.86635',b'660.09393',b'698.6014',b'-12.607628',b'659.86255',b'698.3135',b'52.792038',b'702.8553',b'659.8533',b'-229.15381',b'718.9678',b'621.9032',b'246.1215',b'789.2313',b'673.0036',b'-425.6513',b'808.11664',b'623.4342',b'414.9017',b'764.3708',b'767.3665',b'-572.8574',b'778.2679',b'703.87585',b'531.91974',b'738.64215',b'780.8378',b'-622.00336',b'752.501',b'708.2525',b'567.193',b'731.5625',b'769.66876',b'-584.50104',b'748.351',b'711.8213',b'537.5161',b'737.9345',b'764.81537',b'-559.9336',b'755.63916',b'712.47754',b'521.693',b'943.8815',b'684.5665',b'-156.24722',b'946.1473',b'662.4573',b'156.24036',b'1118.7261',b'701.1018',b'-166.52345',b'1101.5228',b'697.52985',b'199.362',b'1289.9728',b'688.6884',b'-167.00024',b'1258.6907',b'685.9879',b'255.9546',b'1324.4265',b'670.5905',b'-168.84572',b'1294.3961',b'673.00885',b'258.0639',b'1295.634',b'777.23456',b'-258.01932',b'1265.9829',b'761.02875',b'207.09497'
image_013.jpg,b'639.47833',b'715.9932',b'-20.60417',b'624.1333',b'709.2043',b'-59.31653',b'623.7681',b'707.37164',b'-59.319138',b'623.2517',b'705.3192',b'-59.304214',b'624.1032',b'709.70764',b'-6.2332335',b'623.9022',b'708.31903',b'-6.275697',b'623.53546',b'706.68567',b'-6.342153',b'627.2211',b'685.1048',b'-157.9618',b'626.28577',b'686.4218',b'80.179535',b'654.25336',b'709.8659',b'-49.855343',b'654.01324',b'710.04755',b'19.412535',b'695.3211',b'659.25696',b'-265.15125',b'707.2578',b'627.12274',b'226.74811',b'782.18225',b'664.56506',b'-498.49066',b'800.58417',b'613.9939',b'427.37396',b'765.44183',b'759.3137',b'-667.8688',b'776.34076',b'697.398',b'568.7095',b'739.2626',b'771.5188',b'-725.0874',b'758.38947',b'701.0767',b'606.4512',b'732.5788',b'764.04785',b'-682.62256',b'752.669',b'713.6664',b'572.3651',b'738.67444',b'759.22656',b'-653.7624',b'759.6125',b'714.88165',b'557.3534',b'943.9395',b'677.12714',b'-162.40965',b'946.2731',b'659.13464',b'162.36716',b'1117.2024',b'706.1964',b'-129.85231',b'1103.8348',b'699.7376',b'226.87653',b'1286.9811',b'688.1131',b'-87.52845',b'1257.6901',b'681.80585',b'312.54688',b'1317.5853',b'672.9496',b'-84.721695',b'1289.5248',b'665.10065',b'317.3276',b'1322.0042',b'781.47876',b'-173.0738',b'1275.6993',b'758.87573',b'263.8569'
image_014.jpg,b'646.60333',b'714.4119',b'23.881159',b'631.3093',b'706.36395',b'-12.905813',b'630.7722',b'704.37085',b'-12.919838',b'630.14923',b'702.1598',b'-12.899194',b'631.31445',b'706.53076',b'38.43242',b'630.917',b'704.7403',b'38.40609',b'630.4356',b'702.6859',b'38.351578',b'634.21155',b'683.55743',b'-110.01372',b'634.7144',b'683.9634',b'120.04532',b'659.12604',b'709.18005',b'-5.4964375',b'658.95123',b'709.7044',b'61.377254',b'701.246',b'662.5531',b'-227.94484',b'720.32745',b'633.4765',b'259.46396',b'779.52295',b'658.1083',b'-465.2694',b'806.3583',b'626.50665',b'441.3654',b'763.3462',b'760.02094',b'-642.8952',b'778.60535',b'706.6894',b'582.5099',b'738.32916',b'769.5229',b'-695.29535',b'758.243',b'707.8106',b'624.84076',b'731.8579',b'762.77185',b'-648.8261',b'751.65607',b'722.81824',b'591.65576',b'738.2062',b'759.28754',b'-627.0062',b'758.8335',b'725.1523',b'571.6686',b'942.62897',b'683.5038',b'-161.9725',b'946.10297',b'666.7416',b'161.99239',b'1121.5457',b'699.6578',b'-175.83694',b'1111.7256',b'691.9604',b'164.92755',b'1299.6919',b'694.3585',b'-168.66727',b'1278.1617',b'682.1997',b'185.23131',b'1332.3257',b'674.969',b'-169.73955',b'1309.6888',b'667.9708',b'182.66327',b'1304.7164',b'778.71735',b'-263.82245',b'1283.8644',b'761.33435',b'116.21966'
image_015.jpg,b'649.64734',b'725.0965',b'-27.777962',b'634.74207',b'716.9737',b'-61.967224',b'634.4181',b'714.93774',b'-62.004883',b'633.90686',b'712.81104',b'-62.00574',b'634.5178',b'717.62054',b'-8.754551',b'634.16895',b'716.16626',b'-8.788675',b'633.682',b'714.5592',b'-8.891096',b'637.7324',b'696.2005',b'-148.15633',b'637.57874',b'697.56836',b'90.04651',b'662.5475',b'720.9196',b'-53.533688',b'662.4541',b'722.14685',b'15.740048',b'703.40344',b'670.4059',b'-266.16885',b'722.5401',b'648.6412',b'240.58813',b'788.7121',b'654.57733',b'-511.9416',b'813.3292',b'632.28876',b'418.62347',b'771.0566',b'760.35126',b'-704.6537',b'784.9004',b'709.16675',b'531.13226',b'746.4607',b'772.5789',b'-769.0843',b'764.1427',b'712.32336',b'570.3088',b'739.6145',b'766.2837',b'-719.86957',b'757.6393',b'729.29736',b'529.6589',b'745.0369',b'761.0196',b'-689.0046',b'765.46716',b'730.8722',b'516.6269',b'951.2225',b'662.3966',b'-168.48216',b'947.62225',b'649.2288',b'168.55072',b'1128.1177',b'682.10156',b'-150.50531',b'1113.3287',b'676.6304',b'202.15962',b'1301.9685',b'685.86914',b'-113.737045',b'1266.22',b'676.2691',b'257.3243',b'1339.0853',b'673.14746',b'-113.27426',b'1296.5071',b'663.87067',b'258.40628',b'1303.1493',b'770.0226',b'-210.83266',b'1284.5812',b'753.95514',b'192.74278'
image_016.jpg,b'666.7346',b'702.176',b'-86.08893',b'654.237',b'691.4514',b'-121.64114',b'654.3491',b'689.6227',b'-121.72502',b'654.4569',b'687.6382',b'-121.84742',b'654.19525',b'691.6043',b'-75.36372',b'654.1377',b'690.0192',b'-75.37729',b'653.89014',b'688.221',b'-75.43386',b'664.51215',b'669.17883',b'-209.63696',b'662.62256',b'668.6014',b'-3.8354516',b'681.0045',b'698.63306',b'-111.05657',b'680.65283',b'699.0453',b'-51.55666',b'750.80383',b'658.95325',b'-276.03488',b'751.5119',b'629.00085',b'136.62576',b'815.35333',b'673.73663',b'-422.37595',b'811.19196',b'648.5535',b'331.3361',b'780.6124',b'768.3423',b'-517.5863',b'780.2833',b'706.4227',b'483.90244',b'755.5362',b'779.6746',b'-567.7016',b'768.73334',b'712.64435',b'520.249',b'745.9058',b'769.78815',b'-535.8214',b'755.69183',b'718.5608',b'494.1126',b'754.70105',b'764.75885',b'-506.2666',b'763.52185',b'721.7703',b'476.2601',b'964.5473',b'668.72864',b'-124.746826',b'954.30743',b'638.46063',b'124.77818',b'1096.0315',b'713.3739',b'-59.4231',b'1032.1113',b'651.73596',b'335.0308',b'1235.0132',b'655.1137',b'23.09448',b'1056.0913',b'584.7157',b'530.94617',b'1255.2195',b'633.9496',b'32.971394',b'1062.8619',b'571.28613',b'553.5061',b'1263.0878',b'682.19763',b'-8.026051',b'1049.9702',b'591.32605',b'561.3867'
image_017.jpg,b'674.6776',b'711.2009',b'4.2715573',b'661.6926',b'702.0844',b'-31.793388',b'661.3425',b'700.2732',b'-31.883787',b'661.06683',b'698.2535',b'-32.0227',b'661.25793',b'701.91547',b'14.271801',b'660.6646',b'700.1201',b'14.222633',b'660.13525',b'698.0983',b'14.139744',b'668.1946',b'678.7738',b'-130.11845',b'667.5498',b'677.816',b'74.25191',b'689.85754',b'707.05457',b'-25.536932',b'689.286',b'706.6871',b'33.602436',b'746.0455',b'664.2732',b'-223.25969',b'761.89465',b'621.7311',b'212.0951',b'810.0024',b'668.1237',b'-427.57922',b'824.01056',b'607.14856',b'411.39853',b'779.5268',b'762.8682',b'-567.015',b'801.5075',b'668.2268',b'588.6898',b'752.8309',b'774.17035',b'-619.6182',b'788.8645',b'670.6732',b'632.5455',b'746.20953',b'767.52026',b'-574.0928',b'782.2601',b'681.15533',b'607.70795',b'754.5547',b'763.25775',b'-550.7202',b'787.45776',b'684.8766',b'582.137',b'972.68256',b'679.71893',b'-128.56668',b'958.9081',b'652.0876',b'128.50684',b'1128.1635',b'712.77405',b'-110.673485',b'986.80206',b'633.69336',b'287.0208',b'1281.0128',b'660.5714',b'-49.116524',b'1002.7117',b'559.6714',b'474.57794',b'1298.2758',b'641.4774',b'-40.610085',b'990.09705',b'545.2584',b'494.13745',b'1329.6687',b'673.69025',b'-88.39374',b'977.7799',b'548.83215',b'489.58905'
image_018.jpg,b'667.4043',b'706.6561',b'-0.6168084',b'654.89264',b'697.9751',b'-35.355164',b'655.04333',b'695.9727',b'-35.42712',b'655.3054',b'693.9244',b'-35.448864',b'654.134',b'698.49384',b'14.5844755',b'653.7391',b'697.0047',b'14.575507',b'653.44904',b'695.4172',b'14.536135',b'664.45624',b'676.2123',b'-122.156296',b'662.6379',b'677.01855',b'101.01245',b'683.3605',b'703.75916',b'-25.84461',b'682.9074',b'704.2224',b'38.95544',b'743.5494',b'664.23364',b'-232.77228',b'754.9149',b'635.9448',b'254.1809',b'806.59436',b'666.11194',b'-477.81165',b'820.52606',b'636.05316',b'447.21936',b'779.64764',b'763.5327',b'-648.69775',b'794.1694',b'702.83276',b'603.6966',b'753.84796',b'777.956',b'-700.27814',b'774.93524',b'703.182',b'645.9285',b'746.2794',b'769.83014',b'-656.59625',b'779.0235',b'709.18445',b'617.25806',b'754.2883',b'764.83',b'-633.8785',b'778.9272',b'719.94464',b'594.74835',b'992.8585',b'678.6129',b'-154.3058',b'994.304',b'661.1516',b'154.27966',b'1173.7262',b'708.94214',b'-189.74756',b'1155.8701',b'698.7531',b'101.24788',b'1363.2538',b'684.66943',b'-194.76292',b'1321.7607',b'681.15704',b'122.41894',b'1378.613',b'670.5027',b'-198.19186',b'1353.9606',b'669.5436',b'119.96854',b'1363.7361',b'758.7008',b'-299.79523',b'1341.5454',b'752.14557',b'42.246326'
image_019.jpg,b'680.7291',b'708.74426',b'32.05993',b'665.7069',b'702.54816',b'-3.5564804',b'665.3889',b'700.6058',b'-3.6756945',b'665.06055',b'698.46936',b'-3.7598572',b'665.56146',b'703.2716',b'45.565434',b'665.2135',b'701.9744',b'45.597885',b'664.8554',b'700.4525',b'45.56784',b'668.9706',b'678.5586',b'-97.7597',b'668.3236',b'679.6745',b'121.16048',b'695.42255',b'704.2949',b'4.322047',b'695.7984',b'704.9564',b'67.90085',b'741.9491',b'655.4127',b'-204.45364',b'757.9942',b'632.8659',b'260.3208',b'799.8753',b'666.99365',b'-426.5499',b'816.69415',b'641.4769',b'454.1174',b'778.7343',b'765.435',b'-587.26685',b'796.8331',b'691.61035',b'607.1285',b'752.0487',b'777.404',b'-640.7788',b'779.91785',b'689.55554',b'648.68616',b'745.62',b'768.7876',b'-597.06665',b'775.58923',b'703.19257',b'621.2655',b'753.5415',b'764.48596',b'-571.5261',b'782.4183',b'707.6751',b'598.75934',b'973.7225',b'670.86725',b'-133.61311',b'970.1002',b'653.09717',b'133.64442',b'1144.3657',b'709.54974',b'-205.01506',b'1085.2156',b'687.54364',b'133.05351',b'1324.1039',b'679.4974',b'-236.42264',b'1214.5088',b'649.4563',b'188.34634',b'1351.9236',b'659.44763',b'-241.03491',b'1238.5525',b'631.56757',b'192.35153',b'1339.3761',b'735.87146',b'-324.82153',b'1233.9331',b'686.752',b'145.81708'
image_020.jpg,b'684.79285',b'708.1297',b'37.50381',b'668.30865',b'701.64276',b'0.7283329',b'668.0515',b'699.9222',b'0.6362543',b'667.60803',b'698.02185',b'0.61672777',b'667.77045',b'701.9866',b'51.540997',b'667.354',b'700.663',b'51.53163',b'666.8072',b'699.208',b'51.47808',b'671.41797',b'678.0',b'-95.75339',b'670.9561',b'679.3398',b'130.80836',b'698.72046',b'704.35376',b'9.333876',b'698.43494',b'704.8206',b'75.161224',b'742.7284',b'654.1014',b'-215.2381',b'752.7754',b'632.3511',b'277.55283',b'803.82947',b'661.96155',b'-450.63483',b'827.46246',b'643.67554',b'455.55103',b'780.2839',b'763.0303',b'-597.9098',b'805.28613',b'698.7115',b'593.0122',b'754.2527',b'776.61145',b'-648.076',b'783.75433',b'701.25446',b'631.5486',b'747.42474',b'767.89404',b'-603.55884',b'780.47406',b'706.13416',b'600.57916',b'755.36566',b'763.21594',b'-581.70197',b'788.65405',b'706.7444',b'581.9625',b'994.71533',b'675.0021',b'-148.5676',b'994.5006',b'665.1185',b'148.64185',b'1177.5344',b'700.4994',b'-174.47531',b'1154.6184',b'689.6588',b'83.00337',b'1370.7395',b'684.99457',b'-170.01355',b'1336.8512',b'680.0139',b'98.51305',b'1385.742',b'668.59924',b'-173.97183',b'1363.6178',b'666.9077',b'94.68148',b'1362.2917',b'765.40894',b'-282.72406',b'1347.3757',b'753.33856',b'1.9077227'
image_021.jpg,b'679.1949',b'710.0637',b'44.575573',b'664.2569',b'702.91534',b'7.5872703',b'663.9777',b'701.1812',b'7.5027876',b'663.7288',b'699.30597',b'7.4892015',b'663.79236',b'703.267',b'56.61467',b'663.2509',b'701.8456',b'56.61204',b'662.70953',b'700.2834',b'56.5541',b'668.1275',b'678.4491',b'-89.27824',b'667.00385',b'678.4359',b'128.28847',b'694.80505',b'704.76514',b'16.217083',b'694.81616',b'704.8726',b'79.55204',b'743.55975',b'657.9869',b'-202.84079',b'751.54443',b'634.0894',b'268.93253',b'805.45026',b'666.906',b'-421.98077',b'829.05457',b'636.6243',b'448.09262',b'780.61566',b'763.33264',b'-567.28436',b'807.6836',b'684.68665',b'594.3858',b'754.0461',b'776.4091',b'-614.9495',b'789.6081',b'682.0833',b'631.05383',b'747.5417',b'767.59357',b'-575.25037',b'787.1461',b'694.9484',b'605.2116',b'756.19653',b'763.2421',b'-552.90186',b'793.97955',b'699.3505',b'585.9644',b'992.34326',b'676.2927',b'-138.71669',b'990.7187',b'661.3374',b'138.74571',b'1162.0709',b'708.6947',b'-166.20631',b'1158.7898',b'701.3523',b'66.11228',b'1363.493',b'692.8729',b'-175.56914',b'1322.1471',b'690.4021',b'71.69098',b'1379.6284',b'675.884',b'-179.86072',b'1357.2478',b'676.29974',b'67.501076',b'1363.0785',b'765.52954',b'-275.94205',b'1346.5474',b'757.03156',b'-12.512819'
image_022.jpg,b'768.6166',b'726.96484',b'-6.092983',b'752.62823',b'724.10034',b'-46.705303',b'751.4548',b'722.00433',b'-46.765484',b'750.32117',b'719.8548',b'-46.798862',b'752.9688',b'725.44946',b'6.921939',b'752.183',b'724.34656',b'6.9689293',b'751.415',b'723.3218',b'6.8935246',b'746.219',b'695.05457',b'-157.14255',b'747.8812',b'701.16394',b'82.22638',b'777.9769',b'715.2445',b'-40.34779',b'779.3713',b'716.6951',b'29.231024',b'803.3747',b'649.6427',b'-266.50894',b'818.15015',b'634.056',b'212.55707',b'813.50055',b'737.8693',b'-287.9601',b'892.7633',b'687.0201',b'388.68008',b'789.92554',b'781.3996',b'-38.47056',b'880.4049',b'749.2102',b'487.12057',b'766.8125',b'793.2089',b'-45.641483',b'868.96295',b'756.15466',b'516.78174',b'768.6463',b'779.61707',b'-34.561016',b'861.99243',b'762.00336',b'488.5061',b'776.61707',b'774.18524',b'-28.666527',b'865.5897',b'761.7465',b'474.80417',b'1056.6509',b'640.9252',b'-154.50879',b'1053.3453',b'642.78107',b'154.60223',b'1231.3232',b'700.9679',b'-148.02875',b'1221.7128',b'687.4539',b'182.46355',b'1417.9115',b'691.5362',b'-125.298325',b'1387.2704',b'676.7414',b'243.02802',b'1448.854',b'673.6332',b'-124.93047',b'1417.4835',b'662.32275',b'245.87128',b'1421.2731',b'763.9374',b'-199.56332',b'1393.0767',b'746.765',b'191.72095'
image_023.jpg,b'774.6524',b'729.6535',b'-13.45382',b'759.14667',b'727.94775',b'-53.814156',b'757.80383',b'725.8812',b'-53.859253',b'756.4796',b'723.80524',b'-53.87571',b'759.4276',b'728.85236',b'0.017332476',b'758.4937',b'727.49164',b'0.06333849',b'757.6028',b'726.24164',b'-0.028335646',b'750.9259',b'698.7967',b'-161.2629',b'753.14996',b'705.3849',b'78.17164',b'782.3809',b'716.6627',b'-46.357445',b'784.2104',b'717.26746',b'23.18413',b'806.5261',b'649.6985',b'-263.1039',b'819.5842',b'640.86584',b'207.21384',b'816.2629',b'743.7396',b'-298.26648',b'903.39246',b'697.284',b'364.72556',b'776.5276',b'780.5573',b'-84.79856',b'904.44165',b'757.46735',b'430.79257',b'753.2484',b'797.10156',b'-99.31154',b'898.14374',b'764.4638',b'455.34146',b'754.3417',b'781.8373',b'-86.64763',b'890.00854',b'769.07196',b'425.31702',b'763.8191',b'776.702',b'-75.58169',b'891.73975',b'769.18274',b'417.25677',b'1059.5203',b'641.63446',b'-151.5901',b'1055.6151',b'649.674',b'151.63205',b'1231.364',b'699.2366',b'-131.27946',b'1223.8438',b'687.86774',b'182.89621',b'1419.4165',b'691.9178',b'-92.49948',b'1389.025',b'676.19055',b'246.44316',b'1449.3014',b'677.6346',b'-91.20035',b'1419.9768',b'661.8077',b'249.6395',b'1416.5012',b'763.44855',b'-166.59895',b'1387.4757',b'743.9982',b'193.35916'
image_024.jpg,b'782.2144',b'728.6597',b'-28.246614',b'766.65894',b'727.8195',b'-69.46841',b'764.8692',b'725.71423',b'-69.49566',b'763.11926',b'723.4622',b'-69.526405',b'767.3639',b'728.55286',b'-15.242887',b'766.33734',b'727.105',b'-15.175293',b'765.3938',b'725.7041',b'-15.213336',b'756.15906',b'699.81055',b'-174.72726',b'760.1141',b'707.058',b'66.53453',b'789.91907',b'715.9826',b'-59.638325',b'792.36945',b'715.94666',b'10.318417',b'810.8785',b'650.8737',b'-272.50443',b'821.4884',b'641.2146',b'205.90755',b'812.3397',b'758.90643',b'-288.07208',b'856.77075',b'721.4954',b'366.2097',b'753.5806',b'778.8053',b'-52.612762',b'842.31616',b'779.9804',b'422.63098',b'729.2632',b'790.7506',b'-61.844715',b'826.3247',b'788.0008',b'442.78717',b'730.8317',b'774.52905',b'-60.19432',b'819.09656',b'789.78094',b'419.1232',b'741.83295',b'770.2234',b'-45.97338',b'825.4253',b'788.93054',b'410.70764',b'1063.5248',b'647.40967',b'-153.52716',b'1056.6438',b'655.57684',b'153.629',b'1236.1215',b'696.43304',b'-143.77603',b'1224.9897',b'686.81555',b'193.35709',b'1422.8374',b'692.6812',b'-121.67041',b'1389.7914',b'677.0447',b'262.2212',b'1452.8861',b'676.41907',b'-122.279236',b'1419.716',b'662.04913',b'265.7915',b'1420.0634',b'762.4673',b'-199.81706',b'1391.251',b'744.44476',b'214.12549'
image_025.jpg,b'782.2164',b'727.87427',b'-24.224154',b'765.8453',b'727.11017',b'-65.18874',b'763.9403',b'725.1273',b'-65.22024',b'761.9968',b'723.01044',b'-65.27979',b'766.71387',b'727.7885',b'-12.099376',b'765.6777',b'726.3696',b'-12.007591',b'764.67535',b'725.00653',b'-12.026831',b'754.3611',b'700.3514',b'-171.09602',b'758.1933',b'706.66364',b'65.87784',b'789.5658',b'714.9603',b'-56.02812',b'792.2914',b'714.70233',b'12.658264',b'808.67126',b'649.9909',b'-267.11697',b'820.5137',b'643.14764',b'203.69003',b'807.6122',b'760.21405',b'-279.90298',b'820.68463',b'727.89325',b'365.51154',b'747.6356',b'784.2281',b'-49.86148',b'776.9976',b'784.7836',b'410.52243',b'730.1217',b'793.2617',b'-60.017788',b'756.16016',b'791.4377',b'425.7446',b'729.8173',b'782.2275',b'-61.998417',b'750.4855',b'793.99475',b'402.77158',b'739.3705',b'775.0665',b'-44.564808',b'758.89484',b'793.9436',b'397.79834',b'1059.302',b'645.5322',b'-154.66989',b'1052.6741',b'653.0576',b'154.72975',b'1229.9229',b'695.9787',b'-146.76561',b'1220.1039',b'686.78754',b'188.09644',b'1419.8359',b'691.8387',b'-126.212425',b'1387.745',b'676.8551',b'250.43887',b'1448.9452',b'675.44055',b'-126.536606',b'1417.1816',b'661.4771',b'252.6106',b'1415.0417',b'764.33514',b'-204.78839',b'1387.733',b'746.3849',b'196.53075'
image_026.jpg,b'778.7444',b'726.3327',b'-26.560293',b'761.0099',b'724.60345',b'-67.15368',b'759.2296',b'722.25745',b'-67.188576',b'757.4384',b'719.7255',b'-67.25351',b'761.78265',b'726.1892',b'-16.048561',b'760.8503',b'725.1415',b'-15.9639435',b'759.986',b'724.1876',b'-15.960331',b'751.74603',b'697.165',b'-167.4074',b'755.56433',b'705.85144',b'61.424625',b'786.5948',b'713.3302',b'-56.352272',b'789.0513',b'714.1353',b'9.992861',b'810.7193',b'654.4517',b'-249.45789',b'818.5164',b'641.3699',b'191.66133',b'804.9591',b'761.61066',b'-224.67497',b'818.8249',b'724.0377',b'332.8556',b'760.678',b'757.40375',b'65.1039',b'788.6089',b'782.20325',b'353.67883',b'747.0359',b'767.9943',b'63.76877',b'771.50806',b'790.93896',b'362.06177',b'750.87994',b'744.6357',b'54.06752',b'740.0963',b'784.586',b'339.033',b'758.61615',b'741.72095',b'67.68062',b'744.9761',b'780.15137',b'340.29782',b'1058.0964',b'651.14014',b'-151.00069',b'1051.2979',b'653.83997',b'151.00954',b'1229.088',b'699.31006',b'-131.84909',b'1220.4557',b'687.8674',b'171.14706',b'1421.0709',b'692.7036',b'-105.2887',b'1390.2089',b'678.8298',b'213.25493',b'1450.1384',b'676.6954',b'-105.06148',b'1421.5156',b'663.4682',b'213.19736',b'1413.4852',b'768.13684',b'-177.05692',b'1389.738',b'750.1131',b'159.72232'
image_027.jpg,b'775.53314',b'732.03076',b'-4.2768188',b'759.9781',b'730.2751',b'-45.77758',b'758.5791',b'728.2378',b'-45.822437',b'757.2567',b'726.1758',b'-45.891655',b'760.32166',b'731.0443',b'6.0725937',b'759.33093',b'729.6561',b'6.1556563',b'758.39655',b'728.3485',b'6.1176314',b'751.9757',b'700.8424',b'-153.72586',b'753.50995',b'707.01666',b'77.207855',b'783.49835',b'719.5813',b'-36.11821',b'785.22675',b'720.0727',b'30.932472',b'808.4705',b'652.9792',b'-244.77905',b'819.06244',b'639.72845',b'213.36742',b'817.2908',b'749.4369',b'-260.89526',b'856.1477',b'712.96045',b'372.88498',b'774.0172',b'784.3329',b'-48.477238',b'803.60614',b'765.2989',b'439.21964',b'744.6523',b'794.706',b'-56.151554',b'780.72845',b'766.6571',b'461.9309',b'745.73755',b'781.1137',b'-50.76825',b'774.8619',b'772.1323',b'441.69513',b'756.5008',b'776.32916',b'-40.219254',b'783.64496',b'774.249',b'429.25107',b'1055.6387',b'644.6863',b'-147.94244',b'1052.2205',b'648.3461',b'148.03102',b'1229.8529',b'699.99414',b'-138.1082',b'1221.1958',b'690.11285',b'163.7064',b'1416.9526',b'694.9003',b'-114.73125',b'1386.8989',b'681.2468',b'210.39355',b'1447.8129',b'677.0089',b'-114.653465',b'1420.888',b'666.934',b'211.22159',b'1411.0607',b'765.30566',b'-187.73839',b'1384.5461',b'749.7175',b'152.56438'
image_028.jpg,b'647.84283',b'719.8733',b'10.352617',b'631.9116',b'713.28015',b'-24.494024',b'631.2997',b'711.02264',b'-24.556803',b'630.56177',b'708.6203',b'-24.55966',b'631.6707',b'714.43494',b'25.570627',b'630.9908',b'713.22534',b'25.549353',b'630.1942',b'711.88007',b'25.477144',b'633.22656',b'689.9419',b'-113.680016',b'633.6898',b'695.6567',b'111.87816',b'660.41785',b'713.5642',b'-16.93639',b'660.52924',b'715.73676',b'48.680256',b'701.88745',b'653.31775',b'-232.53561',b'718.0641',b'649.7767',b'244.274',b'757.649',b'656.1112',b'-473.71985',b'795.8118',b'653.286',b'423.2449',b'755.7987',b'771.01385',b'-621.849',b'784.9586',b'725.9165',b'525.2679',b'733.13324',b'786.77246',b'-673.9581',b'771.0707',b'730.0354',b'556.48804',b'725.4241',b'780.2855',b'-629.8532',b'765.535',b'742.8076',b'514.9991',b'733.03906',b'774.3963',b'-605.74414',b'770.5586',b'744.1058',b'508.56296',b'945.91266',b'655.72736',b'-147.01732',b'950.73083',b'677.59546',b'147.13412',b'1122.1158',b'686.14526',b'-161.36475',b'1111.8076',b'700.4912',b'99.11108',b'1297.7607',b'689.2833',b'-140.61014',b'1273.4556',b'690.9709',b'137.54031',b'1326.364',b'672.75616',b'-142.65056',b'1301.3788',b'673.19934',b'135.12442',b'1332.6704',b'766.7981',b'-260.5095',b'1302.7927',b'760.8597',b'43.46449'
image_029.jpg,b'647.00397',b'697.88367',b'20.149143',b'631.4855',b'689.3768',b'-15.894828',b'631.2777',b'686.8881',b'-15.932307',b'630.97253',b'684.36273',b'-15.908638',b'630.7391',b'690.63586',b'34.37564',b'630.09033',b'689.1293',b'34.354057',b'629.42426',b'687.5522',b'34.29056',b'635.8094',b'664.5666',b'-107.999435',b'634.6611',b'669.3355',b'116.66416',b'659.9262',b'692.4933',b'-7.8748655',b'659.91187',b'694.811',b'57.46382',b'706.71155',b'638.82715',b'-231.32478',b'718.20624',b'630.4239',b'252.92055',b'764.99744',b'656.2647',b'-437.92972',b'805.35004',b'651.851',b'418.17517',b'752.09155',b'775.49207',b'-563.9565',b'776.8172',b'711.95734',b'518.6464',b'731.9071',b'795.6496',b'-614.7381',b'758.79926',b'714.41943',b'553.3223',b'724.6077',b'783.86725',b'-573.36725',b'752.9479',b'726.56036',b'515.83923',b'731.0613',b'778.0523',b'-549.02325',b'759.3507',b'728.14526',b'504.61218',b'945.22675',b'658.9514',b'-156.51204',b'945.8896',b'656.54626',b'156.5223',b'1127.3259',b'694.3183',b'-162.04335',b'1111.7859',b'685.9532',b'162.65373',b'1308.84',b'697.07385',b'-152.45837',b'1277.6604',b'680.12195',b'198.8418',b'1337.5024',b'680.3507',b'-153.73141',b'1302.4252',b'665.61194',b'198.01627',b'1333.0703',b'772.61536',b'-256.31378',b'1316.771',b'736.7628',b'123.1516'
image_030.jpg,b'675.8371',b'700.0478',b'-39.24895',b'661.73535',b'690.7994',b'-67.67518',b'661.4188',b'688.9196',b'-67.75686',b'661.0796',b'686.8918',b'-67.85621',b'661.3549',b'690.7006',b'-24.521004',b'660.7606',b'688.7934',b'-24.534952',b'660.11456',b'686.71375',b'-24.545053',b'666.2342',b'666.9226',b'-144.57277',b'665.3039',b'666.9425',b'49.56749',b'688.92834',b'694.10614',b'-61.874386',b'688.16943',b'694.393',b'-5.6441574',b'747.24493',b'647.9701',b'-227.81075',b'747.86383',b'640.47424',b'175.5459',b'795.1899',b'684.9077',b'-393.3263',b'799.4778',b'692.2747',b'327.78143',b'757.66205',b'782.40454',b'-485.82498',b'768.8154',b'742.49426',b'426.25864',b'738.4563',b'795.97003',b'-527.7254',b'750.1277',b'740.3649',b'458.90546',b'729.31226',b'788.9577',b'-488.54434',b'742.7598',b'750.1985',b'436.00992',b'736.6115',b'783.66705',b'-471.53122',b'748.04395',b'761.19196',b'417.51962',b'937.26245',b'675.47864',b'-119.09111',b'936.2004',b'659.8574',b'119.07526',b'1005.7925',b'689.86456',b'-10.672383',b'1014.7849',b'683.6136',b'254.77301',b'1049.4661',b'621.718',b'42.65569',b'1051.8873',b'625.4628',b'273.8306',b'1055.1226',b'608.026',b'51.90717',b'1057.794',b'612.589',b'278.1609',b'1064.7556',b'614.1109',b'35.147503',b'1062.854',b'629.80707',b'239.73695'
image_031.jpg,b'676.74915',b'686.3072',b'-124.70442',b'664.17334',b'677.14264',b'-152.9091',b'664.0337',b'675.044',b'-152.9645',b'663.8779',b'672.79517',b'-153.05643',b'663.6333',b'677.32623',b'-108.56271',b'663.15045',b'675.44464',b'-108.62531',b'662.59827',b'673.44574',b'-108.64069',b'669.952',b'652.3263',b'-223.16852',b'668.2047',b'653.73584',b'-21.739458',b'693.0074',b'679.00653',b'-143.80086',b'691.46234',b'679.4405',b'-85.51353',b'761.2976',b'637.9477',b'-289.93536',b'753.5009',b'627.00665',b'118.601',b'811.6238',b'702.56036',b'-445.7416',b'782.8799',b'693.1029',b'244.17297',b'765.4277',b'783.4146',b'-549.26135',b'760.0803',b'762.58264',b'283.30103',b'743.4852',b'798.01483',b'-600.9771',b'734.26306',b'778.17615',b'308.47308',b'736.968',b'788.9286',b'-561.601',b'730.9088',b'780.2088',b'273.5359',b'745.06494',b'784.3979',b'-536.2967',b'742.02423',b'777.06744',b'268.3809',b'950.245',b'682.5002',b'-132.18929',b'940.97906',b'658.007',b'132.00032',b'1053.9557',b'680.2142',b'-21.94321',b'1032.2917',b'644.78534',b'328.26605',b'1055.754',b'584.6708',b'50.467514',b'1048.2759',b'576.3045',b'357.9408',b'1050.0575',b'571.14514',b'63.086765',b'1048.894',b'564.2082',b'365.36737',b'1071.9175',b'559.1997',b'66.88622',b'1059.3195',b'577.073',b'352.71634'
image_032.jpg,b'675.85175',b'709.0121',b'-152.59024',b'661.8301',b'700.3919',b'-179.05037',b'661.65765',b'698.3704',b'-179.1106',b'661.52124',b'696.2204',b'-179.2686',b'661.43335',b'700.84546',b'-136.48354',b'660.9515',b'699.0724',b'-136.4783',b'660.4462',b'697.1104',b'-136.4785',b'668.0777',b'676.2509',b'-239.62419',b'666.0161',b'677.79395',b'-48.653484',b'689.844',b'703.92993',b'-169.14905',b'688.674',b'704.8443',b'-114.05933',b'756.9302',b'656.50684',b'-302.46948',b'745.1344',b'646.0598',b'73.72692',b'802.99414',b'711.50726',b'-465.19376',b'815.85986',b'651.3729',b'261.85303',b'755.1784',b'782.84265',b'-603.4178',b'825.4747',b'654.8115',b'399.11157',b'730.5636',b'797.4431',b'-663.6963',b'821.2007',b'643.3473',b'433.27597',b'723.7044',b'790.148',b'-635.5805',b'813.33844',b'651.14984',b'406.15015',b'732.317',b'785.10913',b'-596.915',b'815.5324',b'658.8002',b'392.25693',b'926.64435',b'663.3007',b'-121.39456',b'910.8589',b'655.0648',b'121.46048',b'1025.489',b'721.9924',b'-150.93185',b'1006.8572',b'689.55865',b'219.39343',b'1085.836',b'638.26215',b'36.181923',b'1078.6282',b'628.97156',b'335.60223',b'1093.6843',b'615.71735',b'59.40506',b'1087.291',b'613.4586',b'349.2822',b'1096.5757',b'644.8572',b'60.367405',b'1098.7008',b'635.9812',b'324.01132'
image_033.jpg,b'675.75116',b'715.07043',b'-114.08291',b'662.7694',b'705.94775',b'-146.84811',b'662.5977',b'704.0634',b'-146.97105',b'662.4005',b'702.02783',b'-147.1391',b'662.26917',b'705.9896',b'-104.6597',b'661.7427',b'704.2051',b'-104.64754',b'661.13556',b'702.3287',b'-104.66194',b'666.3556',b'680.1216',b'-225.15729',b'664.605',b'681.326',b'-35.339718',b'688.51154',b'710.8786',b'-134.67557',b'688.17285',b'711.1505',b'-79.83249',b'742.85645',b'676.9386',b'-284.15106',b'752.01227',b'643.87634',b'89.039505',b'786.52106',b'683.09924',b'-462.84146',b'809.8934',b'653.29315',b'280.23492',b'758.7064',b'778.22363',b'-620.9619',b'793.5195',b'666.4931',b'428.11316',b'737.10876',b'787.8373',b'-679.19824',b'781.63525',b'655.55096',b'455.96527',b'730.72974',b'781.40405',b'-649.51117',b'772.0681',b'664.3228',b'435.29572',b'738.27423',b'776.4057',b'-612.2114',b'777.0593',b'672.4173',b'422.7473',b'942.81366',b'686.6675',b'-114.38852',b'937.2117',b'669.325',b'114.35031',b'1046.3939',b'698.7651',b'4.1198516',b'1036.8075',b'678.50104',b'278.12482',b'1161.7607',b'637.3133',b'153.634',b'1094.911',b'621.59424',b'440.26154',b'1180.9937',b'614.61475',b'169.12338',b'1106.4094',b'605.3146',b'457.60153',b'1182.0006',b'668.2941',b'114.561485',b'1100.8259',b'641.6912',b'419.99054'
image_034.jpg,b'681.29285',b'720.43286',b'-10.522723',b'667.3207',b'711.9472',b'-40.89148',b'667.15845',b'710.0538',b'-41.004547',b'666.9569',b'707.96716',b'-41.125957',b'666.83344',b'712.24786',b'4.589654',b'666.3552',b'710.60034',b'4.629628',b'665.8048',b'708.76495',b'4.5874386',b'670.716',b'687.1449',b'-122.36999',b'669.1857',b'688.5504',b'81.474846',b'692.7692',b'715.73615',b'-33.900013',b'693.0461',b'716.28015',b'25.232136',b'749.166',b'680.1045',b'-215.56537',b'765.7021',b'652.2798',b'202.838',b'785.3002',b'710.3673',b'-412.6817',b'839.7688',b'664.06335',b'391.09235',b'753.0339',b'784.7735',b'-596.9074',b'843.0686',b'669.57587',b'533.8164',b'725.66693',b'793.645',b'-659.60767',b'834.99664',b'653.48694',b'572.54974',b'723.1149',b'785.978',b'-625.21765',b'825.7173',b'664.03076',b'546.80414',b'732.3671',b'781.7459',b'-588.25366',b'828.5334',b'673.6159',b'527.0796',b'961.5028',b'683.1501',b'-127.7436',b'959.6629',b'670.1107',b'127.68716',b'1103.7905',b'719.0218',b'-155.40317',b'1089.2871',b'698.26733',b'152.51099',b'1233.2969',b'681.73535',b'-115.03265',b'1210.969',b'674.171',b'198.14122',b'1257.9136',b'662.0144',b'-109.754395',b'1233.0856',b'660.5343',b'203.06075',b'1243.3947',b'715.19336',b'-159.71387',b'1230.161',b'707.6239',b'155.36328'
image_035.jpg,b'684.4997',b'699.3266',b'-9.193547',b'670.9685',b'691.4415',b'-40.21702',b'670.531',b'689.5001',b'-40.346504',b'670.09973',b'687.41156',b'-40.478054',b'670.52594',b'691.5442',b'3.7186773',b'669.7634',b'689.68463',b'3.7654004',b'668.9796',b'687.7249',b'3.7578065',b'673.71027',b'665.98425',b'-119.88972',b'672.62683',b'667.65326',b'75.742485',b'697.5613',b'693.0992',b'-32.425552',b'697.102',b'693.5967',b'24.447424',b'758.4858',b'643.3377',b'-206.05118',b'758.63293',b'642.9647',b'199.67503',b'791.42377',b'691.0445',b'-373.96274',b'800.6389',b'689.903',b'368.26822',b'755.4183',b'780.1646',b'-501.62732',b'770.5528',b'732.4108',b'485.0282',b'731.93335',b'793.6668',b'-553.3217',b'749.64935',b'726.291',b'518.0503',b'726.0006',b'786.7134',b'-519.51385',b'743.57605',b'736.17053',b'494.32892',b'734.3547',b'781.67834',b'-491.0344',b'753.40765',b'750.4585',b'477.1011',b'953.52386',b'670.5974',b'-120.733154',b'948.6546',b'663.1367',b'120.76295',b'1088.5717',b'707.4879',b'-175.18108',b'1049.8727',b'696.51385',b'161.66881',b'1243.4176',b'667.39984',b'-183.14252',b'1160.477',b'654.515',b'229.42723',b'1266.6395',b'647.3311',b'-183.42624',b'1179.8068',b'638.1814',b'236.30847',b'1274.7338',b'697.62054',b'-248.26656',b'1181.5928',b'684.0989',b'200.05978'
image_036.jpg,b'650.7639',b'725.91235',b'1.5087419',b'636.80896',b'718.4451',b'-35.48114',b'636.34607',b'716.834',b'-35.523525',b'635.856',b'715.0794',b'-35.524162',b'637.381',b'718.4156',b'19.549803',b'637.3904',b'716.84924',b'19.536282',b'637.35785',b'715.0871',b'19.453632',b'642.20807',b'697.8045',b'-132.73845',b'642.8165',b'696.6992',b'114.753525',b'665.4717',b'722.323',b'-27.314049',b'665.9646',b'721.65546',b'44.535744',b'707.215',b'677.1261',b'-255.60442',b'730.2152',b'636.0041',b'266.67358',b'796.4789',b'660.47266',b'-534.2445',b'824.0745',b'605.4007',b'463.57028',b'777.37555',b'759.9463',b'-761.7745',b'790.24896',b'688.29926',b'608.5787',b'749.2251',b'771.07776',b'-825.5739',b'769.2194',b'689.4125',b'651.75525',b'742.5956',b'764.88367',b'-778.3627',b'762.244',b'707.1695',b'618.8431',b'748.9376',b'759.20123',b'-747.0967',b'770.4783',b'709.666',b'598.0281',b'963.4598',b'676.5833',b'-175.4805',b'961.61554',b'655.19275',b'175.4923',b'1141.3645',b'706.24176',b'-173.75311',b'1124.5474',b'694.20856',b'234.67357',b'1318.6846',b'697.24677',b'-162.06593',b'1276.1364',b'683.2247',b'312.64316',b'1349.3151',b'682.24927',b'-163.5846',b'1308.3906',b'666.3012',b'317.04224',b'1336.8629',b'779.4586',b'-259.37573',b'1295.066',b'755.2646',b'259.70593'
image_037.jpg,b'674.52325',b'691.8529',b'-11.880953',b'658.66516',b'685.32526',b'-49.579086',b'658.22406',b'683.5131',b'-49.65217',b'657.7316',b'681.5909',b'-49.66623',b'657.9618',b'685.63135',b'-1.9345785',b'657.1598',b'684.1815',b'-1.9465997',b'656.35004',b'682.67664',b'-2.0040686',b'659.31946',b'662.4277',b'-139.69426',b'658.94073',b'664.9229',b'76.02363',b'687.0125',b'688.34814',b'-35.614456',b'686.9562',b'689.3041',b'27.077335',b'717.415',b'637.86505',b'-242.51512',b'730.815',b'608.2754',b'215.4637',b'738.2847',b'705.33527',b'-474.5062',b'766.5547',b'662.64465',b'441.79657',b'729.23346',b'766.97363',b'-615.08734',b'740.1842',b'719.51526',b'622.84705',b'701.77136',b'771.4953',b'-665.0215',b'727.28424',b'715.86914',b'666.9478',b'702.73553',b'760.59064',b'-640.77026',b'723.2508',b'713.9132',b'635.8173',b'712.15686',b'758.09955',b'-608.822',b'730.8113',b'719.07513',b'613.27356',b'971.5963',b'685.47894',b'-148.63733',b'972.9902',b'661.48175',b'148.44464',b'1146.157',b'697.9177',b'-127.5345',b'1134.7521',b'691.93567',b'174.23772',b'1320.4332',b'694.7862',b'-88.069435',b'1289.713',b'686.7657',b'236.56956',b'1348.4811',b'678.1562',b'-86.165054',b'1319.8411',b'672.4109',b'239.01236',b'1346.8213',b'762.9597',b'-170.6883',b'1319.9954',b'742.1262',b'174.7268'
image_038.jpg,b'675.41907',b'672.9599',b'22.929684',b'658.5591',b'667.2561',b'-14.808456',b'657.7501',b'665.0594',b'-14.844998',b'656.9633',b'662.7164',b'-14.823122',b'658.4628',b'668.08777',b'29.127249',b'657.6188',b'666.63214',b'29.11706',b'656.8116',b'665.0373',b'29.064194',b'659.9061',b'642.9262',b'-114.819336',b'660.0697',b'646.41205',b'81.869545',b'686.0902',b'665.3939',b'-5.6751714',b'686.13446',b'666.40424',b'51.304523',b'717.72687',b'624.45764',b'-208.33844',b'736.6029',b'590.62775',b'209.78041',b'745.3306',b'721.89435',b'-216.6049',b'782.6551',b'673.47144',b'332.2593',b'732.81506',b'766.4295',b'-89.35322',b'747.1263',b'719.0883',b'381.16898',b'708.5487',b'772.42224',b'-100.70735',b'726.6117',b'729.3598',b'399.79803',b'706.5494',b'759.33685',b'-94.468475',b'723.2153',b'728.3983',b'376.55826',b'715.02545',b'756.94916',b'-81.912254',b'731.4111',b'726.94403',b'370.50922',b'967.6147',b'665.493',b'-138.10664',b'964.368',b'642.53094',b'137.96747',b'1143.2623',b'690.29803',b'-135.82477',b'1123.477',b'677.90076',b'155.35088',b'1324.0494',b'695.5638',b'-144.30643',b'1278.5112',b'676.3459',b'213.33856',b'1353.5295',b'678.72217',b'-147.55759',b'1299.1858',b'668.9658',b'216.5981',b'1343.028',b'772.3431',b'-231.51869',b'1299.6621',b'733.7675',b'171.50931'
image_039.jpg,b'671.64014',b'716.3654',b'14.985245',b'655.26843',b'711.03125',b'-25.490568',b'654.3932',b'709.441',b'-25.516472',b'653.36896',b'707.8119',b'-25.476198',b'655.1271',b'710.5662',b'28.027317',b'654.3672',b'708.6691',b'28.00267',b'653.62036',b'706.81024',b'27.949385',b'654.45935',b'689.7134',b'-124.09166',b'656.3316',b'690.6919',b'119.15319',b'683.89594',b'711.5195',b'-12.748735',b'684.42554',b'711.0681',b'57.74514',b'709.16595',b'656.3866',b'-251.92955',b'725.148',b'630.2941',b'265.08194',b'744.98975',b'706.4177',b'-547.18756',b'785.1872',b'658.6809',b'508.41916',b'731.27277',b'768.32104',b'-745.175',b'764.5498',b'717.6857',b'680.2642',b'700.76166',b'773.583',b'-808.3115',b'751.29956',b'722.23456',b'725.64014',b'701.08105',b'765.6647',b'-768.81714',b'746.6157',b'730.1836',b'679.838',b'710.3462',b'762.52325',b'-734.2138',b'751.3923',b'732.03644',b'664.7899',b'959.6718',b'688.06366',b'-169.31577',b'964.2509',b'677.93695',b'169.23524',b'1135.5663',b'700.18604',b'-177.07846',b'1121.994',b'700.32745',b'170.00414',b'1315.9873',b'690.83673',b'-161.09882',b'1282.695',b'694.25525',b'227.47028',b'1341.0371',b'670.6834',b'-161.70433',b'1312.3258',b'668.3746',b'228.97414',b'1362.5935',b'760.2995',b'-272.61484',b'1319.668',b'744.7013',b'149.77855'
image_040.jpg,b'669.17',b'663.4387',b'-4.6954417',b'654.1784',b'655.9434',b'-40.773552',b'653.3571',b'653.33344',b'-40.83069',b'652.59656',b'650.65436',b'-40.84019',b'654.3202',b'657.26025',b'5.397207',b'653.59076',b'655.702',b'5.410544',b'652.935',b'654.07007',b'5.3797193',b'656.15533',b'630.3848',b'-133.22238',b'657.0651',b'633.5361',b'73.125854',b'682.6151',b'655.3966',b'-30.566204',b'683.4002',b'656.94415',b'29.371328',b'720.03467',b'610.54095',b'-225.03758',b'743.12555',b'582.9647',b'211.71335',b'750.5289',b'704.01373',b'-279.9845',b'800.2162',b'666.42725',b'346.8848',b'734.64734',b'770.4554',b'-214.73036',b'753.48914',b'719.9775',b'397.27063',b'706.8307',b'774.5846',b'-238.7152',b'731.8849',b'721.997',b'416.3319',b'704.73474',b'765.3872',b'-224.62369',b'728.8694',b'722.59045',b'391.67267',b'713.93475',b'761.46436',b'-206.27483',b'737.2635',b'723.0553',b'385.63593',b'968.39655',b'654.6691',b'-138.1884',b'968.92035',b'628.3002',b'138.16734',b'1136.4774',b'694.64246',b'-117.98077',b'1132.7761',b'677.7571',b'149.21147',b'1317.5061',b'702.0088',b'-78.30091',b'1281.7997',b'675.0068',b'208.19914',b'1344.8026',b'683.741',b'-77.41983',b'1313.9539',b'662.4333',b'211.07204',b'1345.2981',b'761.1163',b'-159.29065',b'1311.801',b'724.14185',b'149.84297'
image_041.jpg,b'668.4501',b'712.47974',b'-7.3590198',b'651.23303',b'706.6517',b'-44.31922',b'650.3096',b'704.4932',b'-44.351738',b'649.2083',b'702.23',b'-44.330997',b'650.9542',b'707.5023',b'7.102856',b'649.98914',b'706.0353',b'7.082415',b'648.94434',b'704.51196',b'7.0359316',b'650.6751',b'681.84314',b'-134.11041',b'651.6393',b'687.25024',b'97.93701',b'681.7351',b'706.69763',b'-32.92953',b'682.1173',b'708.1723',b'34.46145',b'709.8162',b'643.2157',b'-255.43196',b'722.4115',b'628.06964',b'246.06662',b'746.1953',b'671.0524',b'-524.92676',b'780.62665',b'665.5533',b'460.70007',b'736.0781',b'765.85236',b'-695.59106',b'760.0382',b'724.667',b'602.9382',b'705.9408',b'769.68787',b'-755.38',b'730.8045',b'733.2236',b'645.2568',b'704.6584',b'764.25256',b'-707.3635',b'729.11554',b'727.5935',b'602.0475',b'713.50146',b'761.7861',b'-679.27954',b'736.3419',b'728.41345',b'587.7731',b'957.43335',b'672.1847',b'-167.16327',b'956.17285',b'669.48145',b'167.11926',b'1133.3618',b'700.3726',b'-155.82529',b'1116.9757',b'692.86096',b'202.05371',b'1310.7875',b'696.8082',b'-125.490875',b'1276.7845',b'687.6978',b'280.3009',b'1334.4081',b'677.3902',b'-124.14322',b'1301.8524',b'666.579',b'284.17688',b'1353.606',b'766.5217',b'-225.31601',b'1317.6162',b'736.7931',b'211.06354'
image_043.jpg,b'698.9173',b'638.9828',b'-84.21198',b'696.07764',b'622.02826',b'-110.98001',b'698.1211',b'620.6245',b'-111.03166',b'700.429',b'619.0121',b'-111.039314',b'695.6396',b'621.3705',b'-57.99903',b'696.9676',b'619.6497',b'-57.999725',b'698.35016',b'617.6208',b'-57.955605',b'722.0336',b'609.31055',b'-167.52081',b'719.1329',b'606.8154',b'70.8799',b'716.54443',b'644.3058',b'-100.46529',b'715.69794',b'644.0247',b'-31.327383',b'798.95056',b'629.75085',b'-295.43387',b'817.613',b'605.6296',b'242.36578',b'848.6948',b'673.0794',b'-554.4978',b'872.78235',b'668.8468',b'458.7673',b'806.8439',b'765.3137',b'-741.73126',b'826.672',b'731.40137',b'620.8665',b'774.9853',b'776.4385',b'-806.61255',b'800.5236',b'728.3987',b'667.9604',b'772.7671',b'763.7559',b'-773.894',b'797.2061',b'731.4975',b'634.2586',b'783.1676',b'759.197',b'-734.21625',b'805.75037',b'732.53375',b'610.24927',b'1055.6001',b'675.8911',b'-174.15778',b'1054.7616',b'649.10455',b'174.02841',b'1237.41',b'710.5318',b'-173.08887',b'1228.7268',b'682.9088',b'208.44641',b'1417.6119',b'692.06683',b'-140.87683',b'1385.2925',b'665.5483',b'278.98874',b'1447.6089',b'677.42395',b'-140.68257',b'1420.2932',b'655.9751',b'281.48972',b'1418.3059',b'758.7841',b'-242.31354',b'1379.3246',b'730.24634',b'218.00264'
image_044.jpg,b'698.2004',b'648.42065',b'-63.464626',b'694.9795',b'631.04803',b'-90.689674',b'697.00793',b'629.5641',b'-90.74638',b'699.1223',b'627.9597',b'-90.74648',b'694.47076',b'630.75134',b'-38.3323',b'695.8184',b'629.22375',b'-38.362457',b'697.1677',b'627.4028',b'-38.342796',b'719.0706',b'618.42755',b'-153.22548',b'717.1745',b'616.4675',b'83.08448',b'715.2301',b'652.7978',b'-81.793724',b'714.22736',b'653.0897',b'-13.461995',b'795.01715',b'637.36017',b'-280.74313',b'812.1047',b'614.0465',b'244.72792',b'846.85297',b'671.79706',b'-526.4738',b'872.88245',b'669.8853',b'441.83273',b'815.69147',b'768.51416',b'-707.20496',b'831.8654',b'736.06396',b'574.5907',b'785.21234',b'774.6901',b'-770.19336',b'803.7094',b'735.56396',b'614.51385',b'783.20325',b'763.8216',b'-737.3694',b'800.00256',b'739.4134',b'576.0211',b'791.7891',b'761.3313',b'-699.4193',b'808.7822',b'739.20715',b'560.7671',b'1049.9058',b'681.0846',b'-173.13893',b'1049.2671',b'657.69385',b'173.00127',b'1233.2662',b'708.2898',b'-173.53065',b'1225.473',b'687.6433',b'190.14325',b'1416.6277',b'693.16504',b'-134.50742',b'1386.4795',b'673.2275',b'247.3029',b'1443.953',b'675.42737',b'-133.68404',b'1416.6956',b'658.62476',b'247.73581',b'1429.8568',b'756.5654',b'-240.08185',b'1394.1075',b'733.41046',b'174.00757'
image_045.jpg,b'697.26056',b'667.5612',b'-49.06399',b'689.80426',b'652.586',b'-78.344154',b'690.9132',b'650.86334',b'-78.381134',b'692.2625',b'649.0778',b'-78.39374',b'689.5331',b'652.0545',b'-26.466114',b'690.3678',b'649.9362',b'-26.49466',b'691.4728',b'647.4659',b'-26.477812',b'710.29175',b'636.2272',b'-148.4024',b'711.2054',b'632.2204',b'84.5989',b'714.29834',b'669.80536',b'-69.69131',b'712.61224',b'669.48785',b'-2.1932964',b'789.93933',b'653.6876',b'-265.18042',b'807.5123',b'622.43634',b'241.1214',b'857.76166',b'685.3222',b'-516.39636',b'882.26373',b'667.5957',b'451.0158',b'819.7368',b'766.19806',b'-711.1958',b'834.75354',b'718.3286',b'619.5935',b'792.35583',b'772.475',b'-772.5576',b'813.1105',b'722.423',b'663.1476',b'790.2221',b'761.0906',b'-737.3062',b'808.7091',b'723.30194',b'630.9863',b'796.3114',b'759.0709',b'-702.26074',b'811.11115',b'733.34595',b'609.5678',b'1039.066',b'695.4797',b'-161.92311',b'1042.1008',b'668.78766',b'161.78282',b'1227.7543',b'714.719',b'-145.5493',b'1223.7937',b'691.61334',b'169.30383',b'1409.6348',b'696.0928',b'-102.002975',b'1388.3723',b'670.41565',b'227.02332',b'1435.2954',b'675.8521',b'-100.09314',b'1415.429',b'654.9741',b'227.70544',b'1428.6946',b'757.9663',b'-200.35788',b'1407.4397',b'733.25665',b'150.4145'
image_046.jpg,b'660.3767',b'633.77405',b'-49.71167',b'657.3301',b'618.7646',b'-82.185005',b'658.49243',b'617.44196',b'-82.27812',b'659.7395',b'616.0011',b'-82.361786',b'657.4397',b'617.32446',b'-34.975147',b'658.676',b'615.0738',b'-35.000694',b'659.995',b'612.5788',b'-35.036835',b'677.05225',b'605.136',b'-161.87195',b'676.5233',b'600.5911',b'47.836853',b'677.6626',b'639.2672',b'-73.47896',b'676.4708',b'637.5407',b'-12.94094',b'755.41595',b'629.5081',b'-262.88153',b'766.4166',b'594.47797',b'201.28387',b'838.31744',b'670.9908',b'-328.99918',b'832.4336',b'632.13074',b'331.6042',b'795.6281',b'763.6761',b'-303.6504',b'802.75806',b'708.5176',b'359.23923',b'769.24603',b'770.9794',b'-340.4796',b'784.1678',b'710.92523',b'375.9405',b'764.5802',b'761.7126',b'-318.6977',b'781.65826',b'715.15546',b'339.8987',b'772.5344',b'758.33356',b'-293.04242',b'787.8334',b'715.5473',b'343.68973',b'1000.71533',b'673.4033',b'-144.7373',b'983.4928',b'649.4826',b'144.6283',b'1186.7994',b'693.2711',b'-128.49191',b'1079.6041',b'656.1823',b'324.52087',b'1333.9081',b'670.11536',b'-85.42062',b'1156.2084',b'600.64795',b'485.83105',b'1346.2047',b'664.62445',b'-83.09721',b'1166.6821',b'586.11505',b'500.65063',b'1336.6936',b'721.83044',b'-173.97153',b'1173.8773',b'615.11835',b'488.55743'
image_047.jpg,b'649.99274',b'687.4441',b'-30.421526',b'645.70953',b'671.1203',b'-60.582996',b'647.184',b'669.745',b'-60.65283',b'648.89935',b'668.1454',b'-60.703224',b'646.4717',b'670.316',b'-6.934277',b'648.1327',b'668.32733',b'-6.927921',b'649.88617',b'665.7797',b'-6.9478045',b'668.21356',b'659.15454',b'-135.7199',b'668.92163',b'652.7318',b'104.573524',b'665.60535',b'693.2131',b'-52.971516',b'665.4551',b'692.3662',b'16.622444',b'746.8087',b'676.2911',b'-263.44647',b'765.13855',b'643.8889',b'271.1776',b'837.2578',b'668.0968',b'-525.24426',b'848.52313',b'646.2172',b'498.95258',b'796.6016',b'759.76483',b'-744.69574',b'817.8019',b'712.68256',b'691.8661',b'767.0248',b'769.3998',b'-805.5221',b'788.5509',b'716.0008',b'745.67065',b'761.9685',b'762.101',b'-762.7222',b'786.771',b'723.59985',b'716.12213',b'770.394',b'758.2453',b'-732.3027',b'792.8221',b'724.8532',b'684.06366',b'999.7181',b'688.2647',b'-169.81047',b'1000.73315',b'669.149',b'169.81335',b'1183.8766',b'698.9539',b'-180.75449',b'1171.4397',b'686.1696',b'158.43211',b'1372.5518',b'681.9242',b'-157.10216',b'1333.5488',b'674.71075',b'212.49373',b'1396.66',b'668.8228',b'-156.87592',b'1369.1235',b'664.1141',b'213.31007',b'1364.3386',b'759.2569',b'-260.15598',b'1345.0269',b'737.5164',b'137.18427'
image_048.jpg,b'657.6179',b'630.49084',b'-73.63014',b'654.28033',b'614.5682',b'-102.9698',b'655.85474',b'613.2846',b'-103.06584',b'657.4918',b'611.74146',b'-103.17191',b'654.71875',b'614.0564',b'-56.52837',b'656.4332',b'612.4487',b'-56.558224',b'658.0597',b'610.3296',b'-56.591267',b'676.8249',b'604.04144',b'-176.53763',b'675.4255',b'599.98553',b'31.190226',b'673.6665',b'636.4218',b'-95.977554',b'672.89795',b'635.66486',b'-36.075584',b'749.1135',b'628.5317',b'-270.01395',b'762.11926',b'595.71985',b'177.31505',b'829.84814',b'672.65607',b'-365.35138',b'827.6789',b'648.2926',b'310.24396',b'797.5122',b'765.28796',b'-401.95132',b'805.61707',b'715.48517',b'353.53946',b'773.12024',b'772.4993',b'-448.88098',b'789.1733',b'713.8923',b'378.54752',b'768.3823',b'763.84534',b'-417.2436',b'787.40356',b'716.84503',b'339.21567',b'777.87115',b'761.1196',b'-389.97806',b'792.24786',b'717.6715',b'338.0331',b'960.3075',b'673.25305',b'-146.45074',b'958.53424',b'649.96533',b'146.39514',b'1086.1749',b'690.6203',b'-123.12474',b'1064.025',b'660.2148',b'268.89188',b'1208.4819',b'639.5264',b'-31.106104',b'1134.0813',b'617.6516',b'384.9772',b'1223.1971',b'622.9153',b'-20.753439',b'1144.2694',b'606.2441',b'396.42255',b'1238.4734',b'652.4313',b'-69.891045',b'1145.7772',b'631.5883',b'371.43494'
image_049.jpg,b'652.88544',b'682.85394',b'-14.854265',b'647.9078',b'668.2513',b'-45.304443',b'649.2435',b'666.86664',b'-45.360123',b'650.789',b'665.31177',b'-45.384827',b'647.5088',b'667.3526',b'9.84058',b'648.50385',b'665.2186',b'9.839786',b'649.7699',b'662.57544',b'9.833586',b'666.9381',b'655.52826',b'-120.31978',b'669.1066',b'647.7261',b'126.21753',b'667.76984',b'687.22205',b'-37.437943',b'666.46594',b'686.80945',b'33.976814',b'743.541',b'673.21906',b'-259.89493',b'763.5736',b'641.28784',b'294.7459',b'827.9297',b'674.68427',b'-537.9537',b'842.7502',b'642.1483',b'519.8686',b'797.96765',b'760.6637',b'-773.66583',b'814.3017',b'717.1036',b'705.99084',b'774.5591',b'770.7001',b'-838.4122',b'789.24365',b'720.3372',b'763.35345',b'767.9984',b'762.8405',b'-793.0155',b'767.2832',b'729.1729',b'729.13715',b'774.7993',b'760.49414',b'-760.88165',b'793.7552',b'726.15796',b'696.7698',b'1002.2792',b'686.41766',b'-183.11887',b'1000.1168',b'669.8921',b'183.10214',b'1189.7734',b'703.0484',b'-218.59654',b'1170.117',b'688.5015',b'202.96638',b'1375.5903',b'686.45996',b'-226.76352',b'1328.9346',b'676.1684',b'267.69174',b'1401.8096',b'670.4363',b'-229.05362',b'1363.8916',b'664.0532',b'269.98468',b'1372.468',b'761.62305',b'-334.29285',b'1342.9431',b'741.1452',b'201.74435'
image_050.jpg,b'652.7841',b'674.3368',b'-35.95537',b'647.6443',b'659.8092',b'-62.66822',b'648.99115',b'658.4906',b'-62.753334',b'650.40265',b'657.02576',b'-62.865593',b'647.9496',b'659.3099',b'-16.288626',b'649.36237',b'657.5887',b'-16.295046',b'650.7228',b'655.5257',b'-16.304928',b'668.4032',b'646.7621',b'-131.9018',b'666.8934',b'642.77795',b'72.99442',b'668.64874',b'679.57227',b'-57.608425',b'667.7116',b'678.7312',b'1.7613425',b'744.1015',b'666.42224',b'-228.77388',b'763.90186',b'622.12585',b'208.84442',b'827.062',b'667.5856',b'-434.8409',b'832.5681',b'652.2274',b'381.41394',b'795.929',b'759.3531',b'-628.38336',b'812.42975',b'703.99646',b'522.2448',b'772.83386',b'767.96655',b'-686.4398',b'792.9589',b'702.4838',b'563.8929',b'767.5826',b'760.5166',b'-646.5506',b'791.3063',b'709.1874',b'533.3895',b'774.2633',b'757.396',b'-616.3823',b'795.4368',b'714.986',b'513.1557',b'967.0307',b'690.77905',b'-129.2307',b'962.598',b'664.48834',b'129.18452',b'1126.3037',b'701.65656',b'-115.381744',b'1065.1002',b'667.7978',b'250.44577',b'1279.1611',b'667.09705',b'-87.8049',b'1108.9117',b'608.5828',b'406.81726',b'1303.6885',b'651.34686',b'-85.36056',b'1116.7412',b'593.51904',b'422.9962',b'1300.96',b'688.045',b'-148.81242',b'1113.3722',b'622.17194',b'419.52084'
image_051.jpg,b'657.89716',b'642.1983',b'-23.16556',b'653.5851',b'625.7717',b'-53.060776',b'654.96985',b'624.32135',b'-53.14993',b'656.3839',b'622.6496',b'-53.25166',b'654.2942',b'624.9174',b'-6.3512354',b'656.0456',b'622.88055',b'-6.371597',b'657.6636',b'620.3806',b'-6.3810077',b'675.2093',b'613.8924',b'-129.67514',b'674.95575',b'609.11115',b'78.45659',b'673.45105',b'647.2558',b'-46.486313',b'672.9941',b'646.2726',b'13.568836',b'746.2693',b'635.5896',b'-235.28215',b'770.5363',b'600.7664',b'223.41563',b'824.701',b'669.0957',b'-356.0744',b'840.06915',b'627.6531',b'380.04617',b'798.9919',b'762.3332',b'-413.78482',b'811.7235',b'708.1011',b'459.9556',b'774.2341',b'766.7094',b'-458.6902',b'793.139',b'709.26483',b'488.6237',b'770.36804',b'757.4064',b'-432.0055',b'790.6969',b'714.8516',b'452.50253',b'778.8119',b'754.3393',b'-402.98517',b'795.57117',b'715.62054',b'445.99997',b'974.2075',b'673.05054',b'-140.22118',b'972.38983',b'655.5554',b'140.1591',b'1133.1627',b'694.5081',b'-139.65503',b'1077.5015',b'659.84644',b'262.633',b'1291.8878',b'656.48895',b'-103.77204',b'1100.3186',b'578.04285',b'426.04617',b'1312.3158',b'643.52',b'-100.12052',b'1100.8597',b'563.14056',b'443.9152',b'1328.4098',b'670.3649',b'-162.71027',b'1109.4496',b'573.94867',b'448.54996'
image_052.jpg,b'655.669',b'649.2826',b'11.666133',b'651.8054',b'633.49023',b'-19.401218',b'653.3347',b'632.1354',b'-19.45883',b'655.06586',b'630.529',b'-19.49261',b'652.5718',b'632.5132',b'31.447502',b'654.2785',b'630.51556',b'31.455019',b'655.93994',b'628.00464',b'31.44869',b'673.9472',b'621.27234',b'-98.65777',b'673.0694',b'616.0387',b'126.93945',b'671.7173',b'654.19196',b'-12.624027',b'671.3112',b'653.2925',b'52.665245',b'749.0735',b'643.337',b'-224.0405',b'763.9696',b'615.4799',b'280.3064',b'824.45734',b'672.0426',b'-415.46307',b'832.38513',b'647.22345',b'464.00403',b'797.13007',b'759.8376',b'-544.5053',b'812.3885',b'714.1482',b'608.0378',b'772.6325',b'767.57574',b'-593.2063',b'789.8391',b'714.7082',b'653.97095',b'769.4445',b'756.39',b'-558.5248',b'788.25635',b'717.66473',b'625.5702',b'776.32007',b'752.98456',b'-532.8419',b'794.9442',b'717.91705',b'599.4258',b'987.5459',b'677.3873',b'-157.20892',b'990.39484',b'658.3476',b'157.1158',b'1178.3376',b'696.45636',b'-187.22075',b'1147.2661',b'691.6833',b'150.40729',b'1351.6134',b'686.20996',b'-184.01158',b'1306.3706',b'688.5874',b'176.02322',b'1359.255',b'664.5354',b'-183.4489',b'1345.895',b'671.41113',b'175.33176',b'1345.025',b'735.54645',b'-265.92294',b'1333.25',b'738.0191',b'109.61936'
image_053.jpg,b'653.1893',b'692.991',b'0.7395617',b'648.10767',b'678.6213',b'-29.583086',b'649.49994',b'677.2593',b'-29.646204',b'651.0558',b'675.7609',b'-29.683073',b'648.2534',b'677.56714',b'21.177486',b'649.56824',b'675.3629',b'21.175161',b'651.0537',b'672.63477',b'21.127707',b'667.9186',b'665.835',b'-105.376076',b'669.0072',b'658.21265',b'120.10573',b'669.90717',b'697.0969',b'-22.005123',b'669.09863',b'696.05853',b'43.27169',b'748.6615',b'680.59607',b'-233.88351',b'767.0383',b'637.53595',b'279.79346',b'822.89667',b'677.03723',b'-498.26123',b'835.6847',b'639.6417',b'488.42444',b'793.7611',b'760.23334',b'-705.2924',b'809.5942',b'707.46844',b'674.3252',b'768.23145',b'768.2882',b'-760.21375',b'787.79675',b'710.79913',b'726.9917',b'763.44',b'760.61725',b'-716.68024',b'769.9682',b'725.66315',b'701.7753',b'770.7708',b'758.16675',b'-691.99817',b'778.25226',b'730.0533',b'668.32385',b'1002.76556',b'686.348',b'-160.51254',b'998.78015',b'666.40784',b'160.44212',b'1179.4263',b'702.28986',b'-197.96938',b'1166.0955',b'696.55255',b'141.5009',b'1359.7362',b'686.52454',b'-201.8433',b'1337.6128',b'685.0824',b'171.06108',b'1368.666',b'667.24945',b'-203.40958',b'1358.6418',b'670.18005',b'169.66132',b'1358.2593',b'754.4061',b'-292.4632',b'1351.9249',b'747.2421',b'98.833916'
image_054.jpg,b'729.519',b'644.8061',b'-27.159426',b'721.7753',b'628.1236',b'-60.01621',b'723.3022',b'625.9628',b'-60.070118',b'725.0366',b'623.6579',b'-60.084',b'720.723',b'628.25226',b'-11.103952',b'721.3084',b'626.3368',b'-11.057579',b'722.10284',b'624.0976',b'-11.024001',b'742.686',b'609.4551',b'-136.69919',b'739.839',b'609.24805',b'81.30881',b'749.42346',b'646.12897',b'-48.830643',b'747.07526',b'646.5297',b'14.360121',b'817.4795',b'627.56476',b'-255.51466',b'837.3884',b'603.36993',b'236.93765',b'809.1485',b'717.8663',b'-356.72742',b'862.41327',b'676.6308',b'402.58954',b'785.80316',b'779.78094',b'-290.82425',b'815.014',b'727.02875',b'461.2956',b'759.6465',b'796.3178',b'-321.68646',b'796.7618',b'727.9449',b'480.22772',b'750.4463',b'772.0849',b'-307.30188',b'797.42236',b'733.987',b'445.98575',b'769.6679',b'777.6182',b'-283.4176',b'799.1006',b'734.9159',b'445.76108',b'1061.9479',b'685.18506',b'-160.42015',b'1062.5901',b'656.9112',b'160.32205',b'1253.4822',b'709.6335',b'-158.46123',b'1250.7217',b'677.5881',b'161.71571',b'1436.4908',b'690.63184',b'-141.10005',b'1409.4648',b'670.6285',b'204.4097',b'1468.7034',b'675.83466',b'-142.85365',b'1447.2189',b'660.2899',b'204.22266',b'1446.8423',b'759.64764',b'-247.01794',b'1412.6179',b'730.2308',b'138.43826'
image_055.jpg,b'725.69916',b'648.2136',b'-54.772854',b'718.6006',b'632.29926',b'-86.13373',b'720.17444',b'630.4296',b'-86.187325',b'721.8342',b'628.34296',b'-86.209045',b'717.5355',b'632.17584',b'-35.722645',b'718.2185',b'630.3209',b'-35.704823',b'718.9701',b'628.20483',b'-35.6484',b'740.96075',b'614.13275',b'-159.44301',b'737.58624',b'613.54645',b'67.80382',b'744.32605',b'650.2993',b'-75.80909',b'742.2533',b'650.7804',b'-10.154287',b'819.6027',b'627.1346',b'-273.21866',b'834.18787',b'614.3211',b'220.16727',b'808.17194',b'706.4116',b'-416.2743',b'857.09973',b'680.4184',b'407.1381',b'776.38354',b'784.9624',b'-393.83246',b'804.47394',b'736.69507',b'494.37653',b'756.7607',b'800.21045',b'-430.673',b'782.194',b'737.4574',b'515.5824',b'740.6266',b'777.0613',b'-414.07922',b'776.6791',b'742.9675',b'482.28555',b'760.20044',b'786.15314',b'-387.38916',b'784.48785',b'745.5975',b'479.8043',b'1064.9482',b'686.72546',b'-160.59143',b'1065.557',b'673.2974',b'160.39415',b'1258.0654',b'700.2192',b'-157.30945',b'1247.9746',b'687.2939',b'168.98766',b'1446.6864',b'687.6589',b'-125.77466',b'1414.4003',b'677.8473',b'220.75993',b'1470.829',b'672.51544',b'-125.32953',b'1450.5671',b'664.811',b'221.45256',b'1450.025',b'755.01965',b'-232.10542',b'1423.2148',b'740.4988',b'147.7917'
image_056.jpg,b'730.29224',b'669.937',b'-107.04866',b'721.5583',b'654.76685',b'-133.2113',b'722.9094',b'652.62305',b'-133.27484',b'724.2001',b'650.4082',b'-133.28815',b'719.7961',b'655.5409',b'-89.122475',b'719.98096',b'654.0746',b'-89.103165',b'720.28265',b'652.41956',b'-89.103615',b'741.08795',b'635.05383',b'-179.08202',b'737.0934',b'637.08215',b'20.53288',b'753.12085',b'672.38007',b'-117.61694',b'749.86176',b'673.61664',b'-59.57153',b'820.6173',b'644.8654',b'-270.32922',b'832.87836',b'627.15314',b'167.84366',b'832.92004',b'703.26636',b'-499.3689',b'854.8307',b'682.21954',b'384.12164',b'805.877',b'771.0961',b'-628.67896',b'817.87286',b'734.28595',b'527.2918',b'784.1305',b'788.21655',b'-679.6817',b'800.7836',b'736.20905',b'556.64886',b'773.38354',b'773.7089',b'-662.01184',b'795.9465',b'741.73724',b'523.9881',b'782.1527',b'771.51855',b'-626.07166',b'802.1772',b'744.9206',b'515.6103',b'1066.8374',b'688.78705',b'-148.30836',b'1065.3445',b'674.16583',b'148.08887',b'1257.0889',b'702.64166',b'-143.15012',b'1249.846',b'687.339',b'157.1982',b'1435.4391',b'688.2853',b'-126.195404',b'1409.7601',b'677.7897',b'200.26527',b'1466.0916',b'673.1862',b'-128.49461',b'1449.0878',b'663.75507',b'198.61127',b'1452.0516',b'759.4467',b'-241.04848',b'1418.2788',b'742.1478',b'123.23626'
image_057.jpg,b'727.5097',b'649.07465',b'-29.962309',b'718.9487',b'634.03064',b'-62.738922',b'720.2208',b'632.2473',b'-62.789955',b'721.64294',b'630.2829',b'-62.794434',b'718.34735',b'633.81934',b'-13.080233',b'719.08856',b'631.99744',b'-13.058391',b'719.8982',b'629.94305',b'-13.020876',b'739.8034',b'615.62823',b'-138.67119',b'737.434',b'614.6511',b'84.42531',b'745.79517',b'650.4904',b'-50.905212',b'744.1642',b'650.2768',b'13.768213',b'819.69165',b'623.93353',b'-248.0742',b'836.0437',b'604.61597',b'234.36899',b'841.9637',b'683.9184',b'-442.545',b'869.79755',b'665.06165',b'434.91772',b'801.99725',b'780.5018',b'-533.55695',b'822.41833',b'721.4811',b'556.8345',b'779.1261',b'796.913',b'-582.87854',b'806.86346',b'718.3116',b'588.16644',b'774.6515',b'787.11554',b'-557.37665',b'808.2757',b'723.53217',b'553.8311',b'782.62885',b'781.16406',b'-525.79736',b'815.1012',b'725.42737',b'543.912',b'1062.7719',b'686.68146',b'-156.28017',b'1064.246',b'664.52423',b'156.11742',b'1254.7616',b'704.3244',b'-154.37463',b'1245.0486',b'681.596',b'157.9166',b'1436.8297',b'685.2466',b'-132.7406',b'1409.7985',b'674.7348',b'203.46255',b'1469.3248',b'670.25085',b'-133.87476',b'1446.9827',b'661.45386',b'203.89894',b'1445.6808',b'754.63574',b'-239.07137',b'1415.571',b'736.02563',b'128.17142'
image_058.jpg,b'729.7218',b'641.57446',b'-61.057755',b'721.1863',b'625.5182',b'-90.84159',b'722.45276',b'623.53577',b'-90.89683',b'723.8205',b'621.412',b'-90.89281',b'720.5199',b'625.37427',b'-40.37865',b'721.1822',b'623.5003',b'-40.352726',b'721.84595',b'621.4185',b'-40.32076',b'742.08276',b'606.9832',b'-157.23128',b'738.933',b'606.7922',b'69.15012',b'748.85016',b'642.24023',b'-79.48794',b'747.37775',b'642.51825',b'-13.832429',b'823.24756',b'621.2328',b'-269.5816',b'839.8187',b'602.69635',b'221.8655',b'825.66003',b'702.6968',b'-467.036',b'869.18787',b'668.5546',b'411.92545',b'794.5008',b'782.0385',b'-554.27014',b'824.473',b'721.2712',b'505.40497',b'771.0727',b'798.15564',b'-607.7149',b'808.30786',b'725.86316',b'532.07526',b'764.81635',b'791.24194',b'-581.9999',b'805.5053',b'725.0826',b'494.33762',b'774.8241',b'782.09045',b'-547.10175',b'811.5602',b'726.52893',b'490.27588',b'1065.5488',b'687.2618',b'-158.93437',b'1065.3252',b'666.1411',b'158.79005',b'1254.8677',b'701.24634',b'-147.6472',b'1248.4795',b'684.12213',b'166.91873',b'1434.609',b'688.8909',b'-119.80612',b'1410.7773',b'678.30457',b'225.72371',b'1463.1681',b'674.2611',b'-120.972374',b'1447.86',b'666.0383',b'226.90474',b'1446.8289',b'756.8727',b'-232.3824',b'1416.3903',b'737.0445',b'150.38318'
image_059.jpg,b'736.29364',b'650.05817',b'-1.5409478',b'725.49146',b'635.4132',b'-35.09356',b'726.28955',b'633.02167',b'-35.14375',b'727.2188',b'630.40094',b'-35.150055',b'724.7602',b'635.99255',b'13.48752',b'725.00336',b'634.152',b'13.530142',b'725.28455',b'631.9803',b'13.539583',b'743.688',b'613.38324',b'-112.0199',b'740.58325',b'614.5486',b'102.87708',b'757.4327',b'649.2278',b'-23.156837',b'756.21356',b'650.35516',b'39.245075',b'822.0579',b'623.9569',b'-230.00095',b'839.4231',b'603.3755',b'254.81357',b'834.84955',b'727.55',b'-296.72128',b'870.15894',b'679.04956',b'357.7968',b'786.93256',b'784.271',b'-186.54605',b'827.43915',b'738.92267',b'337.91708',b'758.59814',b'799.016',b'-210.781',b'803.4095',b'738.8627',b'344.83472',b'757.522',b'786.05194',b'-193.25076',b'804.86',b'733.2996',b'312.35413',b'765.8282',b'779.7986',b'-176.64458',b'804.77',b'745.1864',b'320.24966',b'1069.7952',b'669.3878',b'-152.39163',b'1071.0709',b'652.7175',b'152.3147',b'1255.5048',b'699.47015',b'-150.37053',b'1247.1874',b'684.1218',b'148.93736',b'1435.8383',b'686.3772',b'-130.85123',b'1413.6935',b'678.7288',b'186.00732',b'1469.7771',b'669.31757',b'-132.2501',b'1445.3202',b'662.9972',b'185.04573',b'1450.748',b'757.0305',b'-235.62837',b'1424.0437',b'743.00214',b'114.55507'
image_060.jpg,b'737.1082',b'678.01086',b'-40.68598',b'725.213',b'663.59216',b'-71.034',b'725.96594',b'661.36194',b'-71.10047',b'726.8602',b'658.8521',b'-71.12053',b'724.1359',b'664.41406',b'-26.191727',b'724.1456',b'662.7874',b'-26.165289',b'724.1866',b'660.8956',b'-26.160229',b'742.60486',b'641.48645',b'-138.55518',b'739.12616',b'643.69116',b'63.455864',b'759.34283',b'678.98035',b'-59.269375',b'757.84064',b'680.91486',b'-0.5852535',b'822.4285',b'641.136',b'-233.50949',b'834.7583',b'636.2995',b'193.392',b'844.1243',b'688.08417',b'-430.95096',b'872.93005',b'687.612',b'376.14667',b'800.8103',b'774.6417',b'-520.30945',b'824.2533',b'742.28687',b'486.66385',b'776.68524',b'789.8512',b'-562.1378',b'801.9182',b'742.6026',b'510.30328',b'777.45105',b'776.78326',b'-536.7155',b'796.71295',b'749.4016',b'479.47156',b'785.1518',b'769.7387',b'-512.47345',b'804.05865',b'752.3439',b'473.9505',b'1065.3242',b'691.28094',b'-140.99231',b'1064.0021',b'692.2858',b'140.8587',b'1253.1746',b'702.33777',b'-149.48613',b'1245.2766',b'695.6124',b'141.36208',b'1428.918',b'685.8828',b'-136.93367',b'1407.8824',b'679.63214',b'174.92908',b'1461.0437',b'669.03125',b'-139.33614',b'1440.1616',b'663.10144',b'172.3745',b'1445.5775',b'758.98175',b'-251.64534',b'1413.1947',b'745.08624',b'93.82705'
image_061.jpg,b'738.08374',b'678.697',b'-40.366722',b'726.2773',b'663.47327',b'-69.7334',b'727.12805',b'661.2398',b'-69.81028',b'728.0663',b'658.8518',b'-69.83859',b'725.0908',b'664.16516',b'-25.462992',b'725.14514',b'662.40704',b'-25.42943',b'725.19995',b'660.5111',b'-25.423422',b'744.43384',b'641.8302',b'-135.51309',b'740.54785',b'644.17194',b'64.17024',b'760.7635',b'679.97015',b'-58.620808',b'758.95416',b'681.6593',b'-0.6226334',b'822.8178',b'646.9552',b'-232.37051',b'836.1589',b'634.66516',b'189.44543',b'836.17035',b'698.3048',b'-439.14044',b'875.69586',b'686.6252',b'380.64728',b'798.9718',b'779.89246',b'-524.84503',b'833.3793',b'741.9354',b'490.6466',b'775.66077',b'794.65796',b'-568.55145',b'812.93085',b'742.9094',b'511.6399',b'774.7291',b'781.2182',b'-544.8228',b'807.68646',b'749.446',b'478.59866',b'779.1564',b'777.49286',b'-518.59546',b'814.1421',b'752.34393',b'476.99832',b'1063.9315',b'694.7899',b'-140.84761',b'1062.0011',b'690.04877',b'140.74907',b'1249.6095',b'704.0956',b'-160.47493',b'1239.3601',b'694.31366',b'132.87036',b'1431.6201',b'687.35736',b'-156.37651',b'1409.6587',b'677.9424',b'157.37766',b'1463.471',b'668.70953',b'-159.06387',b'1443.0437',b'660.7732',b'154.1634',b'1443.875',b'759.52356',b'-271.53967',b'1416.0194',b'745.0112',b'74.58735'
image_062.jpg,b'740.1573',b'679.5593',b'-34.34706',b'726.7847',b'664.96515',b'-64.95561',b'727.6585',b'662.7073',b'-65.02695',b'728.65814',b'660.30585',b'-65.05107',b'725.59436',b'665.9823',b'-19.84133',b'725.6456',b'664.3998',b'-19.824673',b'725.74817',b'662.71606',b'-19.832136',b'743.95215',b'643.2617',b'-134.41528',b'740.94086',b'645.2316',b'68.42554',b'761.708',b'680.1922',b'-53.55145',b'760.4362',b'682.2385',b'5.4090576',b'821.14',b'645.4929',b'-231.37932',b'836.9837',b'633.1699',b'199.40486',b'845.38745',b'686.16187',b'-443.8931',b'872.58136',b'689.40466',b'384.58392',b'794.4376',b'779.3812',b'-552.2947',b'823.9594',b'746.75183',b'500.60367',b'770.70703',b'794.54175',b'-597.0435',b'801.13104',b'746.4292',b'527.18286',b'768.74347',b'782.9718',b'-567.6812',b'795.7778',b'754.2311',b'495.12137',b'774.4849',b'777.9242',b'-543.5335',b'803.35406',b'757.82477',b'487.82175',b'1065.0028',b'696.4334',b'-142.90823',b'1063.7504',b'689.63806',b'142.77257',b'1254.0745',b'702.67053',b'-139.58203',b'1245.6783',b'693.90796',b'144.34633',b'1431.415',b'687.23926',b'-126.89296',b'1407.3323',b'677.98737',b'185.8354',b'1462.7383',b'670.1147',b'-129.50505',b'1441.2231',b'661.92096',b'184.66866',b'1443.8999',b'758.3783',b'-244.014',b'1413.8301',b'742.4522',b'105.26672'
image_063.jpg,b'663.51843',b'638.46796',b'-32.434666',b'660.54407',b'623.15186',b'-59.718285',b'662.3879',b'622.25244',b'-59.829716',b'664.4038',b'621.19116',b'-59.90285',b'660.3962',b'622.1322',b'-12.290466',b'661.9819',b'620.51355',b'-12.281264',b'663.6983',b'618.5896',b'-12.237724',b'683.8971',b'614.6112',b'-130.48447',b'683.4231',b'609.9091',b'81.55747',b'678.74805',b'643.9076',b'-55.27221',b'677.4204',b'642.9469',b'5.8872457',b'753.76636',b'646.5179',b'-248.67262',b'771.7927',b'607.91626',b'228.2999',b'836.8846',b'662.57965',b'-417.9965',b'847.7799',b'611.9418',b'402.75577',b'804.3701',b'754.41925',b'-529.45105',b'816.5116',b'697.21063',b'534.74713',b'779.0502',b'764.2609',b'-578.46124',b'797.2517',b'700.10364',b'572.5949',b'774.78174',b'754.554',b'-547.11786',b'794.13806',b'706.4072',b'537.7894',b'782.81824',b'751.2805',b'-517.9586',b'799.2494',b'707.8101',b'522.91583',b'988.21783',b'689.4811',b'-148.04405',b'976.9834',b'672.54083',b'148.03622',b'1151.9431',b'697.59894',b'-163.83476',b'1086.3119',b'669.70984',b'277.15897',b'1308.9679',b'664.9673',b'-161.64436',b'1163.4197',b'622.84357',b'398.09186',b'1328.4508',b'646.8138',b'-162.97615',b'1173.8745',b'610.1609',b'408.7354',b'1340.4371',b'718.14545',b'-265.01514',b'1182.4006',b'639.5863',b'382.9617'
image_064.jpg,b'664.9172',b'609.13995',b'-112.026245',b'665.9169',b'592.64746',b'-142.01903',b'668.21136',b'591.6137',b'-142.12593',b'670.6097',b'590.4881',b'-142.23288',b'664.8807',b'592.3229',b'-92.63174',b'666.3064',b'591.1126',b'-92.640396',b'667.85144',b'589.6226',b'-92.611916',b'689.7657',b'586.9761',b'-211.55768',b'687.9275',b'584.0349',b'10.79871',b'680.50946',b'616.63916',b'-133.39488',b'678.5005',b'615.9118',b'-69.399284',b'759.03687',b'626.1614',b'-306.92148',b'769.9773',b'596.18805',b'168.53677',b'835.21027',b'670.3097',b'-362.83878',b'839.9677',b'635.48694',b'281.01273',b'802.5179',b'760.5598',b'-352.47537',b'809.57416',b'713.5836',b'272.47992',b'778.4484',b'769.16595',b'-399.55035',b'789.9217',b'712.29364',b'285.09186',b'773.1944',b'759.9142',b'-377.3394',b'788.0282',b'714.8214',b'242.4714',b'779.9469',b'756.6099',b'-342.98285',b'795.312',b'715.75055',b'253.57266',b'983.31506',b'683.7625',b'-146.66492',b'971.53394',b'663.06836',b'146.619',b'1137.0889',b'679.72363',b'-134.72333',b'1074.7521',b'642.4662',b'325.10608',b'1291.6223',b'655.89996',b'-80.27229',b'1095.1227',b'564.9594',b'560.0743',b'1305.631',b'646.5247',b'-74.89216',b'1093.6011',b'552.85284',b'585.09344',b'1322.8655',b'684.9853',b'-154.61769',b'1104.872',b'557.1514',b'594.3456'
image_065.jpg,b'655.97534',b'657.46906',b'-20.87616',b'652.6287',b'642.0595',b'-49.967117',b'654.43115',b'640.555',b'-50.011616',b'656.50684',b'638.81415',b'-50.036636',b'652.00116',b'641.9024',b'0.7330461',b'653.2125',b'640.2592',b'0.71207327',b'654.6509',b'638.13354',b'0.7254481',b'675.345',b'630.56494',b'-121.867775',b'675.0489',b'626.64764',b'106.76396',b'671.6898',b'661.8129',b'-42.393414',b'669.41895',b'661.8464',b'23.533201',b'747.0262',b'656.02924',b'-245.9436',b'766.1173',b'625.6414',b'260.95465',b'832.9587',b'665.8966',b'-492.09845',b'841.07166',b'632.6269',b'478.1214',b'803.9323',b'756.309',b'-686.1804',b'820.0255',b'710.1901',b'660.0768',b'779.48517',b'767.98956',b'-742.49994',b'799.8396',b'713.75574',b'706.8997',b'773.6299',b'760.8874',b'-703.6517',b'797.37146',b'721.06433',b'674.98334',b'780.8985',b'757.2527',b'-674.8331',b'802.3616',b'721.39703',b'650.6544',b'997.7646',b'688.1835',b'-167.59319',b'992.3901',b'668.37646',b'167.47484',b'1180.5404',b'698.2178',b'-195.6426',b'1151.0482',b'679.61084',b'171.60956',b'1368.6461',b'677.19055',b'-190.00662',b'1306.5294',b'669.8573',b'223.55542',b'1392.5482',b'661.36755',b'-191.50215',b'1335.431',b'657.2529',b'224.22859',b'1366.7882',b'754.1048',b'-301.5701',b'1336.6971',b'738.7827',b'160.0332'
image_066.jpg,b'718.0058',b'642.79095',b'-75.484',b'713.86804',b'625.2324',b'-102.04986',b'715.5589',b'623.5777',b'-102.11512',b'717.37427',b'621.8686',b'-102.15488',b'713.6498',b'625.46014',b'-51.04607',b'715.0627',b'623.8956',b'-50.97636',b'716.5432',b'622.01355',b'-50.946243',b'736.8011',b'612.48236',b'-157.03096',b'734.32526',b'610.39343',b'69.42512',b'734.19617',b'647.0727',b'-90.29638',b'733.1274',b'647.2773',b'-24.508984',b'811.76056',b'638.37604',b'-273.14957',b'825.2838',b'608.49445',b'236.81708',b'826.6196',b'732.25305',b'-404.86652',b'862.92303',b'691.6219',b'359.2006',b'789.72156',b'792.90594',b'-423.62628',b'814.9562',b'753.9012',b'356.4154',b'763.6956',b'802.5225',b'-477.58325',b'790.77344',b'754.34076',b'372.1157',b'763.5011',b'791.4394',b'-458.76868',b'791.31775',b'754.58606',b'333.42953',b'771.32263',b'786.7498',b'-418.08658',b'793.6609',b'757.324',b'338.57965',b'1060.7017',b'658.5883',b'-160.89354',b'1065.2344',b'637.6622',b'160.88678',b'1252.6229',b'687.5156',b'-155.10278',b'1247.9601',b'664.3229',b'169.2329',b'1444.7367',b'690.8154',b'-119.82945',b'1416.8202',b'675.9918',b'217.90097',b'1471.12',b'682.3576',b'-120.661385',b'1454.9087',b'670.0661',b'217.85106',b'1440.9464',b'756.1377',b'-225.2263',b'1418.3214',b'732.6046',b'138.98903'
image_067.jpg,b'715.8736',b'664.5909',b'-41.988277',b'709.91876',b'647.30756',b'-73.0635',b'711.7569',b'645.2547',b'-73.122765',b'713.6775',b'643.01965',b'-73.15275',b'708.9805',b'647.17474',b'-20.334736',b'710.09827',b'645.01935',b'-20.300255',b'711.4382',b'642.3816',b'-20.248238',b'733.40356',b'630.51324',b'-147.0282',b'732.4735',b'627.57806',b'88.522095',b'734.1726',b'667.53705',b'-63.77942',b'731.79474',b'667.9095',b'4.478945',b'806.63983',b'648.3232',b'-268.65738',b'830.87756',b'619.6178',b'247.92996',b'824.32166',b'733.8045',b'-391.04666',b'871.60266',b'694.0615',b'399.469',b'789.19855',b'780.95483',b'-365.4101',b'823.1096',b'752.5438',b'438.09836',b'759.0614',b'792.56555',b'-408.16135',b'796.7344',b'757.211',b'458.3082',b'763.00885',b'781.1315',b'-392.9985',b'795.8436',b'757.163',b'418.92346',b'772.52844',b'774.90924',b'-359.86136',b'803.2227',b'756.68665',b'420.5122',b'1065.3007',b'679.02905',b'-168.54558',b'1064.3916',b'652.37',b'168.47255',b'1253.3063',b'700.31433',b'-171.67569',b'1247.236',b'676.45264',b'186.44704',b'1444.1975',b'693.5767',b'-148.12721',b'1416.9337',b'675.94977',b'231.57898',b'1472.922',b'679.76984',b'-149.23567',b'1454.0251',b'666.01196',b'231.65851',b'1440.7047',b'763.18024',b'-252.77678',b'1422.2552',b'735.3617',b'163.17072'
image_068.jpg,b'710.0702',b'675.5051',b'-32.23916',b'706.86554',b'658.9241',b'-63.504074',b'708.48663',b'656.8469',b'-63.56933',b'710.2609',b'654.58636',b'-63.570305',b'705.43085',b'659.49146',b'-10.072565',b'706.076',b'657.884',b'-10.0652275',b'706.8755',b'655.9283',b'-10.066452',b'730.81866',b'642.4207',b'-137.20222',b'730.0007',b'641.1304',b'102.847534',b'730.71576',b'680.8278',b'-54.30743',b'727.3327',b'681.3714',b'15.395561',b'803.62146',b'656.39044',b'-273.00177',b'825.23364',b'633.51337',b'256.12076',b'837.8477',b'678.2344',b'-557.5667',b'885.7774',b'675.0522',b'504.6148',b'817.8216',b'774.2136',b'-765.2917',b'851.33685',b'727.90234',b'709.7444',b'783.1144',b'787.4956',b'-829.13666',b'821.964',b'733.2363',b'762.51276',b'783.84155',b'775.0838',b'-792.1515',b'819.0397',b'733.84625',b'724.6792',b'794.5883',b'768.9966',b'-755.9856',b'831.51324',b'741.5157',b'698.9122',b'1059.0308',b'684.8481',b'-171.64731',b'1057.9648',b'669.3351',b'171.56174',b'1251.7657',b'702.16064',b'-177.30481',b'1243.6652',b'681.6415',b'181.60664',b'1433.2477',b'692.1506',b'-171.79747',b'1408.9352',b'678.1751',b'222.43289',b'1464.9963',b'679.08905',b'-174.54668',b'1442.5767',b'668.2945',b'221.53268',b'1433.3129',b'760.8157',b'-292.54166',b'1409.1003',b'740.26135',b'147.17375'
image_069.jpg,b'714.8985',b'653.9668',b'-42.0216',b'713.0201',b'635.4574',b'-72.76424',b'715.35046',b'633.5969',b'-72.822395',b'717.65125',b'631.62555',b'-72.79901',b'711.0078',b'636.16425',b'-22.911774',b'711.88324',b'634.8861',b'-22.935978',b'712.83057',b'633.4954',b'-22.964363',b'738.05145',b'622.38165',b'-141.23543',b'734.4672',b'623.1863',b'82.27623',b'736.8372',b'661.11597',b'-62.097687',b'733.2885',b'661.66547',b'2.9729266',b'810.2184',b'637.1546',b'-258.76248',b'834.96796',b'623.9432',b'221.59465',b'830.5925',b'685.30835',b'-469.2071',b'880.64294',b'671.9726',b'426.79895',b'812.03973',b'775.76746',b'-590.0546',b'845.32434',b'729.7641',b'561.5175',b'778.0498',b'789.997',b'-643.3403',b'821.2626',b'728.8041',b'598.0145',b'778.0459',b'777.3141',b'-616.3463',b'815.8031',b'734.80426',b'559.2678',b'787.0827',b'772.3849',b'-583.1607',b'825.058',b'734.8773',b'547.9674',b'1067.5762',b'663.3838',b'-155.12314',b'1073.2664',b'656.5869',b'155.04514',b'1253.2788',b'694.8567',b'-158.05057',b'1245.2463',b'682.5566',b'159.79466',b'1436.4634',b'691.8045',b'-156.23354',b'1411.6255',b'680.9025',b'196.11177',b'1467.6648',b'677.8638',b'-159.77026',b'1441.7534',b'670.1104',b'194.00128',b'1439.247',b'760.3751',b'-274.54205',b'1415.6733',b'743.1644',b'120.857895'
image_070.jpg,b'719.92804',b'687.54034',b'-57.333996',b'713.10913',b'670.78217',b'-88.41771',b'714.8298',b'668.6198',b'-88.469925',b'716.4465',b'666.33856',b'-88.46126',b'711.54486',b'671.78064',b'-34.47815',b'712.2214',b'670.4082',b'-34.471962',b'712.9495',b'668.7644',b'-34.496685',b'734.42786',b'653.8603',b'-162.58855',b'732.05615',b'654.5503',b'79.47318',b'740.54675',b'690.0913',b'-79.61673',b'738.3751',b'691.4097',b'-9.218742',b'806.3693',b'655.8693',b'-288.17993',b'825.1393',b'637.5574',b'228.18736',b'798.2123',b'733.0242',b'-562.4556',b'863.46295',b'691.1215',b'481.59824',b'777.32007',b'788.4467',b'-714.80396',b'829.0471',b'748.4794',b'661.7348',b'753.5487',b'803.0034',b'-778.93524',b'809.6785',b'747.819',b'707.6267',b'753.4813',b'790.29047',b'-747.7847',b'804.897',b'754.50446',b'667.7587',b'760.762',b'784.9503',b'-708.2768',b'811.27484',b'758.9666',b'648.80865',b'1064.817',b'666.67676',b'-167.76778',b'1062.2532',b'664.096',b'167.72041',b'1251.3074',b'692.3095',b'-166.59851',b'1242.1742',b'688.63336',b'181.72739',b'1428.5481',b'689.4223',b'-143.63614',b'1408.5231',b'684.4889',b'231.06291',b'1461.0098',b'676.20764',b'-145.53464',b'1440.7965',b'671.55524',b'230.47629',b'1435.6735',b'762.6292',b'-263.46127',b'1413.0176',b'751.0268',b'150.07217'
image_071.jpg,b'712.3945',b'675.998',b'-90.59448',b'706.1',b'658.6676',b'-119.13517',b'708.006',b'656.4515',b'-119.174736',b'710.02075',b'654.056',b'-119.163246',b'704.9532',b'658.92395',b'-67.38864',b'705.91644',b'656.95135',b'-67.37391',b'707.1218',b'654.50574',b'-67.36238',b'729.5436',b'640.68945',b'-184.77426',b'727.5526',b'639.2242',b'47.02567',b'732.2515',b'678.53125',b'-109.80851',b'729.0126',b'679.2732',b'-42.43169',b'807.99915',b'650.5916',b'-297.19318',b'828.5454',b'628.26013',b'201.16563',b'804.55035',b'730.5743',b'-525.0212',b'856.1813',b'681.9612',b'440.61334',b'775.9662',b'787.4706',b'-636.35',b'811.9171',b'742.2118',b'605.0948',b'752.72656',b'800.14886',b'-695.2724',b'789.8245',b'741.605',b'646.26556',b'751.6761',b'790.3352',b'-669.2923',b'785.28253',b'749.5707',b'608.0024',b'757.64246',b'783.0439',b'-630.67145',b'792.97473',b'753.85706',b'592.2644',b'1067.8156',b'669.1982',b'-162.9579',b'1066.2919',b'652.2472',b'162.8667',b'1251.4999',b'702.4468',b'-142.00945',b'1244.4727',b'681.62585',b'184.51389',b'1432.745',b'691.29083',b'-109.75769',b'1407.0863',b'675.78094',b'247.70691',b'1461.2817',b'676.02826',b'-110.45853',b'1438.5706',b'663.7328',b'248.96233',b'1433.5398',b'758.6847',b'-219.96901',b'1408.906',b'736.6838',b'175.89626'
image_072.jpg,b'709.57007',b'692.60333',b'-61.913673',b'703.19904',b'675.1307',b'-93.506905',b'704.95886',b'672.7479',b'-93.55772',b'706.6379',b'670.20953',b'-93.55549',b'701.93274',b'675.6949',b'-40.643036',b'702.7869',b'673.7323',b'-40.634396',b'703.741',b'671.347',b'-40.63713',b'724.7897',b'655.9917',b'-168.33109',b'722.9538',b'655.5069',b'68.485825',b'728.9337',b'694.2791',b'-84.542145',b'726.9126',b'695.5726',b'-15.551877',b'802.6546',b'659.11255',b'-287.65616',b'819.7604',b'641.6221',b'214.3889',b'822.7235',b'691.6104',b'-559.3527',b'860.26385',b'679.59735',b'477.45038',b'791.9972',b'781.16364',b'-731.92206',b'824.7761',b'737.7337',b'693.0474',b'765.6639',b'798.23724',b'-792.5787',b'806.65717',b'737.42334',b'742.50433',b'765.0378',b'786.4303',b'-762.4264',b'809.6376',b'737.25214',b'706.61017',b'772.7744',b'780.81006',b'-725.3224',b'812.87146',b'750.19556',b'682.8211',b'1065.1522',b'674.2234',b'-157.38461',b'1060.6775',b'667.1852',b'157.29279',b'1247.1737',b'700.8524',b'-149.86325',b'1239.2677',b'687.7003',b'171.16109',b'1427.6063',b'692.6404',b'-134.92789',b'1404.7422',b'679.892',b'214.36728',b'1457.425',b'677.7415',b'-136.99037',b'1434.3475',b'666.6179',b'213.09949',b'1428.5829',b'759.2022',b'-247.41972',b'1407.3523',b'741.50275',b'139.12968'
image_073.jpg,b'673.80524',b'664.117',b'-129.83455',b'671.1892',b'650.8838',b'-165.80083',b'672.8544',b'649.6432',b'-165.88547',b'674.70074',b'648.1538',b'-166.03787',b'670.62665',b'650.4225',b'-120.35156',b'671.71466',b'648.8908',b'-120.39964',b'672.8857',b'646.96655',b'-120.41293',b'692.49585',b'639.0283',b'-255.98125',b'689.9652',b'636.0243',b'-50.9632',b'688.3402',b'669.4986',b'-156.96962',b'686.7863',b'669.23926',b'-98.216354',b'772.31',b'668.2574',b'-322.15616',b'778.9977',b'609.2051',b'72.654816',b'839.6026',b'678.96173',b'-244.33107',b'848.64465',b'597.8255',b'192.32468',b'812.4589',b'742.3409',b'-3.492978',b'844.09283',b'657.7274',b'261.0837',b'821.75085',b'739.2556',b'-5.78613',b'842.5669',b'667.918',b'280.4947',b'792.6174',b'746.9108',b'9.473985',b'833.6217',b'672.5818',b'250.50764',b'801.17554',b'734.9747',b'10.684712',b'835.40314',b'672.7077',b'249.89099',b'970.15936',b'703.1139',b'-125.723045',b'962.1252',b'672.29364',b'125.692474',b'1066.5946',b'663.8243',b'-58.90363',b'1004.0251',b'677.8146',b'377.06827',b'1155.0548',b'562.542',b'52.944366',b'1028.3633',b'614.5179',b'541.1444',b'1166.6403',b'545.5339',b'68.43842',b'1034.502',b'601.9724',b'559.4942',b'1182.8394',b'546.863',b'50.6182',b'1027.168',b'622.2672',b'584.89856'
image_074.jpg,b'677.89417',b'608.42334',b'-74.97531',b'676.56903',b'591.8386',b'-105.26233',b'678.73694',b'590.6725',b'-105.338234',b'681.1042',b'589.38574',b'-105.40349',b'675.9985',b'591.1797',b'-53.580196',b'677.5493',b'589.5575',b'-53.576633',b'679.2501',b'587.6357',b'-53.544743',b'701.58325',b'583.63684',b'-180.00826',b'700.4328',b'579.74994',b'53.301216',b'694.4578',b'615.05505',b'-98.52765',b'692.59015',b'614.2616',b'-31.289549',b'781.3291',b'618.37555',b'-292.5315',b'792.1147',b'599.8924',b'209.50005',b'836.652',b'675.5126',b'-391.38754',b'839.69836',b'655.4544',b'280.7145',b'803.0075',b'785.9537',b'-416.65594',b'812.87714',b'720.1321',b'230.50479',b'778.3753',b'793.418',b'-469.04294',b'792.3863',b'720.57825',b'240.7536',b'773.54663',b'783.68744',b'-437.38904',b'790.1399',b'728.64746',b'191.86436',b'781.8208',b'781.4918',b'-405.14874',b'795.8735',b'729.4132',b'207.35349',b'1011.6776',b'682.0932',b'-158.67896',b'1005.56696',b'661.14795',b'158.55429',b'1203.1373',b'704.50964',b'-185.02548',b'1123.4557',b'661.74243',b'245.19284',b'1306.4857',b'624.83484',b'-110.396286',b'1183.6057',b'597.77924',b'325.95697',b'1309.1953',b'607.16705',b'-102.20552',b'1189.3726',b'584.2576',b'331.78036',b'1358.9824',b'626.13214',b'-174.73996',b'1202.0427',b'601.89813',b'287.95465'
image_075.jpg,b'677.8795',b'685.5896',b'-43.71552',b'673.06506',b'672.992',b'-72.777405',b'674.3492',b'671.63934',b'-72.73511',b'675.7774',b'670.02563',b'-72.739746',b'672.9293',b'671.8675',b'-24.14218',b'673.97943',b'669.78235',b'-24.113567',b'675.1625',b'667.151',b'-24.088852',b'690.82996',b'658.21716',b'-157.5234',b'690.8515',b'651.5415',b'65.41888',b'692.31085',b'689.1034',b'-69.95035',b'691.04785',b'688.07153',b'-6.108499',b'764.85913',b'676.2196',b'-253.54771',b'790.6589',b'631.9136',b'189.47168',b'831.61523',b'696.44653',b'-439.4331',b'846.25226',b'610.6102',b'363.03845',b'797.03845',b'772.5797',b'-568.9935',b'844.5826',b'648.5386',b'498.81207',b'773.9095',b'784.15845',b'-614.8387',b'842.21436',b'640.3805',b'545.0148',b'769.0907',b'773.7167',b'-576.59863',b'835.23694',b'651.0136',b'511.275',b'775.487',b'770.2735',b'-556.0777',b'837.16895',b'657.64636',b'488.9566',b'960.3869',b'684.105',b'-143.22856',b'963.364',b'653.0432',b'143.22246',b'983.5374',b'681.5262',b'-141.77087',b'1018.0862',b'657.1154',b'260.16077',b'953.2231',b'620.33606',b'-30.697628',b'979.9971',b'621.94507',b'296.643',b'945.5002',b'617.791',b'-9.231656',b'978.1796',b'620.8491',b'306.80014',b'949.12305',b'591.8817',b'37.44035',b'958.3077',b'610.16895',b'326.63315'
image_076.jpg,b'677.45905',b'675.01935',b'-106.011375',b'672.459',b'660.27625',b'-138.41699',b'673.5775',b'658.8324',b'-138.47852',b'674.79614',b'657.1412',b'-138.58841',b'672.5456',b'659.8336',b'-91.65995',b'673.5183',b'658.11017',b'-91.66536',b'674.40735',b'656.0181',b'-91.65267',b'691.8679',b'645.53656',b'-216.1995',b'690.30615',b'642.8081',b'-5.9328504',b'691.9415',b'679.1554',b'-128.54736',b'690.54846',b'678.285',b'-68.00008',b'774.251',b'661.5258',b'-296.56836',b'794.0808',b'619.20715',b'136.66278',b'818.80054',b'676.8808',b'-448.59354',b'853.12067',b'612.04364',b'340.40167',b'799.93506',b'767.5187',b'-541.3918',b'847.00806',b'650.78284',b'513.06134',b'782.0869',b'782.923',b'-588.5729',b'842.26086',b'646.3854',b'553.5653',b'776.85846',b'772.35077',b'-562.2805',b'833.3132',b'654.1487',b'526.38226',b'781.23065',b'768.99664',b'-532.3502',b'835.37366',b'660.1189',b'506.336',b'996.59454',b'685.2276',b'-134.44894',b'992.9892',b'656.4887',b'134.35974',b'1170.3989',b'690.0443',b'-122.19485',b'1090.7323',b'645.3321',b'276.61618',b'1310.6267',b'639.0291',b'-67.12484',b'1150.9016',b'585.11584',b'416.78534',b'1326.9594',b'623.0629',b'-60.788254',b'1161.6001',b'571.52625',b'429.63104',b'1350.2769',b'653.43536',b'-133.72012',b'1161.2522',b'592.954',b'398.29697'
image_077.jpg,b'676.0335',b'667.9248',b'-82.78804',b'672.0134',b'653.9807',b'-114.33773',b'673.5438',b'652.3266',b'-114.39199',b'675.2061',b'650.5195',b'-114.449196',b'671.3825',b'653.65234',b'-65.60646',b'672.426',b'651.75287',b'-65.63284',b'673.67957',b'649.4555',b'-65.629974',b'692.14417',b'639.2407',b'-189.98346',b'693.0381',b'634.8287',b'29.776344',b'692.04254',b'671.9571',b'-104.96587',b'689.2863',b'671.60925',b'-41.427',b'770.04675',b'662.2845',b'-290.6083',b'792.5159',b'623.9998',b'182.13503',b'817.3412',b'671.8823',b'-546.7996',b'822.13855',b'659.1535',b'397.15417',b'793.4628',b'777.0203',b'-764.32465',b'807.7733',b'723.26953',b'598.3564',b'770.83856',b'788.4851',b'-828.2215',b'788.4409',b'730.1447',b'651.38763',b'765.6766',b'780.12787',b'-787.44366',b'787.3645',b'736.1478',b'615.1062',b'770.9902',b'776.8407',b'-753.81995',b'784.38885',b'739.2752',b'588.6304',b'999.5747',b'679.4785',b'-144.8925',b'997.2719',b'654.9716',b'144.8225',b'1155.9082',b'668.0101',b'-167.22466',b'1139.0046',b'660.49677',b'157.95511',b'1270.3196',b'604.4481',b'-118.55398',b'1251.2141',b'636.2051',b'197.29036',b'1284.0464',b'588.5913',b'-111.59475',b'1270.9379',b'624.19415',b'199.16263',b'1297.9207',b'605.5035',b'-169.94815',b'1268.4546',b'663.7718',b'134.93217'
image_078.jpg,b'674.512',b'695.0263',b'6.7200313',b'669.2684',b'680.2101',b'-26.82011',b'670.1283',b'678.6398',b'-26.875586',b'671.0719',b'676.9082',b'-26.901217',b'668.7722',b'679.7283',b'24.614012',b'669.34985',b'677.7615',b'24.60237',b'670.1264',b'675.1992',b'24.549622',b'686.201',b'665.23975',b'-112.028595',b'689.0846',b'658.20526',b'116.87211',b'690.7939',b'699.8902',b'-18.615095',b'688.399',b'699.2018',b'47.70597',b'764.5293',b'678.23047',b'-233.96097',b'789.5441',b'635.04144',b'267.65692',b'818.64764',b'678.6535',b'-491.06284',b'845.0354',b'623.1976',b'461.8462',b'798.28845',b'773.98987',b'-681.8904',b'815.0642',b'702.22723',b'634.5169',b'769.55634',b'787.94714',b'-737.2472',b'795.3304',b'700.7553',b'683.52795',b'765.6432',b'780.07306',b'-691.14307',b'792.1505',b'714.8789',b'652.104',b'772.9067',b'775.834',b'-667.69',b'800.07056',b'720.2348',b'625.5214',b'1018.6734',b'691.1256',b'-151.6904',b'1019.7825',b'664.01886',b'151.65753',b'1204.6694',b'710.54486',b'-157.00282',b'1184.5995',b'685.01654',b'124.982086',b'1388.7407',b'690.46643',b'-132.2468',b'1368.6917',b'683.9383',b'153.64717',b'1393.8761',b'673.7768',b'-131.68323',b'1387.7397',b'673.2876',b'151.19572',b'1380.878',b'760.4343',b'-219.43336',b'1373.8411',b'750.6875',b'64.0124'
image_079.jpg,b'671.5734',b'695.7879',b'-1.8708808',b'666.8312',b'682.35016',b'-35.018',b'668.20496',b'680.903',b'-35.06584',b'669.8013',b'679.41547',b'-35.10256',b'665.9907',b'681.8898',b'13.756206',b'666.65356',b'680.16864',b'13.736849',b'667.4944',b'678.23254',b'13.671183',b'686.3061',b'667.9588',b'-120.1362',b'685.8443',b'663.491',b'97.258156',b'687.819',b'700.2473',b'-27.143162',b'685.13605',b'699.79285',b'35.711536',b'770.8313',b'680.802',b'-225.34792',b'788.8705',b'636.34076',b'237.67717',b'832.70416',b'691.3077',b'-437.6548',b'843.48517',b'613.8763',b'419.13336',b'799.84283',b'772.6917',b'-587.4097',b'824.20514',b'687.86523',b'580.09064',b'777.1765',b'783.94165',b'-635.4039',b'809.8002',b'686.8662',b'621.83044',b'771.12256',b'774.2394',b'-599.10767',b'807.2279',b'699.37195',b'591.9407',b'778.0252',b'769.1093',b'-576.1428',b'813.79114',b'704.4075',b'571.39685',b'1013.3138',b'692.10486',b'-151.4819',b'1014.5138',b'661.7826',b'151.34045',b'1200.6318',b'709.92126',b'-187.71936',b'1170.5259',b'695.23413',b'118.184326',b'1385.7194',b'691.07623',b'-195.76274',b'1338.719',b'692.2573',b'134.18132',b'1392.2496',b'673.33984',b'-197.11288',b'1372.6055',b'677.28687',b'131.71902',b'1378.3798',b'759.55493',b'-282.8624',b'1363.5833',b'757.9031',b'60.29842'
image_080.jpg,b'650.2667',b'629.4235',b'-74.79716',b'650.5393',b'613.2005',b'-98.68739',b'652.6719',b'611.7773',b'-98.67303',b'655.02924',b'610.1011',b'-98.622345',b'650.0615',b'612.9641',b'-50.813442',b'651.6325',b'611.60187',b'-50.852837',b'653.28',b'610.0293',b'-50.86888',b'676.2782',b'603.9264',b'-136.73972',b'673.82605',b'602.58636',b'78.739235',b'668.4476',b'638.4248',b'-84.58095',b'667.5557',b'638.1413',b'-22.08947',b'737.4516',b'641.1864',b'-271.0419',b'760.8629',b'604.25793',b'243.19398',b'765.3713',b'706.95685',b'-543.1101',b'801.5131',b'671.4356',b'459.83032',b'745.25586',b'754.42847',b'-752.72327',b'759.05536',b'726.5605',b'617.48895',b'715.8134',b'760.90375',b'-816.9988',b'730.03595',b'732.7368',b'662.0345',b'716.907',b'746.24506',b'-797.1083',b'730.0152',b'730.5548',b'626.82684',b'728.4708',b'742.19763',b'-751.4199',b'740.00757',b'729.35406',b'606.79285',b'1005.4646',b'675.2125',b'-171.65279',b'1004.7828',b'636.65314',b'171.46089',b'1179.391',b'713.5499',b'-185.0667',b'1180.3901',b'675.9331',b'180.83658',b'1360.8121',b'696.6106',b'-168.49414',b'1345.7646',b'675.98914',b'226.04855',b'1387.2559',b'677.36316',b'-168.0533',b'1373.1425',b'659.82214',b'224.88629',b'1377.6815',b'768.29407',b'-264.2795',b'1360.4208',b'741.72705',b'155.26433'
image_081.jpg,b'649.4038',b'628.9326',b'-51.818886',b'648.33136',b'612.9024',b'-80.08119',b'650.39417',b'611.48236',b'-80.09159',b'652.5508',b'609.82',b'-80.030785',b'647.8655',b'612.38196',b'-27.97214',b'649.5021',b'610.73755',b'-28.027054',b'651.217',b'608.7855',b'-28.011408',b'674.4428',b'601.99457',b'-139.3532',b'672.2847',b'599.5785',b'96.30696',b'667.31256',b'636.86896',b'-69.13829',b'666.71576',b'636.3978',b'-0.78358006',b'741.5942',b'633.819',b'-273.83844',b'758.398',b'600.9093',b'254.332',b'766.17816',b'700.896',b'-542.7735',b'798.0083',b'667.9563',b'477.9174',b'745.7518',b'756.8457',b'-749.8948',b'756.36975',b'722.895',b'640.6777',b'717.6774',b'761.0978',b'-814.1437',b'729.4773',b'730.55066',b'685.05505',b'717.96674',b'746.51587',b'-793.1852',b'728.1493',b'728.95416',b'648.90686',b'728.7706',b'742.7826',b'-747.8726',b'737.9967',b'726.8558',b'629.135',b'1005.8985',b'671.9826',b'-175.62161',b'1005.124',b'637.9162',b'175.41428',b'1174.0726',b'709.36755',b'-198.35103',b'1176.6062',b'680.5632',b'179.10828',b'1360.9817',b'690.8866',b'-172.46043',b'1346.5388',b'679.68414',b'215.16492',b'1389.9752',b'668.4517',b'-170.35068',b'1375.969',b'659.6347',b'213.14946',b'1387.8207',b'763.6232',b'-265.16495',b'1370.9436',b'744.6624',b'139.21727'
image_082.jpg,b'652.54443',b'656.98645',b'-105.09451',b'649.3965',b'641.2213',b'-130.53432',b'651.5009',b'639.45953',b'-130.57498',b'653.6498',b'637.59406',b'-130.55435',b'648.5107',b'640.73065',b'-82.15971',b'649.896',b'638.67303',b'-82.186264',b'651.46545',b'636.2478',b'-82.17593',b'672.7683',b'627.51843',b'-174.11636',b'671.74005',b'623.7537',b'43.941498',b'669.8158',b'662.48627',b'-116.30811',b'668.0101',b'662.2391',b'-52.83004',b'740.3588',b'654.39734',b'-308.13412',b'763.00275',b'606.60315',b'226.34174',b'769.9877',b'702.8442',b'-633.11127',b'790.3538',b'670.53577',b'520.90063',b'747.4135',b'747.0092',b'-888.4139',b'742.45575',b'722.2388',b'802.4553',b'723.27893',b'754.5258',b'-951.99493',b'732.9552',b'726.4997',b'867.415',b'724.5553',b'741.0061',b'-931.80084',b'731.9848',b'729.1514',b'843.5752',b'734.2821',b'737.3245',b'-887.54425',b'724.7603',b'735.36255',b'799.7174',b'1015.4392',b'674.13727',b'-174.3777',b'1013.2709',b'639.72156',b'174.04553',b'1192.1122',b'704.4754',b'-139.19298',b'1190.0608',b'675.56055',b'196.9077',b'1372.5869',b'691.68567',b'-96.18706',b'1352.783',b'674.93665',b'272.1401',b'1402.6211',b'676.90314',b'-94.595116',b'1387.1552',b'662.2302',b'273.89325',b'1375.4857',b'773.71075',b'-197.6227',b'1354.7191',b'739.6012',b'201.33577'
image_083.jpg,b'692.319',b'654.4822',b'-103.28059',b'688.64526',b'637.10693',b'-127.13506',b'690.3344',b'635.59705',b'-127.19675',b'692.12964',b'633.91437',b'-127.21909',b'688.29596',b'637.05493',b'-78.04093',b'689.54626',b'635.58954',b'-78.06304',b'690.7642',b'633.76636',b'-78.03233',b'711.30786',b'625.46985',b'-176.15062',b'708.6489',b'623.9831',b'46.53494',b'708.53485',b'659.6267',b'-116.76515',b'706.859',b'659.6921',b'-52.461155',b'790.6451',b'646.0897',b'-292.03445',b'804.0593',b'623.8284',b'208.32962',b'826.9288',b'704.0363',b'-532.2834',b'832.34216',b'679.9195',b'427.36066',b'798.13794',b'780.2543',b'-695.20074',b'791.6818',b'746.85175',b'600.7942',b'777.23865',b'799.0753',b'-752.95166',b'772.32367',b'751.01166',b'641.6347',b'773.7721',b'791.17755',b'-732.0034',b'768.0354',b'757.1242',b'610.0167',b'778.21704',b'785.9617',b'-692.262',b'775.4535',b'761.0422',b'590.6563',b'1050.6564',b'688.935',b'-164.06674',b'1050.8193',b'676.8118',b'163.72646',b'1231.3011',b'708.63446',b'-173.38087',b'1224.5098',b'691.05115',b'180.16919',b'1417.6987',b'687.41064',b'-139.10677',b'1382.4083',b'667.7902',b'230.39734',b'1442.5842',b'665.6248',b'-138.65169',b'1414.3768',b'650.7592',b'230.11942',b'1424.8135',b'750.2643',b'-243.20618',b'1403.944',b'728.23096',b'162.81825'
image_084.jpg,b'809.8768',b'721.74207',b'16.046503',b'793.9531',b'714.3494',b'-16.915876',b'793.73346',b'712.1258',b'-16.960142',b'793.45166',b'709.7976',b'-16.980228',b'793.96466',b'715.22894',b'27.116371',b'793.7389',b'713.8351',b'27.170008',b'793.37036',b'712.4269',b'27.13053',b'799.8303',b'690.1431',b'-97.61657',b'799.65875',b'693.1037',b'97.11837',b'824.5365',b'715.2857',b'-7.8526325',b'824.5974',b'717.00903',b'48.71151',b'864.1889',b'670.7935',b'-210.30876',b'881.16345',b'650.86957',b'222.21117',b'920.5435',b'669.5112',b'-360.5194',b'960.9608',b'676.873',b'360.38785',b'905.75726',b'761.2717',b'-409.9042',b'946.158',b'735.69763',b'440.7811',b'898.9619',b'773.31995',b'-447.65',b'939.0138',b'742.0777',b'460.7415',b'892.3008',b'772.1206',b'-422.7077',b'931.14777',b'743.7474',b'426.63684',b'896.5321',b'766.36975',b'-398.67294',b'933.92224',b'742.529',b'426.5011',b'1093.1183',b'683.0991',b'-145.97101',b'1091.8989',b'679.1121',b'146.0796',b'1278.1982',b'697.4555',b'-188.2074',b'1256.514',b'666.0838',b'219.55331',b'1461.7628',b'698.7446',b'-256.66724',b'1402.8936',b'662.05676',b'298.82416',b'1497.097',b'686.27466',b'-266.54022',b'1428.0184',b'650.0072',b'304.18954',b'1460.8452',b'772.8678',b'-366.7554',b'1415.2076',b'731.7113',b'265.8772'
image_085.jpg,b'808.4856',b'705.92725',b'26.896639',b'792.71045',b'698.33746',b'-11.12422',b'792.4982',b'695.7112',b'-11.188164',b'792.1513',b'692.80835',b'-11.232065',b'792.049',b'700.25964',b'36.749767',b'791.4013',b'699.1396',b'36.73861',b'790.62555',b'697.97797',b'36.71229',b'795.7267',b'672.3221',b'-112.28722',b'794.91156',b'677.40106',b'100.78763',b'822.34155',b'698.661',b'-4.557908',b'822.0424',b'701.8396',b'57.16892',b'868.28546',b'650.3915',b'-232.59227',b'879.6723',b'634.58856',b'234.9001',b'917.5251',b'693.07025',b'-206.01068',b'952.4935',b'670.4552',b'374.27454',b'908.15717',b'768.41614',b'20.08142',b'936.30286',b'733.49005',b'441.31516',b'905.5466',b'787.8772',b'18.79412',b'943.88806',b'719.6199',b'458.70807',b'892.3978',b'771.0817',b'21.118464',b'937.64105',b'723.2179',b'433.75183',b'896.63135',b'766.89905',b'30.084547',b'939.4495',b'723.38727',b'430.01703',b'1099.876',b'657.37274',b'-152.8977',b'1100.7081',b'651.2512',b'153.01094',b'1273.8474',b'687.11273',b'-214.30812',b'1246.5326',b'682.07196',b'254.41626',b'1459.7378',b'693.5173',b'-270.00443',b'1384.1929',b'664.82983',b'342.63052',b'1491.4689',b'680.7552',b'-277.64438',b'1423.3165',b'656.80756',b'348.6557',b'1470.0162',b'765.89575',b'-365.56342',b'1415.9221',b'727.8666',b'317.13803'
image_086.jpg,b'777.8128',b'699.2477',b'30.690495',b'772.3662',b'684.22925',b'1.0144218',b'773.72156',b'682.5094',b'0.9896852',b'775.31146',b'680.3832',b'0.9547245',b'772.6833',b'684.3783',b'50.22796',b'773.9469',b'683.1168',b'50.24087',b'775.22595',b'681.63904',b'50.225',b'793.602',b'668.82947',b'-68.88',b'791.9971',b'669.579',b'150.28763',b'795.83624',b'703.0242',b'9.139713',b'795.6053',b'703.29443',b'72.80943',b'860.90826',b'682.83606',b'-206.00786',b'893.4948',b'646.44434',b'294.62448',b'941.9176',b'652.6121',b'-460.73462',b'977.51874',b'619.688',b'505.62817',b'921.0493',b'759.8971',b'-673.9848',b'963.58936',b'708.837',b'691.2323',b'894.2473',b'768.86346',b'-732.5917',b'945.14764',b'703.81824',b'740.5944',b'886.6131',b'765.0174',b'-685.42786',b'944.3733',b'709.7707',b'709.5114',b'895.88495',b'760.6532',b'-657.6782',b'947.5968',b'714.7598',b'683.25574',b'1092.7384',b'699.3358',b'-162.52724',b'1097.4921',b'670.3859',b'162.62442',b'1285.1482',b'706.7745',b'-231.67206',b'1247.7067',b'668.0931',b'271.76932',b'1465.1226',b'696.6938',b'-316.3739',b'1380.0844',b'643.2281',b'395.72644',b'1498.9698',b'678.09143',b'-324.79623',b'1413.1711',b'625.3091',b'405.92447',b'1474.2444',b'768.0513',b'-432.78406',b'1417.6237',b'701.6335',b'370.06906'
image_087.jpg,b'833.4748',b'716.42255',b'28.202765',b'817.6157',b'711.33594',b'-10.106028',b'816.9296',b'708.92676',b'-10.171981',b'815.9746',b'706.31415',b'-10.2140875',b'817.33563',b'713.04724',b'39.021782',b'816.53345',b'711.9674',b'38.999302',b'815.51776',b'710.8711',b'38.966846',b'817.1721',b'684.9221',b'-107.506546',b'817.10565',b'690.39166',b'111.90821',b'848.489',b'705.68506',b'-0.9472395',b'848.6152',b'708.7056',b'62.601086',b'883.4244',b'658.2267',b'-240.90741',b'898.6212',b'637.3129',b'260.542',b'929.4907',b'689.14716',b'-313.87164',b'964.1628',b'676.8391',b'389.88174',b'917.21594',b'764.88715',b'-203.64177',b'938.90643',b'737.86774',b'451.68207',b'909.17834',b'773.886',b'-216.74869',b'929.68585',b'742.27783',b'474.2645',b'901.6383',b'770.5441',b'-207.74309',b'929.7438',b'746.88275',b'453.10727',b'906.1536',b'766.0882',b'-193.44283',b'929.91394',b'743.9054',b'441.67313',b'1113.0609',b'670.19',b'-164.08752',b'1112.1638',b'661.33734',b'164.08562',b'1291.6672',b'696.72394',b'-201.17145',b'1268.5598',b'665.4171',b'240.06798',b'1476.8737',b'694.7717',b'-239.04364',b'1407.279',b'654.36676',b'320.49817',b'1497.4757',b'681.07184',b'-245.67833',b'1437.8176',b'644.71545',b'325.31512',b'1489.9047',b'765.7909',b'-336.32422',b'1457.5345',b'720.0777',b'283.28943'
image_088.jpg,b'785.0028',b'713.009',b'-41.893673',b'774.2845',b'700.21606',b'-61.717907',b'775.0087',b'696.7676',b'-61.706512',b'775.8239',b'693.1295',b'-61.749832',b'773.7054',b'705.8933',b'-20.932701',b'773.9918',b'706.5862',b'-20.901592',b'774.2617',b'707.30316',b'-20.968597',b'788.0822',b'678.6028',b'-85.60701',b'786.3085',b'693.7364',b'95.31719',b'803.88574',b'710.43304',b'-46.147236',b'801.71387',b'715.6698',b'6.131795',b'856.4572',b'685.5354',b'-208.5104',b'877.263',b'652.65967',b'252.82076',b'928.33',b'662.0992',b'-474.23026',b'954.7162',b'626.95013',b'444.60086',b'917.12573',b'759.204',b'-692.29016',b'952.1002',b'693.75116',b'585.8835',b'890.7407',b'767.4343',b'-751.4178',b'943.1163',b'705.56433',b'628.95526',b'882.4708',b'763.97186',b'-701.0697',b'944.5316',b'711.49316',b'593.6729',b'891.89294',b'759.83746',b'-676.1013',b'942.00745',b'710.8892',b'575.5999',b'1082.2927',b'696.4877',b'-154.54742',b'1080.7303',b'676.28424',b'154.58769',b'1271.7837',b'710.8708',b'-251.9284',b'1233.5751',b'680.7326',b'265.24936',b'1453.3309',b'700.6181',b'-348.65457',b'1368.7357',b'654.0788',b'397.75153',b'1486.4564',b'681.12494',b'-357.98273',b'1400.651',b'634.05206',b'407.6244',b'1485.428',b'762.53424',b'-464.3319',b'1404.6471',b'708.21124',b'362.74228'
image_089.jpg,b'799.5424',b'720.4092',b'37.361282',b'784.31757',b'712.66815',b'6.6314354',b'783.9966',b'710.367',b'6.579984',b'783.6671',b'707.81226',b'6.5283494',b'784.484',b'714.0598',b'50.30499',b'784.26886',b'712.97845',b'50.356873',b'783.93726',b'711.8272',b'50.31391',b'790.19214',b'689.2368',b'-68.593315',b'789.28687',b'693.51843',b'124.53292',b'814.95886',b'712.94006',b'15.542973',b'814.526',b'714.72864',b'71.6042',b'856.68225',b'671.233',b'-177.57896',b'869.6483',b'643.22595',b'262.5174',b'953.7853',b'662.8931',b'-299.65024',b'965.1084',b'643.9058',b'376.63202',b'925.0955',b'758.07324',b'-338.91904',b'945.8586',b'717.5583',b'419.41858',b'898.57465',b'768.394',b'-374.25775',b'930.512',b'723.65594',b'439.11493',b'890.859',b'765.6872',b'-340.598',b'924.37976',b'725.3864',b'411.43884',b'899.906',b'760.47406',b'-323.81415',b'934.18567',b'726.10364',b'407.44604',b'1078.8357',b'683.62555',b'-152.1483',b'1082.1447',b'668.7163',b'152.32033',b'1270.2968',b'712.693',b'-224.2996',b'1239.1902',b'682.5516',b'254.86545',b'1459.6974',b'704.0105',b'-308.55792',b'1380.6498',b'652.4988',b'353.58447',b'1489.225',b'686.30994',b'-318.08438',b'1405.484',b'637.2087',b'361.43372',b'1483.9238',b'765.3495',b'-414.41498',b'1417.2683',b'710.633',b'325.43027'
image_090.jpg,b'790.0863',b'700.40186',b'-61.043423',b'779.87585',b'686.9673',b'-75.21843',b'781.01434',b'683.6329',b'-75.24063',b'782.0853',b'679.93774',b'-75.29977',b'778.43024',b'692.12415',b'-36.73068',b'778.45483',b'692.8552',b'-36.677986',b'778.40204',b'693.56067',b'-36.6742',b'794.5651',b'667.40155',b'-77.68972',b'790.0335',b'683.40924',b'93.14457',b'808.6743',b'699.4937',b'-57.68119',b'805.49274',b'704.90643',b'-8.153434',b'860.93274',b'678.1494',b'-202.87831',b'881.8856',b'649.6247',b'264.18573',b'939.6531',b'658.7663',b'-481.14944',b'960.1966',b'640.3219',b'452.1065',b'918.973',b'760.63684',b'-696.9848',b'946.8104',b'698.18585',b'594.7313',b'891.994',b'770.17035',b'-751.2251',b'937.6352',b'701.33606',b'639.94965',b'883.1595',b'766.66547',b'-699.944',b'937.8607',b'706.4584',b'610.47253',b'892.0088',b'762.8143',b'-679.6162',b'940.7715',b'709.88074',b'586.878',b'1091.4045',b'704.0417',b'-154.74928',b'1088.0729',b'678.9856',b'154.77081',b'1282.4038',b'709.36584',b'-253.06111',b'1254.4047',b'673.8172',b'244.09698',b'1458.6387',b'700.9153',b'-357.24808',b'1387.3531',b'656.70306',b'355.0664',b'1496.6514',b'678.3188',b'-368.09894',b'1418.8281',b'635.7439',b'362.4711',b'1476.1655',b'770.4189',b'-472.20483',b'1416.8735',b'724.08057',b'321.63'
image_091.jpg,b'764.3399',b'704.29254',b'73.12454',b'756.93005',b'691.5431',b'41.809967',b'757.8167',b'690.1556',b'41.817383',b'758.7604',b'688.6845',b'41.809418',b'756.7707',b'691.31616',b'90.25114',b'757.4575',b'689.9312',b'90.32706',b'758.0871',b'688.34174',b'90.283264',b'773.7315',b'677.24457',b'-38.956314',b'771.95605',b'674.89606',b'175.69594',b'781.6538',b'706.50995',b'48.211494',b'781.27325',b'706.3015',b'110.38883',b'843.66956',b'686.34357',b'-179.01242',b'866.5418',b'638.5546',b'312.2262',b'923.2328',b'660.158',b'-397.12924',b'942.524',b'615.6444',b'487.5951',b'902.7206',b'758.9351',b'-573.97205',b'935.51746',b'690.8439',b'632.2387',b'878.121',b'768.9273',b'-626.2995',b'920.7604',b'690.9949',b'674.12756',b'870.2137',b'764.85876',b'-582.0072',b'919.8578',b'696.7273',b'644.96716',b'878.77045',b'759.838',b'-558.09186',b'922.8618',b'701.1063',b'623.7604',b'1068.8318',b'695.2959',b'-166.20528',b'1068.1971',b'665.0971',b'166.39398',b'1255.8663',b'706.85474',b'-251.37997',b'1231.5548',b'663.33466',b'250.7528',b'1436.6831',b'697.0688',b'-357.91434',b'1379.7689',b'656.0361',b'344.11246',b'1466.1072',b'678.53217',b'-369.20273',b'1406.3645',b'642.2379',b'350.96863',b'1479.828',b'759.88043',b'-476.62164',b'1403.1056',b'708.2336',b'311.81235'
image_092.jpg,b'809.1229',b'710.68195',b'26.415016',b'793.3987',b'704.90826',b'-6.8277826',b'792.4778',b'702.88403',b'-6.8699007',b'791.3711',b'700.72437',b'-6.873753',b'793.7369',b'705.7048',b'40.7228',b'793.1253',b'704.39',b'40.741722',b'792.29254',b'703.04126',b'40.664433',b'792.9875',b'682.2084',b'-91.427315',b'794.01074',b'685.05945',b'122.0045',b'822.2142',b'704.69',b'1.7172406',b'821.9403',b'706.1367',b'63.72104',b'856.6303',b'657.1391',b'-204.93604',b'873.0121',b'633.22095',b'269.5342',b'948.7058',b'656.2709',b'-380.91254',b'967.76685',b'642.0492',b'418.98932',b'927.9124',b'760.04',b'-491.17282',b'953.8632',b'723.2583',b'487.36743',b'901.088',b'769.44403',b'-541.46027',b'923.865',b'727.05',b'517.4666',b'892.6457',b'765.24023',b'-501.6088',b'923.22687',b'722.70135',b'485.8714',b'901.1257',b'760.88104',b'-475.8042',b'928.95966',b'725.58105',b'475.34955',b'1093.856',b'662.7895',b'-165.43063',b'1095.0848',b'642.3492',b'165.63754',b'1272.2831',b'713.86334',b'-262.7522',b'1246.5891',b'664.89154',b'338.3485',b'1463.9104',b'705.24677',b'-350.74344',b'1378.4746',b'648.62427',b'497.75873',b'1496.9401',b'684.81354',b'-360.2949',b'1404.8138',b'633.3516',b'511.5207',b'1488.8967',b'763.4716',b'-464.27655',b'1422.4637',b'705.60803',b'479.45706'
image_093.jpg,b'820.1007',b'723.3711',b'116.14506',b'800.2454',b'718.09485',b'80.10583',b'799.36926',b'716.23505',b'80.03485',b'798.35333',b'714.3327',b'80.010864',b'800.27783',b'719.53296',b'128.10947',b'799.74164',b'718.7414',b'128.15047',b'799.07336',b'718.1233',b'128.14348',b'797.10706',b'694.7517',b'-18.330341',b'798.0551',b'699.5345',b'197.72021',b'830.4097',b'715.4841',b'87.96',b'831.1033',b'717.5844',b'150.69928',b'848.21216',b'663.80176',b'-148.53003',b'872.4226',b'633.00464',b'330.01657',b'886.4916',b'674.5588',b'-371.9985',b'952.72955',b'657.584',b'500.92456',b'861.18677',b'766.89575',b'-528.3978',b'935.6007',b'720.3543',b'629.673',b'832.4776',b'776.6745',b'-579.9165',b'916.45044',b'721.3607',b'668.8794',b'827.3101',b'773.95325',b'-533.7169',b'912.408',b'736.655',b'637.8563',b'837.96204',b'770.7414',b'-512.3355',b'918.30457',b'739.1066',b'618.5432',b'1072.5791',b'681.8955',b'-155.65958',b'1080.6052',b'654.02905',b'155.71683',b'1261.365',b'715.83856',b'-239.81898',b'1236.9183',b'671.5668',b'179.06438',b'1456.8988',b'701.3907',b'-296.94766',b'1382.8225',b'653.1357',b'211.4854',b'1466.724',b'682.684',b'-304.3952',b'1411.0587',b'638.33545',b'210.64394',b'1480.3676',b'771.0317',b'-406.04648',b'1432.0935',b'706.97424',b'140.93477'
image_094.jpg,b'767.4885',b'707.4802',b'20.953615',b'761.3929',b'693.25995',b'-9.915461',b'762.68506',b'691.65765',b'-9.946697',b'764.06744',b'689.9272',b'-9.955667',b'761.0693',b'693.1815',b'40.40692',b'761.99475',b'691.7031',b'40.448364',b'762.909',b'690.0111',b'40.40986',b'781.2814',b'677.68176',b'-87.34299',b'780.16895',b'675.13934',b'136.60509',b'785.6986',b'710.14404',b'-3.1548607',b'785.5447',b'710.3127',b'61.970974',b'854.15985',b'682.32495',b'-218.30981',b'876.1043',b'639.90857',b'281.88644',b'929.7873',b'656.8669',b'-457.3207',b'948.06836',b'617.0615',b'484.9368',b'915.7296',b'757.8034',b'-657.9679',b'947.9034',b'695.96655',b'663.4538',b'891.5926',b'767.01355',b'-713.1157',b'931.56793',b'696.7505',b'710.9356',b'884.68896',b'763.37683',b'-670.46265',b'928.54407',b'700.6073',b'681.85046',b'893.31396',b'758.6172',b'-643.2531',b'935.38947',b'707.8293',b'656.2377',b'1086.8978',b'686.91144',b'-164.7594',b'1087.427',b'663.8079',b'164.84735',b'1268.4169',b'704.2636',b'-229.46233',b'1245.3483',b'663.04425',b'281.58044',b'1456.8092',b'702.3716',b'-314.3347',b'1382.8629',b'658.18835',b'404.16833',b'1483.8412',b'687.197',b'-323.3792',b'1404.5586',b'641.80334',b'414.11963',b'1481.4326',b'763.26373',b'-421.04214',b'1405.707',b'718.51996',b'383.8974'
image_095.jpg,b'768.10675',b'702.4874',b'26.011673',b'758.912',b'689.5132',b'-6.4306073',b'759.8291',b'687.453',b'-6.4627075',b'760.78455',b'685.39746',b'-6.477257',b'758.26733',b'689.7497',b'43.2221',b'758.692',b'687.98083',b'43.258965',b'759.13727',b'685.9921',b'43.21184',b'774.5312',b'671.49554',b'-88.92675',b'773.38904',b'669.5539',b'130.90747',b'787.0314',b'702.3358',b'1.0355344',b'786.2384',b'702.822',b'64.7376',b'850.12524',b'671.54944',b'-217.99847',b'863.83057',b'643.7794',b'280.98148',b'931.1665',b'661.5374',b'-414.1201',b'957.99536',b'665.0678',b'424.54672',b'901.5384',b'761.6873',b'-561.2791',b'932.5033',b'716.61536',b'517.6246',b'875.42145',b'771.53754',b'-618.5522',b'906.97034',b'718.8038',b'552.23157',b'866.83594',b'767.0937',b'-575.4078',b'904.2334',b'722.3717',b'514.8832',b'874.0355',b'763.4912',b'-546.95807',b'910.64124',b'722.5963',b'503.83826',b'1081.8048',b'684.6868',b'-163.3958',b'1081.5183',b'662.9072',b'163.5283',b'1261.7976',b'703.7793',b'-196.97185',b'1236.2418',b'658.5408',b'229.212',b'1445.2252',b'701.6282',b'-230.55853',b'1378.8646',b'657.1784',b'314.0135',b'1467.015',b'681.00006',b'-236.55177',b'1412.4722',b'646.8404',b'319.57028',b'1480.7845',b'759.5166',b'-342.02213',b'1421.5042',b'718.1788',b'264.01874'
image_096.jpg,b'778.8069',b'692.61206',b'36.030468',b'775.18225',b'677.643',b'6.7395062',b'776.6015',b'675.6972',b'6.6845193',b'778.21326',b'673.3685',b'6.6399746',b'774.33496',b'678.14545',b'59.051052',b'775.0246',b'676.8567',b'59.108624',b'775.7696',b'675.304',b'59.12342',b'795.44037',b'661.33484',b'-66.489975',b'793.3056',b'662.31067',b'167.13641',b'796.18164',b'695.9264',b'13.196855',b'794.8806',b'696.7094',b'80.905655',b'863.5719',b'679.3109',b'-201.09454',b'886.4069',b'647.19995',b'312.21545',b'947.8387',b'658.15576',b'-448.7754',b'968.02985',b'633.8205',b'510.39212',b'917.5224',b'761.097',b'-660.1592',b'957.4141',b'712.7434',b'670.9613',b'890.12585',b'769.7984',b'-719.0991',b'940.3197',b'713.60864',b'718.71387',b'882.36365',b'766.12683',b'-669.72253',b'935.05096',b'718.72406',b'687.2484',b'891.69196',b'761.77844',b'-643.453',b'943.3543',b'721.4343',b'662.1173',b'1090.8784',b'703.3836',b'-169.6416',b'1088.3175',b'678.1419',b'169.76465',b'1280.0868',b'707.40674',b'-250.19737',b'1252.821',b'668.8489',b'288.34497',b'1458.7626',b'692.22076',b'-348.55014',b'1386.6818',b'645.1378',b'421.34808',b'1496.143',b'673.13794',b'-359.01492',b'1421.353',b'626.30585',b'432.59305',b'1472.6488',b'767.2488',b'-478.26108',b'1417.6215',b'707.17065',b'392.46'
image_097.jpg,b'823.7964',b'729.3136',b'-11.767047',b'808.2419',b'722.3363',b'-51.4768',b'807.4184',b'719.7634',b'-51.49621',b'806.6187',b'717.0748',b'-51.514122',b'808.2741',b'723.80975',b'-5.389916',b'807.6123',b'722.3784',b'-5.3668733',b'806.925',b'720.87415',b'-5.3304253',b'809.34735',b'694.3399',b'-156.06865',b'809.3911',b'697.8353',b'50.770355',b'836.5113',b'718.6671',b'-43.528618',b'836.4747',b'720.948',b'16.421503',b'871.50775',b'674.83405',b'-234.74852',b'883.34265',b'646.15564',b'165.27936',b'836.8405',b'757.3958',b'-223.43825',b'884.771',b'682.3716',b'371.4703',b'831.96216',b'737.0069',b'26.196985',b'861.7612',b'717.9718',b'506.36746',b'806.4003',b'731.48236',b'25.680075',b'853.2993',b'723.251',b'529.7192',b'813.5985',b'720.51556',b'18.645988',b'852.0979',b'723.02435',b'507.12112',b'821.04865',b'719.949',b'28.914534',b'856.1427',b'722.6875',b'498.42322',b'1104.7482',b'692.8498',b'-141.89345',b'1104.6237',b'668.9299',b'141.7486',b'1280.803',b'713.68176',b'-139.00157',b'1257.8091',b'669.0137',b'184.6286',b'1473.2512',b'705.8638',b'-145.31798',b'1394.4606',b'652.81525',b'248.62653',b'1494.2678',b'689.7129',b'-147.54968',b'1418.9388',b'641.122',b'252.55482',b'1499.1536',b'764.8752',b'-221.00339',b'1444.2288',b'702.64233',b'218.18224'
image_098.jpg,b'802.80005',b'713.718',b'29.453474',b'786.46246',b'707.0459',b'-4.457928',b'785.9762',b'704.7732',b'-4.5273232',b'785.42004',b'702.2605',b'-4.5832314',b'786.74567',b'707.8434',b'40.85814',b'786.4589',b'706.38947',b'40.909748',b'785.99396',b'704.81134',b'40.887325',b'790.31274',b'683.164',b'-88.153915',b'789.51605',b'684.82794',b'114.16931',b'817.3357',b'706.4251',b'5.629742',b'817.59375',b'707.6391',b'64.25664',b'853.7792',b'669.33777',b'-198.03404',b'868.9265',b'635.0769',b'257.79245',b'950.8799',b'666.76044',b'-322.21164',b'974.9852',b'657.51135',b'378.6639',b'928.45807',b'760.471',b'-357.56268',b'946.04474',b'718.16327',b'433.8707',b'901.782',b'769.70435',b'-391.39862',b'926.898',b'718.62946',b'454.83417',b'895.10315',b'765.34735',b'-359.50577',b'920.67847',b'723.50244',b'427.7223',b'902.7973',b'760.7926',b'-343.00992',b'929.6008',b'724.198',b'422.21158',b'1081.3845',b'694.50934',b'-156.44666',b'1085.7183',b'674.0397',b'156.57732',b'1267.162',b'716.5604',b'-205.85812',b'1239.8171',b'676.7858',b'227.64247',b'1458.9268',b'702.2499',b'-250.6225',b'1378.132',b'648.9236',b'309.17575',b'1484.605',b'684.53864',b'-256.6505',b'1404.0216',b'633.03424',b'314.29935',b'1482.0271',b'765.2538',b'-345.36658',b'1424.302',b'705.5604',b'268.85083'
image_099.jpg,b'815.7574',b'714.44275',b'23.612898',b'799.90955',b'708.2505',b'-12.315947',b'799.27057',b'706.1159',b'-12.345333',b'798.46277',b'703.9311',b'-12.3202505',b'799.84296',b'709.0393',b'32.67463',b'799.1225',b'707.5549',b'32.697018',b'798.1825',b'706.08356',b'32.669388',b'800.17053',b'683.5575',b'-104.05076',b'800.12',b'686.7367',b'96.9992',b'827.72363',b'707.51276',b'-4.143596',b'828.1852',b'709.5164',b'54.255737',b'865.1793',b'660.7128',b'-221.16142',b'881.33875',b'635.9451',b'216.80823',b'915.59454',b'679.6802',b'-351.4855',b'952.5507',b'652.29425',b'384.2652',b'904.8301',b'771.55347',b'-353.76047',b'954.21484',b'695.116',b'504.316',b'909.0879',b'781.109',b'-381.20496',b'950.5719',b'698.621',b'531.69086',b'884.0625',b'778.7876',b'-363.49197',b'946.901',b'704.7109',b'503.38263',b'893.3157',b'770.90405',b'-343.54535',b'948.8841',b'705.428',b'494.44775',b'1097.6785',b'668.1707',b'-148.50854',b'1099.5873',b'654.6633',b'148.45935',b'1278.0692',b'685.33386',b'-200.29276',b'1245.9116',b'659.9511',b'246.37971',b'1465.9258',b'700.1719',b'-278.2247',b'1392.0859',b'653.8217',b'340.20267',b'1498.2402',b'689.4887',b'-289.22',b'1415.292',b'640.6572',b'347.0462',b'1468.1383',b'768.53613',b'-391.57257',b'1416.2961',b'707.24915',b'316.65652'
image_100.jpg,b'836.19495',b'712.2264',b'6.975953',b'820.315',b'706.2998',b'-31.058064',b'819.4042',b'703.8938',b'-31.102398',b'818.25714',b'701.3448',b'-31.124214',b'820.33765',b'708.1288',b'17.36582',b'819.47144',b'707.0518',b'17.346142',b'818.35596',b'705.9666',b'17.32564',b'818.11194',b'680.87',b'-128.54204',b'818.38763',b'685.9653',b'88.321014',b'849.95306',b'702.8574',b'-22.614038',b'850.3102',b'706.0734',b'40.268353',b'884.20703',b'651.93195',b'-255.24069',b'898.01544',b'634.7245',b'236.50719',b'939.6217',b'684.989',b'-344.56116',b'969.7484',b'673.98425',b'403.94232',b'918.7605',b'766.8251',b'-267.7563',b'943.16425',b'737.47687',b'510.57816',b'908.1082',b'777.1054',b'-287.5128',b'937.69727',b'744.0817',b'540.1472',b'899.7689',b'772.643',b'-276.9231',b'929.89844',b'744.6421',b'517.0148',b'905.4972',b'767.0204',b'-258.25504',b'938.0143',b'742.8265',b'501.6374',b'1123.8264',b'654.91425',b'-162.48955',b'1119.4355',b'650.89386',b'162.47682',b'1295.3542',b'699.6223',b'-218.80162',b'1259.6049',b'670.54926',b'292.16232',b'1483.7852',b'693.74164',b'-272.39566',b'1399.3911',b'651.1007',b'406.99884',b'1508.5149',b'679.727',b'-279.67352',b'1423.5577',b'638.6303',b'415.78702',b'1496.9471',b'766.99475',b'-371.1237',b'1436.0563',b'711.00543',b'388.68198'
