image_001.jpg,b'970.8788',b'343.73788',b'-280.08026',b'976.41187',b'331.74017',b'-252.15758',b'980.9728',b'331.91586',b'-252.20879',b'984.681',b'332.24988',b'-252.2836',b'963.5583',b'332.10477',b'-254.54086',b'959.66595',b'332.63593',b'-254.53603',b'955.4394',b'333.32147',b'-254.45102',b'988.9979',b'337.67886',b'-103.66325',b'949.69354',b'338.82785',b'-115.10478',b'980.08234',b'357.08743',b'-226.43776',b'963.97205',b'358.44608',b'-229.68149',b'1027.7787',b'399.2775',b'-29.283506',b'912.22095',b'404.16446',b'-39.415306',b'1112.7925',b'391.86682',b'-69.27606',b'826.7287',b'393.44452',b'-85.549385',b'1175.4962',b'357.4262',b'-231.74393',b'757.6966',b'362.38287',b'-279.14957',b'1199.7687',b'356.22256',b'-274.74683',b'737.1567',b'363.55148',b'-325.9797',b'1196.9847',b'351.6132',b'-306.11194',b'741.1583',b'358.99362',b'-360.23468',b'1188.7218',b'352.1346',b'-254.33633',b'747.8645',b'359.01547',b'-302.78348',b'1002.5757',b'576.1093',b'-1.5436767',b'936.75055',b'577.0852',b'1.6517453',b'1014.4344',b'711.5813',b'-25.83803',b'927.69257',b'715.0951',b'-16.582119',b'1022.50256',b'835.9603',b'179.26897',b'930.0393',b'840.2579',b'154.47572',b'1015.61383',b'851.7675',b'189.5134',b'936.42114',b'856.5673',b'161.13286',b'1029.143',b'879.27563',b'14.130825',b'923.7108',b'882.56885',b'-10.864956'
image_002.jpg,b'968.89685',b'344.6532',b'-228.46625',b'975.4035',b'332.75726',b'-203.65486',b'979.88654',b'332.47162',b'-203.72012',b'983.9732',b'332.37958',b'-203.78946',b'962.93634',b'333.7731',b'-202.96901',b'958.76166',b'334.11826',b'-202.97284',b'954.97504',b'334.54456',b'-202.8992',b'989.616',b'337.70605',b'-71.02556',b'949.1132',b'339.66666',b'-68.56636',b'978.7474',b'356.82797',b'-181.08752',b'961.7523',b'358.06287',b'-180.22781',b'1027.4003',b'405.0272',b'-17.998396',b'912.5778',b'408.24496',b'-1.9921359',b'1111.6204',b'412.29892',b'-62.48572',b'829.0424',b'416.9475',b'-32.369976',b'1172.9601',b'399.4921',b'-217.21095',b'757.9071',b'411.43362',b'-199.94383',b'1197.2506',b'405.14203',b'-254.98466',b'735.8068',b'416.2262',b'-238.3034',b'1195.7384',b'401.7099',b'-290.61096',b'737.0718',b'414.0233',b'-276.70404',b'1186.394',b'400.04984',b'-240.16147',b'744.8843',b'414.00842',b'-224.34395',b'1002.1256',b'575.6461',b'-6.784774',b'937.19916',b'576.55536',b'6.79401',b'1015.2175',b'710.7305',b'-39.584282',b'925.9166',b'711.55884',b'-26.208368',b'1021.14703',b'835.3094',b'136.00433',b'929.28125',b'838.01666',b'131.81113',b'1015.04266',b'853.317',b'144.37238',b'933.95',b'855.3577',b'138.32771',b'1027.7338',b'876.1256',b'-18.74855',b'923.09094',b'879.45734',b'-18.91097'
image_003.jpg,b'970.9289',b'345.62808',b'-218.17383',b'976.6627',b'333.73483',b'-191.54338',b'980.7247',b'333.57666',b'-191.60252',b'984.0357',b'333.40588',b'-191.66457',b'964.12067',b'334.47156',b'-192.93373',b'959.93787',b'334.91226',b'-192.93149',b'955.7046',b'335.3426',b'-192.8612',b'988.50586',b'338.52957',b'-57.069393',b'948.78284',b'341.03555',b'-64.288956',b'979.926',b'357.44586',b'-170.75655',b'963.48346',b'358.08774',b'-172.75664',b'1025.4723',b'406.0619',b'-10.516247',b'912.58093',b'408.69476',b'-0.8329365',b'1108.2083',b'412.9059',b'-42.418583',b'833.33234',b'418.8478',b'-44.676',b'1173.5548',b'422.2943',b'-186.65489',b'760.85675',b'439.11627',b'-216.45204',b'1194.8811',b'427.20193',b'-220.52457',b'743.66345',b'448.2256',b'-254.80653',b'1196.8179',b'426.41412',b'-260.77072',b'744.3997',b'447.3821',b'-293.46506',b'1188.3212',b'425.90448',b'-210.7833',b'751.2875',b'446.79462',b'-240.81825',b'1001.11945',b'572.6477',b'-7.598216',b'936.49365',b'574.2562',b'7.550871',b'1013.3534',b'710.9961',b'-28.063513',b'927.0688',b'713.64825',b'-10.656392',b'1021.48694',b'835.0788',b'134.25854',b'929.6498',b'838.41284',b'131.64757',b'1016.4632',b'852.6945',b'140.69583',b'935.69226',b'855.83075',b'135.81729',b'1024.6757',b'878.4842',b'-26.838129',b'922.0575',b'879.9456',b'-23.733244'
image_004.jpg,b'966.40515',b'343.74817',b'-241.32343',b'972.8055',b'332.6452',b'-215.3128',b'977.0836',b'332.09222',b'-215.35854',b'981.32996',b'331.79306',b'-215.42545',b'960.3979',b'334.3317',b'-215.67725',b'956.5985',b'334.9054',b'-215.67834',b'952.5072',b'335.4248',b'-215.59943',b'986.8298',b'335.70908',b'-74.575645',b'947.36304',b'338.67163',b'-77.71671',b'977.0438',b'355.91986',b'-190.61934',b'960.3574',b'358.0345',b'-191.42065',b'1026.6688',b'398.33667',b'-7.077104',b'911.0919',b'405.81067',b'-9.759006',b'1109.5526',b'392.01724',b'-45.300583',b'829.7003',b'404.1444',b'-54.756237',b'1175.4392',b'368.17395',b'-198.4229',b'757.4364',b'396.0229',b'-248.33228',b'1198.5436',b'370.51056',b'-238.00168',b'735.9142',b'398.6418',b'-292.21075',b'1197.5371',b'367.4495',b'-271.95654',b'737.4107',b'395.48895',b'-328.05817',b'1189.3553',b'367.11545',b'-221.77689',b'744.4542',b'395.81363',b'-272.4406',b'1000.89624',b'575.0031',b'-2.4346542',b'935.2193',b'576.0398',b'2.4255307',b'1011.77905',b'712.8905',b'-27.490768',b'927.56885',b'715.7651',b'-17.00565',b'1021.8024',b'834.4241',b'172.24109',b'930.68634',b'839.4902',b'151.61261',b'1013.5071',b'850.6052',b'182.17368',b'937.90454',b'854.2624',b'158.58669',b'1027.786',b'876.3257',b'12.031977',b'924.57043',b'881.91174',b'-7.261395'
image_005.jpg,b'969.0779',b'339.89087',b'-254.94223',b'973.59143',b'328.8428',b'-227.31447',b'977.30725',b'328.95224',b'-227.34038',b'980.88776',b'329.239',b'-227.3906',b'963.38116',b'329.63083',b'-229.74667',b'959.8951',b'330.2671',b'-229.76312',b'956.08417',b'331.01785',b'-229.68909',b'984.929',b'335.18335',b'-84.602486',b'948.0711',b'336.6864',b'-97.307274',b'977.30383',b'352.59918',b'-203.86414',b'963.1875',b'353.874',b'-207.50882',b'1025.6787',b'397.02045',b'-20.62113',b'909.32056',b'403.32034',b'-36.830647',b'1108.1566',b'382.43192',b'-61.42833',b'827.1346',b'395.00153',b'-131.70395',b'1172.2999',b'349.7158',b'-207.93472',b'757.86835',b'374.85065',b'-371.2287',b'1194.5015',b'346.41803',b'-245.3692',b'736.5739',b'374.51035',b'-422.70706',b'1192.5131',b'341.72598',b'-278.4189',b'740.2751',b'369.02576',b'-451.046',b'1186.129',b'342.573',b'-230.58345',b'747.04486',b'369.7434',b'-393.753',b'1001.24414',b'576.17',b'-0.49861577',b'935.49927',b'576.42',b'0.53422284',b'1012.1202',b'712.42096',b'-17.374851',b'926.399',b'714.6876',b'-17.328981',b'1022.9742',b'833.0967',b'183.9227',b'930.72455',b'840.045',b'150.27391',b'1014.9854',b'849.6487',b'193.9175',b'939.5283',b'855.2102',b'156.76933',b'1026.2714',b'875.66534',b'24.320766',b'924.271',b'881.3125',b'-9.072443'
image_006.jpg,b'965.5714',b'344.06857',b'-268.02875',b'970.8649',b'333.1755',b'-241.72565',b'975.1529',b'332.89584',b'-241.78001',b'979.04205',b'332.72736',b'-241.86032',b'958.2079',b'333.88635',b'-242.69067',b'954.20807',b'334.26517',b'-242.68858',b'949.97687',b'334.74078',b'-242.6173',b'983.5372',b'336.04153',b'-99.13568',b'944.3804',b'338.06445',b'-103.9277',b'975.46924',b'356.02997',b'-216.44032',b'958.9189',b'358.42355',b'-217.63916',b'1023.617',b'401.1687',b'-31.422411',b'906.2954',b'403.7404',b'-24.544586',b'1108.3474',b'399.86432',b'-62.001442',b'817.2742',b'399.84094',b'-40.70225',b'1176.3573',b'380.19424',b'-219.45688',b'743.2951',b'384.70175',b'-204.07744',b'1200.7274',b'383.08014',b'-259.87955',b'720.04486',b'387.34375',b'-245.00304',b'1199.8064',b'379.52216',b'-295.72333',b'722.011',b'383.68613',b'-286.16428',b'1190.9226',b'378.4269',b'-243.61774',b'729.57996',b'383.52072',b'-229.78395',b'1000.9139',b'576.84576',b'-12.097465',b'934.3025',b'577.53815',b'12.138756',b'1011.4172',b'712.3221',b'-36.640564',b'925.03094',b'715.4741',b'-13.251671',b'1020.4931',b'835.25696',b'161.7444',b'929.7995',b'835.0137',b'168.53699',b'1014.749',b'853.4079',b'171.2077',b'937.3411',b'853.49493',b'176.95062',b'1024.9037',b'876.5353',b'-2.297689',b'922.6559',b'879.9118',b'15.338655'
image_007.jpg,b'963.78345',b'345.2428',b'-238.91891',b'970.4353',b'333.40054',b'-214.25594',b'974.9371',b'332.8011',b'-214.3143',b'978.84937',b'332.46173',b'-214.38226',b'957.8728',b'334.46777',b'-214.00464',b'953.9708',b'334.75385',b'-214.00401',b'949.97046',b'335.179',b'-213.93562',b'984.6273',b'336.68387',b'-80.92292',b'944.6488',b'339.6942',b'-80.36836',b'974.1041',b'356.8264',b'-190.92557',b'957.3486',b'358.64294',b'-190.5966',b'1024.8878',b'403.89072',b'-23.678747',b'908.1776',b'406.55313',b'-8.934668',b'1109.6818',b'405.8713',b'-62.347977',b'821.5372',b'411.6146',b'-32.64971',b'1173.6768',b'390.77426',b'-212.7445',b'746.3529',b'402.2093',b'-192.75903',b'1198.9645',b'395.6533',b'-249.8253',b'725.65753',b'407.60886',b'-231.16719',b'1198.4911',b'392.72266',b'-286.31476',b'727.0238',b'405.23727',b'-270.73438',b'1188.6686',b'391.16846',b'-236.37636',b'734.3795',b'404.5258',b'-217.66664',b'999.1061',b'575.2211',b'-11.558179',b'934.1745',b'575.86523',b'11.567842',b'1009.77655',b'710.4281',b'-34.77036',b'924.4952',b'714.0267',b'-11.92915',b'1020.9171',b'833.4589',b'139.37958',b'929.5119',b'836.76306',b'143.47974',b'1015.1937',b'851.6136',b'146.81694',b'938.41534',b'855.07935',b'149.39291',b'1025.5054',b'875.16364',b'-21.501877',b'922.08466',b'878.1561',b'-8.606566'
image_008.jpg,b'969.9758',b'342.62485',b'-218.7529',b'976.9311',b'331.11502',b'-194.25711',b'981.24976',b'331.15463',b'-194.31807',b'985.46906',b'331.42755',b'-194.36667',b'963.94446',b'331.89484',b'-194.2999',b'959.70355',b'332.38644',b'-194.29118',b'956.48663',b'333.00085',b'-194.22128',b'991.2362',b'337.57172',b'-63.51189',b'950.70825',b'339.3506',b'-63.77269',b'979.60016',b'354.89417',b'-172.12267',b'962.24567',b'355.43655',b'-172.08728',b'1027.6959',b'405.48438',b'-16.44793',b'915.08105',b'408.40512',b'4.8019514',b'1111.1969',b'414.6259',b'-70.14703',b'834.3559',b'418.83298',b'-25.211329',b'1177.1094',b'435.46133',b'-242.72635',b'760.4341',b'444.9331',b'-173.80988',b'1195.6279',b'445.30966',b'-280.4446',b'743.90576',b'453.49115',b'-208.22334',b'1194.1309',b'445.9101',b'-319.04733',b'745.61597',b'454.42657',b'-249.01749',b'1187.2576',b'444.21744',b'-266.00085',b'752.2634',b'453.85266',b'-197.83435',b'1001.73694',b'575.32574',b'-8.508853',b'936.6593',b'575.3426',b'8.475538',b'1010.98',b'710.1971',b'-31.659761',b'927.76447',b'712.0069',b'-13.613218',b'1020.7366',b'835.2683',b'126.74034',b'930.6161',b'837.41547',b'130.07729',b'1017.9577',b'854.10736',b'132.60268',b'936.5279',b'855.4154',b'134.34436',b'1024.5216',b'877.1511',b'-36.483597',b'922.4728',b'879.14575',b'-24.218086'
image_009.jpg,b'970.6872',b'338.66373',b'-224.48561',b'976.18616',b'327.5812',b'-198.85983',b'980.2508',b'327.39767',b'-198.91922',b'983.84924',b'327.30817',b'-198.98105',b'964.2186',b'328.61703',b'-199.29778',b'960.1091',b'329.1976',b'-199.29424',b'955.88544',b'329.73016',b'-199.22916',b'988.6641',b'332.70728',b'-66.2161',b'949.2082',b'335.56458',b'-70.03741',b'979.97314',b'351.05988',b'-177.63695',b'963.39557',b'352.14795',b'-178.56674',b'1027.4397',b'400.2877',b'-18.188705',b'913.4884',b'404.94193',b'-6.62013',b'1111.9844',b'404.86176',b'-51.301895',b'830.3594',b'413.7513',b'-48.11306',b'1177.5515',b'407.10547',b'-192.94109',b'753.45026',b'426.8603',b'-218.04175',b'1199.7998',b'410.39014',b'-226.93011',b'733.9529',b'435.83762',b'-256.11893',b'1202.1677',b'408.73016',b'-266.4359',b'735.9373',b'434.47165',b'-295.1208',b'1194.0852',b'408.6423',b'-217.10527',b'743.43854',b'433.7086',b'-242.79797',b'1002.77026',b'572.244',b'-7.117585',b'937.65125',b'572.07227',b'7.076129',b'1011.0502',b'709.3896',b'-22.202597',b'928.47076',b'710.66406',b'-8.003455',b'1021.24097',b'834.0282',b'137.81854',b'928.9594',b'835.30743',b'136.32318',b'1014.66455',b'852.98663',b'144.09886',b'936.11816',b'853.61035',b'140.98485',b'1025.3972',b'875.73834',b'-20.81337',b'923.77686',b'879.42346',b'-16.401857'
image_010.jpg,b'967.31506',b'337.03207',b'-255.95844',b'972.95825',b'326.06992',b'-229.07584',b'977.0271',b'325.73666',b'-229.1258',b'980.4389',b'325.69946',b'-229.1851',b'960.3577',b'328.5449',b'-230.6365',b'956.244',b'329.8812',b'-230.64188',b'951.9855',b'331.0669',b'-230.57089',b'985.24243',b'331.69058',b'-89.18997',b'946.5271',b'336.6331',b'-97.952225',b'978.06665',b'349.96732',b'-206.29752',b'961.5356',b'352.52267',b'-208.62842',b'1025.0168',b'399.3765',b'-28.543629',b'911.00934',b'406.6786',b'-32.379616',b'1109.6472',b'389.89462',b'-58.300495',b'825.14545',b'406.20435',b'-73.318214',b'1177.7417',b'368.2121',b'-197.39342',b'752.891',b'399.51407',b'-250.80609',b'1201.5518',b'369.89853',b'-232.77406',b'729.76',b'401.96777',b'-292.2713',b'1201.7716',b'365.84186',b'-269.49466',b'730.6524',b'399.32962',b'-330.51172',b'1192.8369',b'365.32877',b'-221.39516',b'738.66125',b'399.79266',b'-275.68018',b'1003.3076',b'575.4689',b'-5.6268272',b'938.1116',b'575.4806',b'5.629481',b'1010.667',b'710.6392',b'-32.455475',b'928.07086',b'712.65356',b'-25.187124',b'1021.3415',b'834.3314',b'160.36737',b'928.75586',b'836.74365',b'150.587',b'1015.7199',b'850.75714',b'169.62143',b'935.84607',b'854.9118',b'158.61017',b'1026.115',b'875.3193',b'0.608496',b'923.8797',b'876.4266',b'-1.5851499'
image_011.jpg,b'968.1125',b'340.2978',b'-207.83446',b'974.7544',b'329.5818',b'-182.9733',b'979.15063',b'329.67978',b'-183.05237',b'982.913',b'329.907',b'-183.11444',b'961.4447',b'330.86456',b'-182.84845',b'957.1934',b'331.62048',b'-182.84554',b'953.36163',b'332.4529',b'-182.79811',b'988.1973',b'336.70718',b'-56.269295',b'948.6552',b'340.186',b'-55.519012',b'978.8332',b'352.19083',b'-163.18906',b'960.21216',b'353.26303',b'-162.83234',b'1027.393',b'406.79086',b'-12.074867',b'916.2115',b'411.48923',b'7.151964',b'1107.8756',b'419.64536',b'-48.13838',b'838.5438',b'435.5577',b'-7.510978',b'1172.0945',b'442.26468',b'-199.36696',b'769.0423',b'464.88855',b'-136.29985',b'1189.3031',b'453.1131',b'-231.58481',b'750.40295',b'475.3858',b'-167.50366',b'1187.2361',b'453.1161',b'-270.65503',b'752.4964',b'476.3302',b'-209.60504',b'1180.0781',b'450.92145',b'-221.68115',b'759.6354',b'474.992',b'-160.18542',b'1002.8897',b'574.51685',b'-8.02137',b'938.3487',b'574.9203',b'7.9876533',b'1011.50494',b'708.3859',b'-24.571787',b'928.1953',b'711.72',b'-17.980467',b'1021.24945',b'833.1024',b'131.84256',b'927.93085',b'835.8099',b'127.0749',b'1016.10547',b'849.7449',b'138.06212',b'933.9528',b'852.97595',b'131.75255',b'1028.4371',b'875.1071',b'-26.101149',b'923.2993',b'878.08356',b'-26.534712'
image_012.jpg,b'972.7169',b'341.993',b'-235.2127',b'977.6129',b'330.33792',b'-210.11905',b'981.63525',b'330.18967',b'-210.17583',b'985.0733',b'330.1043',b'-210.23222',b'966.0017',b'331.37045',b'-210.5243',b'961.994',b'331.9311',b'-210.51581',b'957.9426',b'332.7293',b'-210.45079',b'990.2282',b'336.18796',b'-78.53506',b'951.1278',b'339.8435',b'-81.05037',b'982.16754',b'353.5664',b'-188.35109',b'966.3169',b'354.85272',b'-188.88162',b'1030.118',b'402.64536',b'-25.438202',b'915.9009',b'407.44595',b'-14.166959',b'1114.9714',b'396.90494',b'-61.076782',b'831.20416',b'417.17944',b'-28.912157',b'1176.293',b'387.84418',b'-203.84851',b'756.2768',b'417.6894',b'-169.99837',b'1198.9902',b'391.0753',b'-238.85548',b'734.0013',b'423.21228',b'-205.1841',b'1199.6001',b'388.15457',b'-274.82874',b'734.17035',b'421.34933',b'-245.45663',b'1191.1381',b'387.88467',b'-227.22821',b'742.1764',b'421.0551',b'-194.60655',b'1002.931',b'572.9491',b'-8.2365055',b'938.2478',b'573.3601',b'8.238595',b'1011.3201',b'710.22864',b'-27.055851',b'929.90485',b'711.5146',b'-8.27048',b'1022.6311',b'832.146',b'141.1204',b'929.7483',b'837.3745',b'138.65862',b'1016.0415',b'848.5395',b'148.2611',b'937.8002',b'854.5674',b'143.72333',b'1024.4183',b'873.7856',b'-17.215584',b'926.1875',b'877.68945',b'-14.591146'
image_013.jpg,b'970.09515',b'343.5394',b'-281.88547',b'975.3921',b'333.00006',b'-254.88431',b'979.5053',b'332.5063',b'-254.93294',b'983.54816',b'332.18124',b'-254.99788',b'963.4242',b'334.40958',b'-256.4974',b'959.5978',b'334.9241',b'-256.5037',b'955.4792',b'335.4665',b'-256.41974',b'988.2392',b'335.95645',b'-109.160164',b'949.86005',b'338.8946',b'-117.118004',b'979.5837',b'355.8042',b'-229.13846',b'964.006',b'358.22696',b'-231.29182',b'1028.2001',b'398.7591',b'-39.85364',b'912.56616',b'405.9177',b'-35.574272',b'1110.8915',b'385.22275',b'-71.068634',b'823.66223',b'399.31586',b'-52.827766',b'1173.4757',b'354.37482',b'-218.15073',b'750.9647',b'371.90244',b'-216.83644',b'1197.3998',b'353.39053',b'-258.45505',b'729.31433',b'374.39072',b'-257.7678',b'1196.0768',b'349.94693',b'-292.89835',b'731.1022',b'370.09946',b'-295.6939',b'1187.7202',b'350.10773',b'-241.83109',b'738.7008',b'369.7212',b'-240.8709',b'1003.3021',b'577.5544',b'-10.475204',b'938.28156',b'576.7382',b'10.526253',b'1012.4058',b'712.34894',b'-32.73433',b'927.7086',b'713.9829',b'-10.466197',b'1020.48615',b'833.5522',b'171.74643',b'928.91406',b'835.4502',b'169.22131',b'1015.94147',b'851.589',b'182.04756',b'935.9424',b'855.4813',b'177.59834',b'1022.74554',b'874.74585',b'11.103898',b'924.31805',b'879.7515',b'14.316009'
image_014.jpg,b'972.3255',b'349.7772',b'-256.21133',b'977.46735',b'338.08234',b'-233.0962',b'981.5867',b'338.25812',b'-233.18149',b'985.18567',b'338.33896',b'-233.22278',b'964.74255',b'338.92212',b'-234.03441',b'960.1482',b'339.6407',b'-234.01797',b'956.0194',b'340.20874',b'-233.96338',b'989.4508',b'342.67096',b'-104.97868',b'949.829',b'346.25357',b'-107.77974',b'982.13824',b'360.76312',b'-210.15729',b'964.44434',b'361.84055',b'-210.806',b'1028.1053',b'412.0681',b'-53.65961',b'914.12537',b'417.44522',b'-26.757374',b'1102.7166',b'434.65826',b'-116.383286',b'839.7303',b'454.4339',b'-24.36067',b'1156.2484',b'456.76245',b'-319.07114',b'767.7665',b'483.115',b'-135.64206',b'1176.5663',b'468.12817',b'-357.43143',b'749.9106',b'493.38867',b'-162.05646',b'1172.4084',b'468.69434',b'-396.64026',b'750.1659',b'492.97153',b'-205.99452',b'1163.8004',b'466.38348',b'-342.44824',b'757.16113',b'491.33926',b'-159.11557',b'1004.54095',b'575.4732',b'-10.731961',b'940.07263',b'578.0257',b'10.746685',b'1013.5516',b'711.5646',b'-13.79815',b'933.1829',b'714.188',b'2.2040522',b'1022.29456',b'834.79',b'124.17119',b'929.5921',b'839.37506',b'128.31073',b'1017.44763',b'850.7612',b'127.808464',b'935.38477',b'856.92645',b'130.96124',b'1021.86804',b'874.13403',b'-39.84956',b'924.30707',b'879.4257',b'-26.756113'
image_015.jpg,b'972.7145',b'336.84442',b'-235.93105',b'977.3116',b'326.7896',b'-209.75494',b'981.02545',b'326.8007',b'-209.78125',b'984.92957',b'326.9407',b'-209.8406',b'966.08325',b'328.04803',b'-212.43716',b'962.0342',b'328.87088',b'-212.44298',b'957.70795',b'329.55005',b'-212.39287',b'989.91174',b'331.76083',b'-67.43456',b'949.6788',b'333.53265',b'-82.03869',b'980.98804',b'348.67297',b'-184.24054',b'965.4601',b'350.5392',b'-188.43379',b'1028.6196',b'383.7401',b'0.9326119',b'910.24365',b'386.07684',b'-17.366096',b'1108.4899',b'365.4065',b'-8.713811',b'829.46924',b'375.14526',b'-52.49617',b'1180.5203',b'349.05237',b'-136.3416',b'750.7033',b'366.16306',b'-214.00298',b'1203.9198',b'351.03165',b'-170.97766',b'732.6258',b'371.28366',b'-254.52667',b'1203.0289',b'348.69705',b'-212.09161',b'735.0917',b'369.47437',b'-289.55634',b'1195.8352',b'349.4674',b'-162.65416',b'741.38684',b'369.0169',b'-237.77544',b'1003.0332',b'570.99646',b'0.23779558',b'936.5421',b'572.28595',b'-0.3206895',b'1011.4675',b'708.91125',b'-17.16068',b'927.2172',b'710.9753',b'-16.896725',b'1022.2197',b'831.9903',b'154.20627',b'929.9944',b'838.022',b'129.60286',b'1013.9545',b'848.1323',b'161.11684',b'939.3423',b'854.26666',b'134.2389',b'1027.8954',b'874.9379',b'-6.617416',b'927.4707',b'879.62634',b'-28.927485'
image_016.jpg,b'974.5472',b'339.72467',b'-245.8756',b'979.42395',b'328.74695',b'-219.7008',b'983.415',b'328.8204',b'-219.74982',b'986.2928',b'328.99698',b'-219.82184',b'966.083',b'329.51346',b'-222.92711',b'961.36255',b'330.17703',b'-222.9273',b'956.54614',b'331.0488',b'-222.87036',b'990.93634',b'333.59946',b'-73.32147',b'949.2633',b'335.41953',b'-89.54836',b'983.8032',b'351.04785',b'-192.46487',b'966.9219',b'353.9841',b'-197.13174',b'1026.6963',b'388.3692',b'-1.6990666',b'912.80835',b'392.02234',b'-13.546732',b'1110.7107',b'382.30472',b'-9.6478195',b'828.87683',b'391.44086',b'-36.387222',b'1177.0854',b'375.16602',b'-135.82002',b'753.9022',b'395.68378',b'-190.8509',b'1198.2782',b'378.9514',b'-166.19713',b'733.9193',b'403.09668',b'-228.17581',b'1198.5587',b'377.70078',b'-208.05963',b'736.95734',b'402.1748',b'-265.30356',b'1190.5613',b'377.37915',b'-160.68855',b'744.97076',b'401.51654',b'-214.42085',b'1003.0044',b'570.577',b'-2.8515763',b'938.9516',b'572.294',b'2.7023146',b'1012.614',b'713.0744',b'-35.672768',b'928.65686',b'716.4817',b'-25.803152',b'1019.19196',b'833.89526',b'147.66673',b'930.6176',b'836.7532',b'131.94719',b'1012.1909',b'848.1852',b'155.75822',b'939.1536',b'851.2211',b'137.8562',b'1024.0547',b'875.0152',b'-14.755599',b'925.88245',b'876.5702',b'-28.066174'
image_017.jpg,b'970.8402',b'346.9152',b'-294.62738',b'977.9565',b'335.07205',b'-273.99692',b'982.2926',b'334.92188',b'-274.0784',b'986.45483',b'334.89618',b'-274.1669',b'963.96045',b'335.3645',b'-274.44766',b'959.8091',b'335.53613',b'-274.4486',b'956.1817',b'335.75043',b'-274.38458',b'991.9065',b'336.92398',b'-134.73218',b'950.0116',b'337.82953',b'-135.42134',b'979.9697',b'358.23782',b'-241.4657',b'962.2252',b'358.55396',b'-241.68555',b'1028.0385',b'393.22318',b'-50.481415',b'913.1078',b'396.9409',b'-39.63545',b'1110.4425',b'411.3943',b'-68.01645',b'834.89453',b'424.61478',b'-37.05607',b'1175.7922',b'444.2441',b'-227.7157',b'758.91986',b'460.45914',b'-179.98593',b'1193.7642',b'455.1191',b'-262.84497',b'742.9737',b'469.94492',b'-212.02687',b'1190.0293',b'456.5404',b'-307.02438',b'745.1333',b'471.25586',b'-259.88348',b'1182.6395',b'455.1907',b'-251.43336',b'751.82306',b'470.2563',b'-204.4946',b'1002.74194',b'571.85767',b'-6.8620005',b'938.3818',b'572.1582',b'6.82897',b'1012.8043',b'712.0031',b'-37.456123',b'927.3601',b'717.3219',b'-8.672001',b'1022.1049',b'836.3054',b'144.1951',b'931.05975',b'839.3587',b'153.76224',b'1016.45416',b'849.73804',b'152.42947',b'937.33154',b'852.83234',b'160.70085',b'1028.9991',b'875.0115',b'-18.277884',b'922.9464',b'876.9258',b'-2.4676857'
image_018.jpg,b'973.56915',b'347.38763',b'-212.28618',b'978.37805',b'334.604',b'-187.1597',b'982.1916',b'334.29144',b'-187.17728',b'985.9535',b'334.17984',b'-187.24382',b'967.23645',b'334.9444',b'-188.6949',b'963.43005',b'334.80206',b'-188.69188',b'959.7834',b'334.76755',b'-188.6018',b'992.38586',b'337.49652',b'-39.437508',b'952.99054',b'336.4173',b'-47.608845',b'980.5386',b'357.92072',b'-157.37846',b'966.963',b'357.27075',b'-159.67558',b'1025.4619',b'380.1013',b'39.49813',b'916.2266',b'383.47458',b'32.285812',b'1104.8643',b'361.62027',b'32.419598',b'836.8906',b'371.6359',b'34.8097',b'1178.9677',b'344.00317',b'-100.31749',b'755.57574',b'358.4655',b'-106.64',b'1202.1544',b'344.79944',b'-136.888',b'733.40344',b'362.34634',b'-144.65253',b'1201.4512',b'342.79538',b'-178.88821',b'734.6936',b'360.4334',b'-179.44357',b'1195.0264',b'343.39194',b'-127.84972',b'742.8644',b'360.5216',b'-129.42583',b'1004.8888',b'569.5846',b'-5.196037',b'940.08234',b'571.75336',b'5.098092',b'1012.52747',b'712.37164',b'-65.11229',b'928.8835',b'715.9564',b'-39.36864',b'1021.2429',b'836.35266',b'144.86322',b'929.6966',b'839.5571',b'141.53397',b'1016.5758',b'852.2198',b'155.54115',b'934.68854',b'852.6059',b'150.21411',b'1026.0065',b'878.86847',b'-18.257267',b'924.0756',b'881.86316',b'-12.315984'
image_019.jpg,b'974.4835',b'349.71805',b'-285.6974',b'977.72577',b'336.69205',b'-263.5529',b'981.54834',b'336.1651',b'-263.58508',b'985.1511',b'335.88565',b'-263.65756',b'966.954',b'337.84772',b'-266.50122',b'963.3474',b'338.0547',b'-266.50854',b'959.7711',b'338.41763',b'-266.46808',b'990.3242',b'337.4083',b'-115.90189',b'951.44214',b'340.83496',b'-130.03029',b'982.5242',b'358.69598',b'-228.48181',b'968.2957',b'358.8231',b'-232.71475',b'1027.201',b'381.1478',b'-21.841204',b'912.8938',b'385.22882',b'-50.983727',b'1109.7373',b'360.61172',b'-19.593136',b'830.4803',b'375.4053',b'-83.33239',b'1181.4347',b'342.0669',b'-154.96701',b'752.8231',b'362.47113',b'-264.67557',b'1204.1472',b'342.39273',b'-189.15762',b'731.7494',b'365.1578',b'-307.5958',b'1204.214',b'340.153',b'-233.67958',b'734.34766',b'361.76764',b'-348.83505',b'1196.8378',b'340.84875',b'-182.27098',b'741.84973',b'361.96753',b'-290.32553',b'1004.9097',b'569.8381',b'-1.1293591',b'939.05096',b'571.3862',b'1.1030569',b'1012.1177',b'707.8542',b'-36.357754',b'926.5301',b'712.9747',b'-22.070196',b'1019.86554',b'832.8855',b'142.706',b'931.352',b'839.81116',b'128.85551',b'1014.10986',b'850.4916',b'150.42567',b'937.87915',b'858.3233',b'134.19502',b'1027.8428',b'876.9464',b'-26.374985',b'922.08655',b'882.08905',b'-35.170383'
image_020.jpg,b'971.1162',b'344.38934',b'-255.99301',b'977.3396',b'332.95346',b'-231.67336',b'981.6599',b'332.6146',b'-231.74869',b'985.6023',b'332.44388',b'-231.83665',b'964.377',b'334.21448',b'-234.50514',b'959.8396',b'334.75644',b'-234.50598',b'955.88586',b'335.22263',b'-234.45393',b'990.763',b'335.1713',b'-90.32265',b'949.4541',b'338.12723',b'-104.12023',b'980.9278',b'355.46222',b'-203.85277',b'963.26685',b'357.35825',b'-207.76678',b'1026.8651',b'392.2012',b'-21.177505',b'912.80615',b'398.32678',b'-23.84777',b'1113.7562',b'396.527',b'-28.34333',b'830.2318',b'414.73596',b'-30.628767',b'1184.4457',b'403.78372',b'-156.63976',b'756.2839',b'435.52386',b'-178.06403',b'1202.9911',b'409.7724',b'-186.39946',b'738.22095',b'444.45496',b'-210.99275',b'1203.1405',b'410.42715',b'-230.18881',b'741.2232',b'443.7984',b'-258.575',b'1195.675',b'410.0594',b'-181.12073',b'748.567',b'442.62708',b'-204.1897',b'1003.35803',b'571.8191',b'-5.2415447',b'939.1899',b'572.8196',b'5.1679573',b'1011.60333',b'711.91223',b'-35.58018',b'928.09705',b'716.20996',b'-27.450785',b'1019.0768',b'835.0752',b'137.83804',b'928.82574',b'837.8224',b'122.72624',b'1013.0928',b'848.176',b'145.11732',b'937.0948',b'852.25854',b'127.857414',b'1025.0295',b'874.5047',b'-22.032856',b'923.293',b'876.66455',b'-36.977367'
image_021.jpg,b'971.48083',b'342.4754',b'-234.15611',b'977.1215',b'331.3294',b'-209.04898',b'981.5102',b'331.44302',b'-209.1171',b'984.7094',b'331.62936',b'-209.19818',b'963.39844',b'331.97107',b'-212.05054',b'958.983',b'332.54346',b'-212.04492',b'954.4215',b'333.30243',b'-211.99501',b'989.4269',b'336.8616',b'-70.359795',b'949.0786',b'338.54456',b'-84.78851',b'981.4911',b'355.11432',b'-183.74942',b'963.9972',b'357.2376',b'-187.89438',b'1025.6951',b'393.36682',b'-10.494225',b'914.34644',b'398.67368',b'-13.17835',b'1110.6764',b'391.61948',b'-26.202316',b'829.6174',b'403.42197',b'-30.47219',b'1186.9261',b'397.38242',b'-155.25829',b'752.8026',b'421.72644',b'-176.19952',b'1204.7333',b'403.80814',b'-183.96587',b'734.2923',b'429.27203',b'-208.96062',b'1203.7665',b'405.10376',b'-226.64783',b'736.6747',b'428.4054',b'-254.5324',b'1196.7045',b'405.03287',b'-179.87915',b'744.0889',b'428.123',b'-202.31108',b'1003.03094',b'572.20374',b'-5.5753756',b'940.2799',b'573.76575',b'5.447782',b'1011.2579',b'712.689',b'-34.71898',b'927.9855',b'716.10486',b'-18.961473',b'1022.6748',b'835.79694',b'123.8108',b'930.1415',b'836.2438',b'122.520035',b'1015.1499',b'849.3641',b'129.14062',b'938.4197',b'853.0743',b'126.52811',b'1023.6744',b'874.101',b'-45.45483',b'924.4377',b'876.75055',b'-37.892536'
image_022.jpg,b'973.8262',b'345.45587',b'-278.87375',b'978.89966',b'333.3747',b'-253.91862',b'982.19214',b'333.48642',b'-253.97379',b'985.0915',b'333.56055',b'-254.0593',b'966.2351',b'333.679',b'-257.69836',b'961.6317',b'334.1053',b'-257.70407',b'957.2728',b'334.56497',b'-257.64102',b'989.73517',b'337.4545',b'-107.59327',b'949.69324',b'338.92596',b'-125.388695',b'981.94635',b'356.08673',b'-224.39053',b'966.4736',b'357.8874',b'-229.46217',b'1026.4207',b'390.28186',b'-27.044998',b'912.85596',b'397.26544',b'-44.324684',b'1109.8394',b'379.39542',b'-33.244137',b'827.2319',b'393.4977',b'-53.7547',b'1177.0688',b'362.9403',b'-163.7658',b'749.0117',b'391.43423',b'-205.54092',b'1199.1359',b'362.73926',b'-196.53036',b'728.23987',b'396.28235',b'-243.25735',b'1199.2941',b'359.47015',b'-236.94824',b'730.34155',b'394.09393',b'-286.19086',b'1190.7795',b'359.79037',b'-188.6029',b'737.5869',b'393.7975',b'-231.0153',b'1001.7661',b'571.7475',b'-2.8233306',b'937.80023',b'572.7899',b'2.7920287',b'1011.1721',b'714.40826',b'-32.658485',b'927.55786',b'716.9128',b'-27.205631',b'1018.7367',b'835.3393',b'150.66728',b'928.49786',b'837.7177',b'131.15564',b'1012.5976',b'848.26733',b'158.89276',b'937.843',b'853.32043',b'137.21533',b'1024.6558',b'875.1007',b'-11.470394',b'924.0495',b'876.42584',b'-31.240074'
image_023.jpg,b'967.7902',b'331.45712',b'-296.70135',b'972.6021',b'323.66226',b'-266.5627',b'976.1999',b'324.03558',b'-266.55383',b'980.1811',b'324.5679',b'-266.60648',b'963.4127',b'324.26532',b'-267.8025',b'959.9906',b'325.1422',b'-267.82773',b'956.68115',b'326.00217',b'-267.7508',b'986.78125',b'332.80988',b'-124.851494',b'951.0323',b'334.11203',b'-131.12857',b'975.0247',b'342.5128',b'-247.31493',b'961.413',b'343.88303',b'-248.92159',b'1031.341',b'393.7506',b'-53.212418',b'911.5378',b'400.68405',b'-62.778202',b'1123.5491',b'386.973',b'-83.42699',b'817.828',b'403.65176',b'-92.8163',b'1196.2714',b'338.51135',b'-223.31693',b'747.14307',b'353.45535',b'-253.24461',b'1214.1271',b'330.98407',b'-258.4963',b'731.938',b'347.43277',b'-293.84973',b'1207.2554',b'322.7222',b'-287.26996',b'737.1322',b'340.9987',b'-316.55878',b'1201.0447',b'324.69214',b'-244.68512',b'742.5277',b'342.45044',b'-271.00107',b'1005.7569',b'574.0541',b'1.716941',b'938.3168',b'574.5794',b'-1.6801122',b'1013.99023',b'713.4181',b'-17.73855',b'926.54694',b'718.64935',b'-23.077135',b'1022.3118',b'835.003',b'218.48463',b'932.5115',b'839.3132',b'161.77905',b'1015.7674',b'849.3051',b'232.23196',b'940.3121',b'851.589',b'170.43292',b'1025.4211',b'876.7719',b'68.2132',b'929.1248',b'881.8053',b'2.5566332'
image_024.jpg,b'970.2727',b'331.79984',b'-264.2698',b'974.94666',b'323.14148',b'-233.23958',b'978.75134',b'323.4065',b'-233.23836',b'982.7804',b'323.86124',b'-233.29697',b'965.20044',b'324.16037',b'-235.02216',b'961.5221',b'325.1874',b'-235.03088',b'957.9393',b'326.15607',b'-234.94936',b'989.2915',b'331.66098',b'-89.80054',b'951.75836',b'333.6776',b'-98.056206',b'978.2203',b'342.56976',b'-214.29099',b'963.83685',b'344.504',b'-216.53334',b'1032.7358',b'391.39038',b'-15.520831',b'911.4344',b'398.9465',b'-27.23812',b'1120.551',b'383.0709',b'-48.872074',b'820.0998',b'400.406',b'-57.103043',b'1189.571',b'327.39297',b'-191.50102',b'755.11053',b'341.6785',b'-209.84785',b'1203.3989',b'317.3526',b'-228.4567',b'740.9045',b'331.5474',b'-252.6261',b'1195.7169',b'307.69266',b'-250.4016',b'747.18115',b'323.85666',b'-268.04703',b'1190.5753',b'310.71143',b'-210.54811',b'752.6074',b'326.33948',b'-225.4792',b'1005.2459',b'574.0364',b'0.29957426',b'938.0316',b'573.1392',b'-0.27441448',b'1015.2786',b'712.7591',b'-3.885511',b'927.27814',b'715.6368',b'-12.833984',b'1022.2846',b'835.98584',b'217.58342',b'928.91095',b'836.9193',b'167.27528',b'1015.1885',b'849.7755',b'229.7656',b'937.97046',b'851.682',b'175.87532',b'1025.0535',b'873.38324',b'68.66398',b'927.3815',b'878.35834',b'14.139733'
image_025.jpg,b'972.1259',b'336.3176',b'-270.2744',b'976.5755',b'327.09442',b'-237.5164',b'980.2764',b'327.6071',b'-237.51198',b'984.23755',b'328.26126',b'-237.5633',b'966.3884',b'327.45715',b'-241.50996',b'962.81226',b'328.12314',b'-241.5156',b'959.20483',b'328.8744',b'-241.42447',b'989.8092',b'335.6399',b'-82.735535',b'952.08246',b'336.51648',b'-101.43471',b'980.7247',b'349.39563',b'-215.78748',b'966.071',b'349.3186',b'-221.09357',b'1030.7563',b'392.52536',b'0.958263',b'911.2533',b'398.2501',b'-26.755045',b'1116.322',b'378.19135',b'-19.699228',b'822.60504',b'391.26157',b'-59.769318',b'1185.3237',b'317.29105',b'-158.06017',b'760.5895',b'326.5557',b'-213.07521',b'1196.8918',b'303.8411',b'-195.557',b'749.27527',b'314.14664',b'-259.14117',b'1188.5763',b'296.2004',b'-219.4264',b'755.3448',b'307.45755',b'-272.04828',b'1184.2075',b'300.03033',b'-177.98459',b'759.9442',b'311.2107',b'-228.27504',b'1005.32214',b'575.20026',b'6.0389004',b'938.27356',b'574.394',b'-5.9489627',b'1014.3372',b'711.44885',b'6.8072877',b'926.6094',b'716.81525',b'-18.420177',b'1020.8233',b'836.6634',b'222.20534',b'931.82526',b'840.1122',b'155.76085',b'1014.0724',b'851.014',b'233.9037',b'940.79944',b'853.2868',b'163.25568',b'1028.4626',b'875.9772',b'72.00288',b'927.855',b'882.1239',b'-5.315702'
image_026.jpg,b'970.36194',b'341.75223',b'-236.6775',b'976.8883',b'330.81647',b'-211.514',b'980.8993',b'330.78336',b'-211.55818',b'984.9213',b'330.75305',b'-211.60115',b'964.1247',b'331.4736',b'-212.04196',b'960.0246',b'331.9442',b'-212.03781',b'956.2715',b'332.4658',b'-211.97264',b'991.05786',b'335.58026',b'-78.11077',b'949.4992',b'338.18707',b'-80.70855',b'979.54034',b'353.11884',b'-188.96109',b'962.73755',b'354.5978',b'-189.67184',b'1027.9615',b'399.42526',b'-33.340477',b'913.55383',b'402.39862',b'-11.859419',b'1111.4768',b'397.5287',b'-79.16509',b'830.0768',b'409.65866',b'-60.9214',b'1182.7034',b'411.1053',b'-228.97128',b'752.09686',b'434.76303',b'-227.09528',b'1197.8564',b'424.11423',b'-264.25012',b'740.5276',b'450.25568',b'-265.11282',b'1194.292',b'424.5025',b'-302.52872',b'743.8673',b'452.55887',b'-303.75708',b'1188.8157',b'420.9718',b'-251.70934',b'748.5078',b'449.6659',b'-251.01208',b'1001.4472',b'575.9101',b'-10.785567',b'936.1839',b'575.3771',b'10.698559',b'1010.76874',b'710.20807',b'-50.058804',b'924.742',b'715.91956',b'-20.244684',b'1020.6062',b'832.34155',b'153.38994',b'929.2789',b'836.5134',b'159.79648',b'1017.61035',b'850.0628',b'163.78552',b'935.85114',b'853.12787',b'168.08601',b'1025.1007',b'877.40704',b'-10.484194',b'922.5476',b'879.56903',b'8.567075'
image_027.jpg,b'968.78503',b'341.0555',b'-237.41382',b'974.31964',b'330.26038',b'-212.49582',b'978.9504',b'330.18317',b'-212.52385',b'982.4562',b'330.1447',b'-212.54903',b'961.1754',b'331.15268',b'-213.62006',b'957.10815',b'331.569',b'-213.6108',b'952.6734',b'332.23114',b'-213.51857',b'987.5244',b'334.31894',b'-73.44872',b'945.8629',b'336.58893',b'-80.40433',b'979.1417',b'354.1074',b'-187.11307',b'961.7363',b'356.89493',b'-189.07066',b'1026.1396',b'393.4171',b'-23.270592',b'910.98065',b'399.75772',b'-11.29678',b'1104.1626',b'377.18042',b'-125.89446',b'826.74976',b'397.67795',b'-74.50311',b'1177.3866',b'353.40268',b'-338.56436',b'749.52576',b'399.04272',b'-264.14902',b'1197.2427',b'360.7816',b'-385.71808',b'732.7142',b'411.43304',b'-305.6426',b'1194.2994',b'358.23734',b'-418.2029',b'734.84357',b'410.06525',b'-342.22632',b'1187.6019',b'356.3725',b'-362.5198',b'741.19275',b'407.487',b'-288.43814',b'1002.61633',b'574.7975',b'-8.482749',b'936.64355',b'574.57245',b'8.437379',b'1011.3595',b'709.777',b'-30.643505',b'925.595',b'713.2023',b'-10.213756',b'1019.73553',b'837.35394',b'131.01506',b'929.36865',b'836.1721',b'136.81752',b'1015.0933',b'854.83734',b'136.68219',b'938.2676',b'853.5554',b'141.4543',b'1024.4489',b'877.87103',b'-38.122334',b'924.3108',b'880.38495',b'-18.253067'
image_028.jpg,b'967.98834',b'341.39743',b'-239.06491',b'974.4979',b'330.36676',b'-215.1436',b'978.7873',b'330.144',b'-215.19183',b'983.0491',b'330.19443',b'-215.24376',b'961.5459',b'331.604',b'-212.30757',b'957.11566',b'332.20126',b'-212.30615',b'953.7368',b'332.88483',b'-212.23244',b'988.87665',b'334.91174',b'-85.677284',b'948.5327',b'338.15033',b'-72.69493',b'979.03174',b'353.52634',b'-192.86317',b'960.8813',b'355.32977',b'-188.932',b'1027.8462',b'398.33173',b'-37.48005',b'914.4056',b'405.0602',b'0.90291685',b'1111.0292',b'389.2686',b'-86.339096',b'827.9511',b'403.88885',b'-8.596233',b'1181.2957',b'377.3099',b'-237.68222',b'752.4671',b'402.56305',b'-147.29198',b'1200.2513',b'386.69214',b'-275.58725',b'735.18396',b'414.05646',b'-181.96236',b'1198.2443',b'384.25928',b'-312.9352',b'736.6887',b'412.56152',b'-221.62491',b'1191.324',b'381.9959',b'-261.78656',b'743.22974',b'410.49106',b'-171.88397',b'1001.40326',b'575.29675',b'-17.202744',b'935.94543',b'574.6461',b'17.154045',b'1010.8405',b'711.2837',b'-58.113346',b'924.7976',b'715.7919',b'-17.825714',b'1021.0101',b'833.14825',b'140.55566',b'930.65424',b'836.6023',b'160.298',b'1016.8198',b'851.35876',b'150.21632',b'937.81726',b'854.1275',b'168.50896',b'1025.2871',b'878.13794',b'-21.079632',b'920.3687',b'879.91437',b'12.525061'
image_029.jpg,b'969.2164',b'341.58652',b'-195.74261',b'974.89435',b'330.62592',b'-171.04112',b'979.3149',b'330.336',b'-171.09082',b'983.2871',b'330.27258',b'-171.13393',b'962.4486',b'331.38855',b'-170.34721',b'958.29834',b'331.71106',b'-170.33719',b'954.3393',b'332.2142',b'-170.24565',b'988.36707',b'335.03064',b'-41.461273',b'948.46515',b'337.85843',b'-39.121845',b'979.5478',b'353.97318',b'-149.74847',b'962.3638',b'355.54196',b'-148.92596',b'1027.3728',b'401.36383',b'-2.7765758',b'914.75433',b'407.98962',b'25.659967',b'1108.6035',b'402.88452',b'-80.95174',b'829.862',b'421.77563',b'-19.234224',b'1176.958',b'402.28018',b'-262.26404',b'756.19604',b'439.57205',b'-181.35013',b'1194.4493',b'408.85974',b'-302.88782',b'740.81036',b'453.95224',b'-217.50061',b'1190.1246',b'405.846',b'-337.888',b'742.2303',b'453.1033',b'-256.18475',b'1183.5801',b'404.43555',b'-284.61743',b'747.8326',b'449.9543',b'-205.25476',b'1000.86676',b'573.8172',b'-11.101264',b'936.4771',b'573.45825',b'11.051217',b'1011.83966',b'710.30133',b'-42.487427',b'925.92773',b'714.9559',b'-24.12979',b'1021.0461',b'836.2827',b'127.35553',b'928.1573',b'836.4053',b'134.02684',b'1015.04974',b'851.77124',b'134.56844',b'935.57166',b'854.5843',b'140.26065',b'1025.8893',b'875.7162',b'-33.748432',b'923.16473',b'877.28845',b'-16.427504'
image_030.jpg,b'969.6958',b'340.02484',b'-279.12796',b'975.0599',b'328.9703',b'-251.5785',b'978.68304',b'329.2314',b'-251.63583',b'982.3219',b'329.7658',b'-251.7058',b'963.81854',b'329.3358',b'-254.60432',b'959.6837',b'329.90372',b'-254.61032',b'956.06506',b'330.50513',b'-254.53194',b'987.3847',b'336.66077',b'-108.28121',b'950.1415',b'336.86392',b'-121.7688',b'978.4012',b'354.1891',b'-227.72708',b'963.19257',b'354.45938',b'-231.52701',b'1025.4158',b'396.41638',b'-42.450626',b'912.9272',b'403.4089',b'-50.413742',b'1106.9985',b'389.75845',b'-63.416332',b'823.4279',b'390.28302',b'-73.36456',b'1177.948',b'359.30145',b'-200.93832',b'753.0522',b'362.3353',b'-230.03479',b'1199.0151',b'362.82007',b'-236.85005',b'732.3552',b'364.39175',b'-269.1029',b'1198.5969',b'359.45694',b'-274.2541',b'736.04474',b'358.81442',b'-307.92825',b'1190.7258',b'358.71112',b'-225.66821',b'744.1068',b'358.08734',b'-254.5029',b'1003.00665',b'573.34717',b'-5.7671685',b'938.4032',b'574.51843',b'5.7853723',b'1011.5418',b'714.5293',b'-30.281027',b'926.83936',b'717.2606',b'-8.906647',b'1022.6095',b'838.38605',b'160.2956',b'929.64404',b'838.89075',b'160.00854',b'1017.35925',b'851.89667',b'169.0367',b'935.08',b'852.1982',b'167.50151',b'1026.3163',b'875.57306',b'-3.5286055',b'923.40924',b'877.13666',b'4.8853'
image_031.jpg,b'969.2561',b'339.16632',b'-225.3513',b'975.8326',b'329.019',b'-200.09824',b'980.0655',b'329.09622',b'-200.17665',b'983.67267',b'329.3242',b'-200.2567',b'961.9726',b'329.60648',b'-201.42383',b'957.56885',b'330.18826',b'-201.42476',b'953.3324',b'330.8504',b'-201.38025',b'988.8088',b'335.10718',b'-67.79008',b'948.1262',b'337.44528',b'-74.332344',b'980.6267',b'351.8721',b'-178.1546',b'961.4604',b'353.14972',b'-179.8856',b'1026.5527',b'405.60446',b'-11.7227335',b'914.1318',b'409.44302',b'-11.658125',b'1110.7251',b'419.5494',b'-36.942883',b'827.6447',b'426.58597',b'-33.050224',b'1179.0654',b'415.19055',b'-172.2112',b'753.9592',b'434.0758',b'-177.24734',b'1198.4994',b'425.00198',b'-201.69016',b'736.74066',b'445.4428',b'-210.40315',b'1198.3431',b'423.47913',b'-242.41965',b'737.8402',b'443.6121',b'-254.29659',b'1191.1735',b'421.49197',b'-195.81633',b'743.86066',b'441.31128',b'-202.68413',b'1002.13934',b'575.7533',b'-3.028368',b'937.4819',b'576.4944',b'2.9965966',b'1010.7487',b'712.77765',b'-12.91425',b'927.9395',b'717.62134',b'-15.694054',b'1020.3367',b'832.571',b'159.72469',b'928.3668',b'838.602',b'142.8381',b'1013.69434',b'848.59985',b'167.09581',b'935.58905',b'853.66437',b'148.97948',b'1024.2145',b'872.8171',b'1.3346057',b'925.0472',b'875.752',b'-13.59916'
image_032.jpg,b'969.94916',b'341.11554',b'-268.27032',b'975.41956',b'330.60144',b'-241.8144',b'979.28674',b'330.82086',b'-241.8657',b'982.9138',b'331.1776',b'-241.92172',b'963.4505',b'330.627',b'-243.62173',b'959.51105',b'331.0723',b'-243.62863',b'956.22076',b'331.60104',b'-243.5661',b'988.8239',b'336.95624',b'-100.35524',b'950.17755',b'337.633',b'-109.34719',b'978.9481',b'354.39468',b'-217.45251',b'963.18396',b'355.27423',b'-219.95747',b'1026.7379',b'397.1908',b'-33.290867',b'912.84985',b'401.26132',b'-38.120903',b'1110.4996',b'391.42078',b'-56.083183',b'825.38214',b'396.91083',b'-56.946785',b'1180.1018',b'362.10886',b'-196.31151',b'751.2847',b'380.01633',b'-216.11232',b'1199.4496',b'365.92706',b'-232.28108',b'730.8595',b'389.6088',b'-254.1121',b'1197.1116',b'361.7483',b'-269.16568',b'733.22955',b'386.36572',b'-295.37628',b'1190.019',b'361.00394',b'-220.42365',b'740.6923',b'383.74655',b'-241.27428',b'1003.1683',b'572.9686',b'-3.709573',b'937.78064',b'574.6366',b'3.7042406',b'1012.6155',b'710.20764',b'-37.146492',b'926.3768',b'715.7148',b'-21.913895',b'1021.84125',b'834.74664',b'157.66661',b'928.5763',b'837.1754',b'152.44414',b'1015.63293',b'849.48517',b'166.83052',b'934.28485',b'850.2827',b'160.61174',b'1026.7964',b'873.6315',b'-4.966675',b'923.309',b'876.63934',b'-1.020123'
image_033.jpg,b'968.86115',b'342.33453',b'-371.33127',b'975.8852',b'331.949',b'-350.95023',b'980.8145',b'332.52106',b'-351.0393',b'984.99506',b'333.09024',b'-351.13632',b'962.1141',b'331.98578',b'-351.54947',b'958.0287',b'332.38242',b'-351.58618',b'954.52924',b'332.91663',b'-351.59525',b'990.1014',b'338.40576',b'-218.79282',b'948.8881',b'339.9633',b'-219.45049',b'979.58026',b'354.62253',b'-322.0045',b'959.5878',b'354.106',b'-322.1068',b'1027.9696',b'411.28516',b'-127.20641',b'914.19574',b'412.39264',b'-127.320786',b'1103.9199',b'457.66125',b'-113.92327',b'843.9895',b'462.81293',b'-118.583855',b'1169.249',b'488.67343',b'-253.51527',b'773.43365',b'499.51196',b'-250.21771',b'1185.085',b'501.84744',b'-280.11588',b'756.4474',b'513.4929',b'-277.96436',b'1184.921',b'500.95056',b'-327.3828',b'756.1594',b'514.2944',b'-328.62622',b'1178.787',b'497.46033',b'-277.39786',b'762.01575',b'511.45587',b'-275.43927',b'1002.8873',b'577.092',b'-3.3937733',b'937.80817',b'576.4353',b'3.2968397',b'1012.4852',b'712.73047',b'-3.431886',b'926.7299',b'717.8377',b'5.6240005',b'1022.0348',b'835.34546',b'170.91824',b'929.73914',b'836.7636',b'177.83864',b'1015.5344',b'848.8801',b'177.90558',b'936.5816',b'850.53595',b'185.2298',b'1027.7689',b'874.7029',b'8.824509',b'924.6832',b'875.03815',b'24.83603'
image_034.jpg,b'968.1846',b'340.00406',b'-262.5624',b'973.4661',b'329.286',b'-235.81009',b'977.3567',b'329.36127',b'-235.85455',b'981.2822',b'329.6219',b'-235.93344',b'962.29016',b'330.08667',b'-236.5646',b'958.3527',b'330.79926',b'-236.56644',b'954.5953',b'331.4458',b'-236.47797',b'987.28625',b'335.9634',b'-93.019066',b'950.0448',b'336.86426',b'-97.507835',b'977.04816',b'353.663',b'-211.11092',b'962.0543',b'355.0164',b'-212.28693',b'1027.0912',b'395.4632',b'-16.389774',b'911.05835',b'401.02676',b'-24.36236',b'1112.2887',b'390.36487',b'-32.967724',b'825.60516',b'396.14157',b'-39.983368',b'1185.5079',b'363.1155',b'-184.06432',b'749.32776',b'371.02786',b'-204.37291',b'1208.5339',b'366.8498',b'-223.17113',b'727.6623',b'373.03815',b'-244.38152',b'1207.3226',b'362.76025',b'-259.8433',b'731.4363',b'367.9888',b'-280.62567',b'1200.1565',b'361.9128',b'-208.90607',b'739.60596',b'367.86084',b'-227.72374',b'1000.1427',b'569.239',b'1.0482354',b'934.1628',b'570.0461',b'-0.9919503',b'1012.2576',b'708.4678',b'-25.99361',b'927.9653',b'710.7819',b'-30.033335',b'1023.23535',b'835.7419',b'161.03642',b'929.572',b'835.90137',b'121.02794',b'1017.1026',b'848.56757',b'169.73923',b'936.0968',b'850.2747',b'126.482864',b'1027.5784',b'874.2122',b'1.0527495',b'924.1286',b'878.7818',b'-42.77028'
image_035.jpg,b'968.62244',b'339.14627',b'-255.12419',b'973.7108',b'328.75357',b'-227.1042',b'977.77716',b'328.8152',b'-227.16217',b'981.79266',b'329.08627',b'-227.22069',b'962.20483',b'329.87454',b'-229.75366',b'958.1579',b'330.62857',b'-229.75629',b'954.1387',b'331.4205',b'-229.68864',b'986.71954',b'334.90656',b'-81.76248',b'948.548',b'337.51114',b'-95.03274',b'978.1923',b'352.77957',b'-203.01973',b'962.7088',b'354.1173',b'-206.68097',b'1027.2966',b'393.83688',b'-16.304754',b'911.04175',b'403.3274',b'-23.792055',b'1106.9131',b'386.76852',b'-45.06298',b'822.1459',b'398.41632',b'-44.547707',b'1178.3251',b'354.79874',b'-196.7648',b'750.3568',b'376.99478',b'-209.28972',b'1200.813',b'357.8817',b'-236.39217',b'726.7949',b'380.48752',b'-249.95035',b'1199.8848',b'353.69342',b'-272.96408',b'728.4447',b'376.53018',b'-290.16397',b'1192.4736',b'352.62018',b'-221.88094',b'737.5675',b'375.8931',b'-234.56485',b'1002.22046',b'574.45905',b'-4.4826493',b'935.83704',b'574.5345',b'4.542803',b'1011.47565',b'708.6242',b'-25.39287',b'927.68744',b'710.5903',b'-18.413235',b'1021.0292',b'834.23505',b'166.57208',b'931.6426',b'838.2899',b'149.79315',b'1015.91754',b'853.8214',b'175.63622',b'938.17365',b'856.4159',b'156.90117',b'1025.401',b'878.0741',b'5.873968',b'925.12683',b'881.4479',b'-6.475549'
image_036.jpg,b'970.075',b'346.05603',b'-286.11655',b'975.38306',b'334.97504',b'-259.3532',b'979.602',b'335.14066',b'-259.40118',b'983.3423',b'335.3908',b'-259.46997',b'963.9869',b'335.25867',b'-262.74243',b'960.1736',b'335.69766',b'-262.7411',b'956.26385',b'336.1373',b'-262.6559',b'988.19037',b'339.86407',b'-110.22013',b'949.2088',b'340.6154',b'-126.65351',b'978.88837',b'358.61945',b'-231.41208',b'963.7698',b'359.24744',b'-236.02505',b'1025.9556',b'394.93405',b'-28.9263',b'911.26654',b'402.18393',b'-47.38784',b'1109.111',b'386.5496',b'-41.666183',b'821.6489',b'393.28854',b'-65.11192',b'1179.4319',b'352.8341',b'-192.55185',b'752.9989',b'367.8199',b'-231.9033',b'1201.5854',b'354.16534',b'-232.29921',b'728.79736',b'369.5815',b'-273.58194',b'1200.6216',b'350.38504',b'-269.40326',b'732.1562',b'364.62042',b'-312.2975',b'1192.7616',b'349.97067',b'-217.67836',b'741.41473',b'364.35223',b'-256.17813',b'999.8173',b'574.5111',b'-0.6004294',b'934.9861',b'574.6104',b'0.65362203',b'1011.204',b'708.5395',b'-26.439894',b'928.138',b'712.0111',b'-24.038528',b'1021.2582',b'834.2747',b'166.54224',b'931.849',b'837.00073',b'144.63081',b'1017.2065',b'853.6508',b'175.69199',b'935.9019',b'855.0468',b'151.74399',b'1028.1421',b'878.55804',b'3.1785097',b'926.81006',b'881.24805',b'-15.958811'
image_037.jpg,b'964.88226',b'342.6872',b'-321.09982',b'970.94916',b'332.39252',b'-296.24716',b'975.42334',b'331.90564',b'-296.29126',b'979.6166',b'331.54337',b'-296.3656',b'958.1671',b'333.7912',b'-297.79156',b'953.86896',b'334.36444',b'-297.80484',b'950.2391',b'334.85883',b'-297.72693',b'985.28687',b'335.51108',b'-151.6824',b'945.6335',b'338.47263',b'-159.33401',b'975.863',b'355.37814',b'-268.133',b'958.8143',b'357.31842',b'-270.24127',b'1024.3103',b'397.84476',b'-73.26833',b'908.8484',b'404.62457',b'-72.155594',b'1109.23',b'390.90405',b'-84.03508',b'821.1177',b'399.98303',b'-77.24305',b'1182.8881',b'361.7157',b'-221.62608',b'747.4384',b'379.1297',b'-231.72191',b'1206.073',b'365.2329',b'-256.3394',b'723.41284',b'385.1009',b'-268.93',b'1205.2238',b'362.5027',b'-298.49857',b'725.3617',b'381.514',b'-311.70038',b'1197.1461',b'361.8643',b'-247.48212',b'733.391',b'380.11237',b'-257.39386',b'998.92145',b'573.2267',b'-6.697588',b'933.601',b'573.31396',b'6.6407137',b'1009.7063',b'710.9936',b'-35.01557',b'928.4475',b'713.59576',b'-16.19648',b'1021.46234',b'835.03735',b'162.00117',b'931.0796',b'837.6438',b'159.48438',b'1016.105',b'850.5267',b'171.1403',b'936.9931',b'852.44617',b'167.42798',b'1027.6915',b'876.96295',b'-6.358937',b'925.03076',b'877.7491',b'2.0819623'
image_038.jpg,b'970.0636',b'339.71335',b'-230.01572',b'976.1083',b'329.2887',b'-203.95233',b'980.4267',b'329.2627',b'-204.0075',b'984.29364',b'329.38477',b'-204.06517',b'963.1107',b'329.83685',b'-204.37729',b'958.6297',b'330.3696',b'-204.37201',b'954.432',b'331.153',b'-204.29842',b'988.9129',b'334.60645',b'-71.849754',b'948.57983',b'337.8796',b'-74.54539',b'980.5021',b'352.65704',b'-183.54291',b'962.56165',b'353.97595',b'-184.16655',b'1025.4817',b'402.6169',b'-27.633709',b'912.2484',b'406.3974',b'-8.646508',b'1110.3107',b'405.06018',b'-62.35726',b'825.8221',b'409.1227',b'-34.34137',b'1180.7678',b'404.41946',b'-208.55228',b'751.4849',b'410.72745',b'-185.11714',b'1200.85',b'410.06387',b'-242.90572',b'732.7617',b'416.69138',b'-221.0895',b'1200.7567',b'408.62103',b'-282.3379',b'733.7572',b'414.72864',b'-261.1406',b'1193.5116',b'407.7308',b'-232.5546',b'740.24927',b'414.41367',b'-210.02943',b'1001.26855',b'575.42084',b'-10.509858',b'936.2537',b'575.29266',b'10.434458',b'1010.304',b'709.60565',b'-43.669586',b'926.782',b'714.2179',b'-18.707869',b'1022.25586',b'836.0027',b'142.732',b'930.0757',b'836.1575',b'150.12338',b'1017.09644',b'851.908',b'151.50209',b'935.7529',b'850.86694',b'157.82408',b'1025.4468',b'876.3686',b'-18.048872',b'925.3639',b'877.3272',b'2.4304283'
image_039.jpg,b'969.58673',b'342.5497',b'-254.87079',b'975.4581',b'331.03226',b'-229.9589',b'979.3358',b'330.78513',b'-230.0117',b'983.26514',b'330.59018',b'-230.07967',b'963.77734',b'332.14252',b'-230.58324',b'959.62585',b'332.7839',b'-230.58386',b'955.6991',b'333.4932',b'-230.52666',b'989.1948',b'335.1455',b'-95.238365',b'948.4407',b'339.05664',b'-98.49854',b'978.87854',b'353.86432',b'-206.58337',b'962.9504',b'355.80414',b'-207.34462',b'1027.0779',b'397.9392',b'-33.155746',b'913.94135',b'404.30112',b'-28.070074',b'1114.7056',b'396.24173',b'-48.67411',b'829.5278',b'409.80716',b'-35.432167',b'1181.5631',b'387.64136',b'-177.95522',b'753.79877',b'411.26413',b'-175.87915',b'1203.9003',b'393.9902',b'-209.85808',b'734.7044',b'419.56433',b'-210.08678',b'1203.9943',b'391.22635',b'-251.41411',b'735.8331',b'417.871',b'-251.82741',b'1195.2091',b'389.89',b'-203.05142',b'742.661',b'416.86533',b'-200.73361',b'1003.7098',b'570.5773',b'-5.2964587',b'938.2573',b'571.53284',b'5.22637',b'1013.7845',b'709.7243',b'-31.554712',b'930.7351',b'710.41376',b'-12.04598',b'1020.528',b'833.4236',b'148.20728',b'930.4307',b'835.9501',b'142.62926',b'1015.56244',b'851.8896',b'156.04352',b'936.49225',b'853.15106',b'148.31796',b'1027.8224',b'875.9262',b'-12.555975',b'922.9619',b'879.74725',b'-12.607205'
image_040.jpg,b'969.00055',b'340.81064',b'-361.2937',b'973.6138',b'329.69064',b'-339.97745',b'977.22906',b'329.68518',b'-340.01123',b'980.9278',b'329.86768',b'-340.09085',b'963.8541',b'330.7497',b'-341.81635',b'960.4643',b'331.5809',b'-341.8481',b'956.791',b'332.53265',b'-341.79614',b'986.807',b'333.87213',b'-192.35138',b'947.0441',b'337.0777',b'-201.10431',b'977.01746',b'351.08374',b'-304.69952',b'962.52844',b'352.556',b'-307.23883',b'1023.9846',b'381.70657',b'-95.3423',b'910.6455',b'387.51392',b'-103.3883',b'1112.8047',b'371.4081',b'-95.67339',b'823.00745',b'387.92676',b'-102.18461',b'1187.4543',b'356.55792',b'-225.18045',b'742.95435',b'375.1191',b'-246.59016',b'1207.2107',b'362.9509',b'-256.36108',b'722.4616',b'382.87366',b'-283.1569',b'1207.0947',b'360.90842',b'-302.54074',b'726.37756',b'379.5583',b'-327.48126',b'1199.7432',b'360.34207',b'-252.00848',b'734.4348',b'376.7235',b'-271.95834',b'1002.8951',b'567.7367',b'-6.9621267',b'937.5721',b'569.2727',b'6.8934994',b'1010.6242',b'707.24164',b'-39.47273',b'926.749',b'710.67224',b'-14.6854105',b'1019.0863',b'835.345',b'137.6296',b'929.33673',b'834.0881',b'136.04285',b'1014.65283',b'851.4969',b'145.02217',b'935.99536',b'853.3536',b'141.39737',b'1022.9846',b'875.1496',b'-34.497414',b'923.8755',b'877.64703',b'-27.82463'
image_041.jpg,b'974.2121',b'344.09964',b'-334.8029',b'979.60394',b'332.31342',b'-312.53302',b'983.546',b'331.99353',b'-312.58847',b'986.71375',b'331.74673',b'-312.67645',b'967.042',b'333.3432',b'-317.1029',b'962.5375',b'333.80316',b'-317.1239',b'957.9624',b'334.38318',b'-317.07758',b'991.1626',b'333.47714',b'-165.01855',b'949.19965',b'336.25766',b'-186.93288',b'983.1215',b'354.2087',b'-278.74033',b'966.85706',b'356.85046',b'-285.05658',b'1028.29',b'387.40912',b'-73.60218',b'912.3878',b'391.15286',b'-90.748856',b'1116.1569',b'394.2664',b'-61.603718',b'826.4863',b'404.16785',b'-82.28431',b'1187.4666',b'397.81824',b'-184.27179',b'746.7308',b'415.2699',b'-224.31052',b'1206.5562',b'405.72858',b'-211.14958',b'728.2299',b'422.90433',b'-255.77669',b'1207.3536',b'405.64886',b'-258.05212',b'729.3868',b'421.41672',b'-305.7218',b'1200.3932',b'404.51794',b'-209.70346',b'736.2255',b'420.4711',b'-251.02396',b'1003.78406',b'568.926',b'-2.107556',b'937.85065',b'570.13574',b'1.9907348',b'1012.9915',b'710.7694',b'-25.827003',b'930.5049',b'714.109',b'-14.206648',b'1019.6788',b'835.68097',b'133.61476',b'929.40845',b'838.76215',b'124.09218',b'1014.54816',b'851.7246',b'139.06801',b'936.4099',b'853.4239',b'128.16702',b'1020.3275',b'872.14575',b'-33.66609',b'924.7364',b'876.38666',b'-36.798515'
image_042.jpg,b'969.58386',b'337.5598',b'-249.81062',b'975.0823',b'328.40485',b'-224.55931',b'979.0925',b'328.46262',b'-224.61525',b'983.04553',b'328.64743',b'-224.68774',b'962.72577',b'329.76147',b'-226.31581',b'958.2496',b'330.86444',b'-226.32487',b'954.1159',b'331.93573',b'-226.27298',b'988.2329',b'334.22058',b'-91.62158',b'948.2968',b'338.60193',b'-99.10096',b'979.8342',b'349.5235',b'-202.38399',b'962.2315',b'352.0566',b'-204.46489',b'1026.9424',b'400.11563',b'-38.284634',b'912.96936',b'401.2653',b'-35.04035',b'1112.4966',b'406.93246',b'-53.346428',b'831.4759',b'426.02917',b'-49.76483',b'1190.8002',b'417.7493',b'-181.88844',b'750.4881',b'438.80975',b'-183.10835',b'1206.3271',b'427.1012',b'-211.9703',b'733.0436',b'449.16385',b'-213.66698',b'1205.3289',b'426.89862',b'-253.78973',b'733.9636',b'447.76807',b'-259.1938',b'1199.6268',b'425.2876',b'-206.02055',b'740.4095',b'446.2572',b'-208.60416',b'1002.7541',b'573.5764',b'-4.3639584',b'936.21515',b'573.26465',b'4.25587',b'1014.9962',b'711.00024',b'-56.73097',b'926.11786',b'713.2387',b'-24.369537',b'1020.8334',b'836.22015',b'120.29796',b'930.139',b'839.5331',b'128.29865',b'1013.31036',b'852.3257',b'128.48366',b'936.8425',b'854.1223',b'134.2757',b'1025.59',b'877.6066',b'-39.37693',b'925.4621',b'878.8287',b'-24.350586'
image_043.jpg,b'973.18256',b'331.58868',b'-248.84883',b'977.26434',b'323.08188',b'-221.65921',b'980.96124',b'323.31686',b'-221.70238',b'984.1778',b'323.7098',b'-221.76666',b'966.48425',b'324.2346',b'-223.26294',b'962.4194',b'325.32758',b'-223.27235',b'958.28546',b'326.64624',b'-223.2107',b'988.72455',b'330.89606',b'-82.732506',b'950.29974',b'333.73962',b'-91.41367',b'981.8406',b'343.0846',b'-199.36829',b'966.56775',b'345.95767',b'-201.70601',b'1029.0006',b'391.6826',b'-25.094082',b'911.5416',b'394.7946',b'-20.898645',b'1116.2905',b'383.4845',b'-49.97534',b'824.2493',b'391.0782',b'-34.060154',b'1186.9167',b'359.17056',b'-195.1568',b'746.7828',b'372.0347',b'-183.79788',b'1208.8878',b'362.4236',b'-230.9224',b'723.45123',b'376.3283',b'-221.3655',b'1208.4885',b'358.45334',b'-269.1535',b'724.80634',b'372.3124',b'-259.95126',b'1199.9653',b'357.45575',b'-220.10643',b'732.8271',b'371.50607',b'-208.17307',b'1003.61426',b'570.4809',b'-7.6084766',b'936.5201',b'570.30115',b'7.5819407',b'1009.9697',b'707.50665',b'-28.754519',b'928.57306',b'710.3615',b'-16.889996',b'1016.97095',b'833.6596',b'157.01614',b'929.3053',b'833.8767',b'146.07199',b'1013.3288',b'852.1909',b'165.762',b'936.3366',b'854.438',b'152.74725',b'1019.6205',b'874.6792',b'-2.8695924',b'926.93396',b'876.9616',b'-9.600128'
image_044.jpg,b'973.80396',b'341.11',b'-365.6766',b'977.5555',b'330.32892',b'-344.30002',b'980.91943',b'330.31543',b'-344.3336',b'984.3125',b'330.37244',b'-344.41766',b'968.0046',b'331.2193',b'-346.76538',b'964.6655',b'331.88385',b'-346.7957',b'961.25165',b'332.65396',b'-346.73782',b'990.4396',b'333.0914',b'-196.10738',b'951.9508',b'336.46912',b'-208.0058',b'982.10596',b'350.77164',b'-308.81076',b'969.32294',b'351.595',b'-312.25385',b'1027.2515',b'381.57794',b'-95.81233',b'917.12115',b'383.7755',b'-112.72251',b'1118.5889',b'373.13766',b'-91.47257',b'827.4817',b'382.87448',b'-111.20299',b'1191.9946',b'355.28452',b'-215.19162',b'748.5001',b'369.6896',b'-252.75545',b'1211.1302',b'359.92963',b'-244.96294',b'727.111',b'375.16522',b'-288.56168',b'1210.6357',b'356.28818',b'-291.9965',b'729.62463',b'371.76157',b'-332.4727',b'1203.2886',b'355.24554',b'-242.2349',b'737.27106',b'370.1785',b'-277.8526',b'1004.30286',b'565.7931',b'-2.2906713',b'937.3843',b'568.03735',b'2.1960588',b'1012.5315',b'708.9463',b'-24.734003',b'927.62634',b'713.34814',b'-10.30777',b'1020.0477',b'834.11273',b'146.53381',b'929.17487',b'838.2465',b'134.23291',b'1013.8453',b'849.67914',b'153.42816',b'935.2717',b'853.05347',b'138.91066',b'1023.95374',b'873.5998',b'-22.71132',b'926.27734',b'876.2418',b'-30.96266'
image_045.jpg,b'971.3928',b'339.67136',b'-301.7633',b'977.479',b'330.31165',b'-276.3974',b'981.56134',b'330.41174',b'-276.4465',b'985.5519',b'330.49622',b'-276.52042',b'964.98846',b'330.5214',b'-277.42325',b'960.5709',b'330.8661',b'-277.4278',b'957.1297',b'331.23843',b'-277.35236',b'990.8071',b'334.41693',b'-135.3027',b'951.3954',b'335.5498',b'-139.9875',b'980.5837',b'353.0345',b'-250.40677',b'963.46436',b'353.40167',b'-251.64034',b'1028.7722',b'400.18033',b'-55.977993',b'913.7341',b'403.9792',b'-52.932564',b'1116.0488',b'407.43405',b'-78.66162',b'824.30646',b'413.8679',b'-62.367523',b'1187.5315',b'381.4277',b'-223.52832',b'752.53375',b'382.57953',b'-222.29785',b'1210.2749',b'379.23624',b'-257.13315',b'730.2279',b'383.56436',b'-258.23044',b'1208.1229',b'373.1154',b'-289.36118',b'734.7209',b'378.1918',b'-293.68607',b'1199.7358',b'372.7041',b'-244.72212',b'743.1995',b'376.47992',b'-244.40186',b'1003.91364',b'574.05695',b'-7.591981',b'937.94727',b'573.4226',b'7.5869517',b'1012.8724',b'711.3715',b'-31.080458',b'929.53973',b'711.3631',b'-15.607248',b'1020.9297',b'835.12775',b'166.85422',b'930.3897',b'836.8555',b'162.40681',b'1017.4059',b'852.23004',b'176.8142',b'935.1664',b'852.68933',b'171.3362',b'1023.8579',b'877.16644',b'9.030254',b'925.79456',b'878.85956',b'12.316577'
image_046.jpg,b'964.62537',b'341.3396',b'-267.5836',b'972.0835',b'329.98196',b'-242.3982',b'976.4574',b'329.6782',b'-242.45044',b'980.09674',b'329.61142',b'-242.52414',b'958.609',b'330.98816',b'-241.65662',b'954.4489',b'331.34164',b'-241.65007',b'950.2575',b'331.84293',b'-241.57608',b'986.07477',b'334.1827',b'-104.39666',b'946.014',b'337.36148',b'-102.047386',b'976.302',b'353.86273',b'-217.6428',b'957.9656',b'355.21365',b'-216.78217',b'1026.752',b'403.3171',b'-32.278564',b'911.1453',b'408.69772',b'-16.228045',b'1111.7916',b'408.85226',b'-89.8308',b'820.7474',b'420.474',b'-51.186363',b'1172.9375',b'374.6164',b'-256.53372',b'753.874',b'386.4652',b'-223.49306',b'1197.6012',b'371.9814',b'-295.71524',b'733.16736',b'387.56097',b'-262.49823',b'1193.3574',b'365.9155',b'-320.57162',b'738.0114',b'380.98505',b'-289.46008',b'1183.8323',b'365.31726',b'-274.79346',b'746.45966',b'378.58228',b'-242.1253',b'1002.3269',b'574.8175',b'-11.535755',b'937.7929',b'573.8851',b'11.56511',b'1011.0909',b'710.7678',b'-20.610254',b'928.5102',b'711.7664',b'-15.535708',b'1020.65515',b'836.8392',b'169.67818',b'930.0073',b'836.7671',b'160.07085',b'1015.42694',b'853.14044',b'179.28984',b'935.9732',b'855.2211',b'168.89842',b'1023.8061',b'876.8709',b'15.361499',b'925.16284',b'878.7383',b'12.49583'
image_047.jpg,b'971.38983',b'345.03635',b'-255.19377',b'975.4714',b'334.00735',b'-227.82155',b'978.86035',b'333.94757',b'-227.8607',b'982.0327',b'333.97177',b'-227.92206',b'965.84485',b'334.69495',b'-229.30229',b'962.84216',b'335.1408',b'-229.29745',b'959.8139',b'335.60715',b'-229.22118',b'985.6693',b'338.2328',b'-85.20812',b'951.9342',b'339.91888',b'-94.11186',b'979.24963',b'356.28036',b'-204.09387',b'966.51355',b'357.853',b'-206.525',b'1026.4015',b'399.35513',b'-17.390789',b'911.83',b'406.8198',b'-15.823527',b'1111.7057',b'397.3566',b'-72.59008',b'821.7347',b'413.95367',b'-71.60484',b'1175.9727',b'360.44315',b'-238.6074',b'755.98627',b'376.14365',b'-271.94943',b'1198.8734',b'357.23993',b'-280.07803',b'735.4198',b'379.71112',b'-316.4046',b'1194.4642',b'350.54242',b'-306.21402',b'740.7857',b'373.14963',b'-344.36127',b'1185.8962',b'350.67807',b'-258.64203',b'749.1832',b'370.4331',b'-292.2666',b'1002.3196',b'574.0541',b'-7.953045',b'937.21783',b'573.5229',b'7.996651',b'1012.6666',b'710.21124',b'-19.963543',b'931.0631',b'708.75195',b'-7.203846',b'1019.2333',b'833.8317',b'164.01097',b'929.7092',b'836.2767',b'153.11818',b'1013.4391',b'850.4883',b'172.51146',b'936.57935',b'854.2244',b'159.71834',b'1022.0238',b'875.64014',b'5.123421',b'926.0157',b'879.09515',b'-1.3515984'
image_048.jpg,b'967.6741',b'349.42426',b'-207.1027',b'974.08765',b'337.16138',b'-182.39525',b'978.6636',b'336.86484',b'-182.47359',b'982.76404',b'336.62827',b'-182.55809',b'960.89307',b'338.68698',b'-182.1302',b'956.35095',b'339.40106',b'-182.13763',b'952.6638',b'340.08603',b'-182.06447',b'987.9029',b'340.00433',b'-52.727215',b'947.215',b'344.577',b'-53.237198',b'978.99603',b'361.44034',b'-160.97946',b'960.58844',b'363.62827',b'-160.95255',b'1026.3138',b'408.39374',b'-4.7521553',b'912.1578',b'413.47775',b'12.726935',b'1109.6903',b'419.83084',b'-66.00448',b'829.18884',b'434.69675',b'-49.43983',b'1171.6512',b'405.05365',b'-219.65387',b'760.44073',b'420.86017',b'-253.17375',b'1194.4768',b'403.27853',b'-256.12048',b'736.85254',b'423.06207',b'-294.589',b'1192.947',b'400.05185',b'-288.66904',b'738.8526',b'420.34686',b'-329.2683',b'1184.5875',b'400.3363',b'-240.56703',b'747.0329',b'420.24573',b'-276.5491',b'1002.9299',b'577.48004',b'-8.422114',b'937.9817',b'577.6301',b'8.429011',b'1013.0047',b'711.0257',b'-13.165415',b'928.6565',b'713.3284',b'-20.460022',b'1019.51556',b'834.7419',b'153.73595',b'928.17535',b'841.47766',b'132.09491',b'1014.3597',b'850.45355',b'161.57141',b'936.1223',b'857.8141',b'138.70952',b'1022.6116',b'872.5912',b'6.476402',b'924.15356',b'875.4492',b'-13.742953'
image_049.jpg,b'974.8534',b'340.24945',b'-245.81134',b'978.47',b'329.83432',b'-218.79556',b'982.2621',b'330.12656',b'-218.84563',b'985.6039',b'330.50955',b'-218.90977',b'967.2494',b'330.28796',b'-221.47203',b'963.1074',b'331.0025',b'-221.47029',b'958.82916',b'331.8538',b'-221.40462',b'988.961',b'336.385',b'-79.04929',b'951.3871',b'338.69464',b'-92.14952',b'983.3602',b'353.60962',b'-195.7767',b'968.8012',b'355.56146',b'-199.51093',b'1026.1208',b'398.81522',b'-16.915127',b'913.84174',b'404.2112',b'-25.098396',b'1109.3458',b'396.2061',b'-51.333485',b'827.83887',b'396.18256',b'-59.718678',b'1175.3872',b'373.04913',b'-198.8029',b'759.67175',b'372.89075',b'-226.6024',b'1195.5322',b'376.8308',b'-235.0683',b'738.8813',b'379.04773',b'-266.62408',b'1194.0043',b'371.72998',b'-266.51895',b'741.1947',b'374.39075',b'-303.05258',b'1186.7411',b'370.65256',b'-220.5478',b'749.17566',b'372.3083',b'-250.2028',b'1002.0498',b'574.1459',b'-4.891939',b'937.7384',b'575.23584',b'4.8879714',b'1010.574',b'709.21545',b'-34.10633',b'927.10016',b'713.81396',b'-21.728546',b'1021.73505',b'835.29535',b'145.38905',b'929.8665',b'837.94073',b'140.10706',b'1016.57855',b'850.04047',b'153.47873',b'935.771',b'852.8729',b'147.09705',b'1024.7224',b'876.11444',b'-16.611317',b'924.4658',b'876.8314',b'-11.954428'
image_050.jpg,b'971.8639',b'349.61752',b'-393.1429',b'977.9684',b'337.88544',b'-372.39276',b'981.81665',b'337.78363',b'-372.47507',b'984.98694',b'337.80453',b'-372.56177',b'963.9404',b'338.40045',b'-374.66223',b'959.1669',b'338.76178',b'-374.69623',b'954.6723',b'339.15964',b'-374.6833',b'989.6024',b'341.85583',b'-233.65555',b'948.77094',b'344.07544',b'-243.5235',b'981.57166',b'359.9931',b'-341.00537',b'962.78516',b'360.9527',b'-343.6959',b'1028.0083',b'410.82794',b'-139.02197',b'914.65735',b'413.6577',b'-140.27351',b'1104.9893',b'452.62964',b'-135.46513',b'841.94275',b'460.39157',b'-133.60254',b'1166.6343',b'480.06528',b'-295.79614',b'773.7728',b'499.12234',b'-267.28976',b'1183.1187',b'493.61633',b'-327.37155',b'759.88257',b'516.0844',b'-297.94388',b'1181.7169',b'492.4902',b'-375.0537',b'762.03235',b'515.8962',b'-345.58963',b'1175.5208',b'489.17255',b'-320.54834',b'767.1421',b'511.523',b'-291.45288',b'1004.50146',b'575.8759',b'-3.6919858',b'940.80505',b'576.47894',b'3.644083',b'1014.10767',b'710.5607',b'8.377355',b'930.0352',b'712.31616',b'4.640727',b'1018.52405',b'836.8114',b'163.32559',b'928.71497',b'838.4314',b'154.41435',b'1013.40533',b'854.18884',b'168.15298',b'934.93567',b'856.66437',b'159.26073',b'1023.1106',b'876.5391',b'-1.5932277',b'922.993',b'879.52795',b'-2.8744547'
image_051.jpg,b'966.80994',b'342.66406',b'-264.3978',b'972.82404',b'330.79706',b'-238.81812',b'977.22327',b'330.3891',b'-238.8946',b'981.26245',b'330.1361',b'-238.97266',b'959.81305',b'332.84372',b'-239.66019',b'955.3047',b'333.70477',b'-239.65517',b'951.19916',b'334.50613',b'-239.58528',b'986.19086',b'334.27637',b'-100.647',b'945.8311',b'339.17023',b'-104.14432',b'977.8482',b'354.74713',b'-214.53793',b'960.05255',b'357.53662',b'-215.38548',b'1026.6257',b'398.57578',b'-38.820778',b'910.37695',b'406.26834',b'-26.934214',b'1110.3608',b'395.80173',b'-79.13361',b'821.607',b'402.7241',b'-43.1649',b'1176.8202',b'371.1601',b'-233.62572',b'747.6658',b'382.46817',b'-193.04466',b'1197.4843',b'379.8588',b'-271.64087',b'728.1546',b'389.32764',b'-230.30061',b'1193.7859',b'375.2491',b'-307.06854',b'730.3176',b'385.0178',b'-270.45004',b'1185.6869',b'372.61664',b'-256.8086',b'737.7275',b'382.52533',b'-217.89336',b'999.98315',b'574.781',b'-10.4580765',b'934.69586',b'574.8538',b'10.484545',b'1009.9798',b'709.11566',b'-38.0262',b'925.7687',b'713.55145',b'-15.412776',b'1020.44116',b'835.1325',b'149.4372',b'928.8771',b'836.2586',b'151.85017',b'1014.3279',b'851.4762',b'158.06038',b'935.0338',b'853.3934',b'159.08032',b'1025.7035',b'876.3887',b'-13.693722',b'925.2892',b'878.676',b'-2.5773551'
image_052.jpg,b'965.76025',b'345.99814',b'-218.28494',b'971.99774',b'333.95193',b'-194.97414',b'976.1239',b'333.8362',b'-195.05197',b'979.72363',b'333.79965',b'-195.09581',b'957.7557',b'335.55612',b'-195.73688',b'953.539',b'336.25586',b'-195.74738',b'949.3247',b'337.0994',b'-195.72537',b'985.219',b'339.94034',b'-66.98494',b'944.606',b'344.04788',b'-69.92496',b'976.562',b'357.87445',b'-172.23653',b'957.8546',b'359.16415',b'-172.9727',b'1024.7975',b'409.66275',b'-7.1348295',b'912.2216',b'413.34384',b'-3.4824831',b'1102.4119',b'438.94458',b'-50.819084',b'838.1162',b'454.34332',b'-6.300175',b'1162.9075',b'460.51492',b'-232.08302',b'768.1724',b'488.42825',b'-119.38068',b'1179.0645',b'473.91086',b'-264.40912',b'755.5334',b'504.40396',b'-145.12961',b'1176.7318',b'473.62085',b'-305.05573',b'757.21497',b'504.8453',b'-188.66624',b'1170.186',b'470.7454',b'-254.87581',b'762.0694',b'500.6431',b'-141.53691',b'1002.07947',b'577.31506',b'-0.8572364',b'937.201',b'577.5733',b'0.76937443',b'1013.85065',b'712.18835',b'-3.168403',b'930.8318',b'715.83234',b'-12.112432',b'1023.4301',b'836.9333',b'137.79926',b'928.25653',b'838.4256',b'130.62239',b'1015.9938',b'852.1477',b'141.84367',b'933.74243',b'854.0801',b'135.35947',b'1026.3274',b'872.621',b'-26.790228',b'927.5788',b'874.94543',b'-26.448965'
image_053.jpg,b'968.1617',b'346.00385',b'-236.94882',b'974.519',b'334.79498',b'-211.97154',b'978.6094',b'334.56723',b'-212.03992',b'981.94165',b'334.33636',b'-212.11375',b'961.0708',b'335.784',b'-212.563',b'956.8452',b'336.21362',b'-212.55571',b'952.8482',b'336.598',b'-212.48334',b'986.9323',b'337.65662',b'-77.03758',b'947.27844',b'339.94772',b'-80.253815',b'978.4319',b'357.83307',b'-188.37694',b'961.92914',b'360.55704',b'-189.14645',b'1024.8728',b'401.43018',b'-21.565504',b'912.1849',b'405.36847',b'-11.397879',b'1106.8497',b'396.9575',b'-79.77955',b'824.4698',b'404.62375',b'-32.060753',b'1170.8861',b'381.8444',b'-248.27216',b'752.0213',b'387.7788',b'-174.6713',b'1192.2017',b'385.76425',b'-287.70047',b'731.84607',b'395.46848',b'-212.20885',b'1190.4167',b'380.998',b'-321.9782',b'733.8463',b'391.36746',b'-250.65596',b'1182.6206',b'379.93805',b'-271.17365',b'741.08575',b'388.95566',b'-198.58676',b'999.54047',b'575.113',b'-7.7887783',b'935.1446',b'575.6162',b'7.7773037',b'1010.29486',b'711.83984',b'-29.203749',b'926.4354',b'717.26306',b'-21.609915',b'1019.68555',b'835.11127',b'145.92116',b'928.4514',b'840.0908',b'134.44264',b'1013.5895',b'850.0695',b'153.92624',b'936.2368',b'856.033',b'140.55775',b'1024.5669',b'873.0028',b'-13.752166',b'924.1765',b'875.64557',b'-22.387123'
image_054.jpg,b'968.6287',b'344.92065',b'-191.54791',b'975.2132',b'332.33432',b'-166.22113',b'979.5673',b'332.04135',b'-166.30154',b'983.016',b'331.7601',b'-166.37712',b'961.1848',b'333.58228',b'-167.41954',b'956.4603',b'334.246',b'-167.41902',b'952.381',b'334.88184',b'-167.35408',b'987.47797',b'336.4086',b'-36.727272',b'945.85675',b'341.04837',b'-42.924026',b'979.03436',b'356.5894',b'-145.5653',b'960.3988',b'357.98566',b'-147.21713',b'1025.587',b'404.96942',b'9.917027',b'910.9079',b'409.11923',b'21.870096',b'1106.7891',b'416.6924',b'-28.910034',b'832.84924',b'435.85483',b'13.728171',b'1167.1385',b'425.96533',b'-183.17181',b'758.8347',b'457.80084',b'-114.83894',b'1187.0497',b'436.5183',b'-217.1476',b'743.7108',b'469.75995',b'-146.44945',b'1185.5204',b'435.2308',b'-256.454',b'746.0353',b'468.83664',b'-189.58821',b'1177.4413',b'432.71512',b'-206.37152',b'751.91504',b'466.21094',b'-139.17134',b'1001.57935',b'573.54663',b'-7.1734147',b'936.89343',b'573.7102',b'7.1668577',b'1011.7061',b'711.9143',b'-21.017128',b'928.72144',b'715.8223',b'-20.771084',b'1020.0594',b'836.07886',b'129.54927',b'928.36096',b'840.2268',b'119.047356',b'1014.7744',b'851.5821',b'135.37126',b'935.91144',b'855.8726',b'123.691864',b'1023.0347',b'873.232',b'-27.240042',b'923.50415',b'876.7795',b'-34.621788'
image_055.jpg,b'967.11743',b'343.1876',b'-235.68617',b'973.78485',b'332.0259',b'-210.68102',b'978.0941',b'332.0341',b'-210.74693',b'981.258',b'332.16043',b'-210.80164',b'960.1569',b'332.6151',b'-212.67992',b'955.7767',b'333.13217',b'-212.66693',b'951.2456',b'333.93622',b'-212.5892',b'986.2232',b'336.87268',b'-77.94047',b'945.4695',b'340.07022',b'-87.65525',b'977.78894',b'356.38046',b'-188.37434',b'959.9755',b'357.432',b'-191.01976',b'1022.9844',b'403.70865',b'-32.01263',b'909.43427',b'408.4025',b'-23.623411',b'1105.4744',b'402.21725',b'-100.519875',b'821.97485',b'410.7095',b'-48.02877',b'1170.4601',b'395.23145',b'-281.7959',b'745.82587',b'409.83755',b'-173.58609',b'1190.5742',b'402.4957',b'-319.49133',b'729.7352',b'420.11768',b'-204.41853',b'1188.9263',b'400.44476',b'-357.0412',b'731.5053',b'417.58606',b'-246.13844',b'1181.1094',b'398.73334',b'-305.61465',b'737.47394',b'415.4694',b'-198.11546',b'1001.27655',b'576.3397',b'-4.985731',b'936.3259',b'578.21893',b'4.9230437',b'1011.17236',b'712.70605',b'-31.96641',b'927.129',b'718.06067',b'-11.797223',b'1022.6191',b'837.50183',b'132.60767',b'930.5572',b'838.1028',b'140.16661',b'1016.3514',b'853.3574',b'139.27237',b'936.91174',b'852.07074',b'146.10405',b'1028.0035',b'875.77637',b'-29.089426',b'925.8608',b'876.78326',b'-11.345709'
image_056.jpg,b'965.27057',b'341.85117',b'-241.5772',b'972.0669',b'329.85056',b'-217.1786',b'976.3738',b'329.71848',b'-217.25014',b'979.9309',b'329.73114',b'-217.31613',b'958.8703',b'330.90762',b'-218.66676',b'954.55505',b'331.51285',b'-218.67453',b'950.66925',b'332.15146',b'-218.6289',b'985.26514',b'335.941',b'-85.779175',b'944.8571',b'338.60257',b'-92.94543',b'976.1522',b'354.30478',b'-194.33545',b'957.91016',b'354.97507',b'-196.2581',b'1024.4622',b'401.6469',b'-34.7943',b'909.6991',b'408.12384',b'-24.765827',b'1108.2257',b'400.12753',b'-68.032776',b'825.02924',b'419.01392',b'-43.837444',b'1170.2217',b'392.74164',b'-204.24574',b'748.2289',b'418.75726',b'-178.07568',b'1190.4995',b'398.8742',b'-234.45645',b'731.63916',b'429.13278',b'-209.2377',b'1188.9487',b'396.86545',b'-274.8811',b'733.552',b'427.15216',b'-252.09857',b'1181.0721',b'395.47565',b'-227.54878',b'739.65076',b'424.81256',b'-202.84215',b'1001.42816',b'573.58466',b'-7.394038',b'937.63354',b'575.1327',b'7.3475065',b'1010.8991',b'712.5802',b'-33.482044',b'929.1505',b'715.20514',b'-18.791012',b'1021.6957',b'832.50134',b'140.373',b'928.2823',b'837.9657',b'136.3144',b'1014.5491',b'846.74915',b'148.08575',b'935.53455',b'855.1419',b'142.41951',b'1025.0035',b'872.82385',b'-17.920748',b'924.69324',b'875.8711',b'-17.507408'
image_057.jpg,b'966.6117',b'344.84528',b'-168.74962',b'973.2367',b'333.63718',b'-143.1157',b'977.2972',b'333.55844',b'-143.18835',b'980.846',b'333.56268',b'-143.2532',b'960.16376',b'334.37024',b'-143.5315',b'955.9766',b'334.93286',b'-143.53741',b'951.95496',b'335.59116',b'-143.4693',b'986.066',b'339.19305',b'-12.20841',b'946.4599',b'341.91986',b'-16.443253',b'977.56396',b'357.5522',b'-122.58841',b'959.3639',b'358.2034',b'-123.729774',b'1024.6255',b'409.2761',b'30.815521',b'912.84906',b'409.98935',b'40.493145',b'1102.4923',b'425.7327',b'-27.393799',b'834.9289',b'426.8661',b'-23.031042',b'1162.1362',b'446.5914',b'-207.62987',b'768.29724',b'452.52112',b'-220.61691',b'1181.8053',b'457.04166',b'-244.27191',b'752.2689',b'463.05734',b'-262.24985',b'1179.6595',b'456.07028',b'-282.10312',b'753.84155',b'462.76462',b'-295.82693',b'1172.2733',b'454.09277',b'-230.15416',b'760.5933',b'460.7115',b'-242.88986',b'1000.93005',b'572.7817',b'-4.437349',b'937.4562',b'572.6452',b'4.358498',b'1011.7647',b'709.5465',b'-19.323696',b'925.8267',b'712.60223',b'-32.657677',b'1021.07166',b'832.0869',b'127.58859',b'927.72046',b'839.35297',b'102.14803',b'1015.0304',b'847.195',b'133.03246',b'935.17584',b'856.97754',b'106.020294',b'1026.0708',b'872.7748',b'-27.19203',b'921.9309',b'874.5436',b'-53.625145'
image_058.jpg,b'970.98096',b'341.26364',b'-227.90607',b'975.8593',b'330.5496',b'-200.96954',b'979.70374',b'330.68002',b'-201.00838',b'983.88477',b'330.98898',b'-201.08278',b'964.18384',b'331.4985',b'-201.57297',b'960.1401',b'332.38568',b'-201.57622',b'955.80664',b'333.2864',b'-201.51398',b'989.1458',b'337.2595',b'-65.4737',b'949.997',b'339.11597',b'-69.35056',b'980.18097',b'354.22083',b'-179.70097',b'964.4933',b'356.43048',b'-180.67714',b'1028.415',b'396.67206',b'-5.043165',b'913.38043',b'403.9024',b'-6.68815',b'1109.4088',b'391.5065',b'-40.82277',b'828.7735',b'397.31934',b'-30.767576',b'1176.9077',b'364.35382',b'-197.86922',b'753.3462',b'366.65335',b'-185.0804',b'1200.9032',b'367.79767',b'-238.65172',b'732.14984',b'372.2725',b'-226.05821',b'1199.126',b'363.45657',b'-273.06592',b'735.0751',b'368.22684',b'-260.36493',b'1192.296',b'362.66617',b'-222.05363',b'742.2935',b'366.66156',b'-208.29063',b'1004.023',b'571.8071',b'-3.910574',b'938.289',b'572.04364',b'3.9464571',b'1013.4708',b'711.09717',b'-32.44966',b'931.9759',b'711.3118',b'-27.071342',b'1024.3182',b'831.3711',b'158.9482',b'931.2695',b'837.9057',b'124.61432',b'1016.50867',b'844.8172',b'168.51524',b'939.8331',b'854.08405',b'129.89902',b'1025.5449',b'875.1757',b'1.182616',b'928.2137',b'881.545',b'-37.576126'
image_059.jpg,b'964.3663',b'347.6368',b'-200.17032',b'970.36444',b'334.82904',b'-174.92833',b'974.5757',b'334.24673',b'-174.99449',b'977.83514',b'333.78497',b'-175.0352',b'956.9725',b'336.0466',b'-174.82637',b'952.7883',b'336.34464',b'-174.78639',b'948.5847',b'336.8375',b'-174.68845',b'982.3249',b'338.04892',b'-43.757202',b'942.09143',b'342.49237',b'-44.57551',b'974.3731',b'358.72983',b'-153.89311',b'957.0088',b'360.44492',b'-153.93877',b'1020.65137',b'407.07645',b'-1.0116948',b'910.06445',b'408.04303',b'24.283695',b'1095.6245',b'422.5695',b'-74.78053',b'831.94824',b'430.17868',b'-8.609606',b'1157.5607',b'440.0126',b'-282.26932',b'758.2761',b'447.7034',b'-166.20137',b'1178.854',b'449.6462',b'-325.8766',b'741.0141',b'460.9751',b'-202.91193',b'1175.4144',b'448.69394',b'-362.92487',b'742.813',b'460.4078',b'-239.8526',b'1167.2799',b'446.7742',b'-305.96832',b'748.8365',b'457.73453',b'-189.15341',b'996.8832',b'571.3772',b'-6.9142632',b'933.0132',b'573.6574',b'6.9071326',b'1008.95276',b'709.66693',b'-28.116125',b'926.3748',b'713.83185',b'-14.511705',b'1021.9906',b'832.1239',b'124.638374',b'928.84937',b'836.6659',b'119.16213',b'1014.58636',b'847.16113',b'130.44647',b'938.11145',b'852.52106',b'122.78948',b'1025.7113',b'875.2068',b'-35.099693',b'926.67487',b'878.4686',b'-37.075405'
image_060.jpg,b'962.83435',b'343.8945',b'-273.7157',b'969.03577',b'332.59137',b'-247.45726',b'973.3604',b'332.15158',b'-247.5054',b'977.5776',b'331.9955',b'-247.57193',b'956.0476',b'333.84686',b'-247.93562',b'951.79236',b'334.27042',b'-247.92993',b'948.54346',b'334.7003',b'-247.85262',b'983.8838',b'335.99405',b'-104.80591',b'943.04675',b'338.53064',b'-107.03892',b'972.8293',b'356.1037',b'-222.00644',b'955.79456',b'357.3809',b'-222.5607',b'1021.83',b'398.43314',b'-32.6529',b'906.4238',b'404.85034',b'-27.944946',b'1107.56',b'391.69797',b'-65.19361',b'818.7262',b'400.36053',b'-43.24943',b'1171.7063',b'364.29465',b'-222.88127',b'748.2655',b'369.7625',b'-206.37234',b'1194.4629',b'365.58603',b'-263.9941',b'725.2258',b'374.74365',b'-248.62149',b'1192.1116',b'361.35593',b'-298.88397',b'728.17145',b'371.18124',b'-285.7759',b'1183.8004',b'361.12427',b'-246.48798',b'736.8875',b'370.00092',b'-230.32277',b'997.8241',b'574.9228',b'-7.95591',b'932.3685',b'576.5957',b'7.989338',b'1009.4891',b'709.42',b'-33.063705',b'925.768',b'712.9703',b'-12.953688',b'1020.3551',b'832.3271',b'174.84207',b'930.9883',b'837.95166',b'167.43625',b'1014.1436',b'850.4337',b'185.42964',b'938.06323',b'853.26965',b'175.78087',b'1026.2816',b'875.73285',b'11.233937',b'926.16644',b'881.2926',b'10.189893'
image_061.jpg,b'970.4081',b'339.04773',b'-274.94913',b'975.40454',b'328.22314',b'-247.0715',b'979.44525',b'328.43243',b'-247.1195',b'983.35',b'328.81375',b'-247.19547',b'964.0597',b'329.20956',b'-250.45872',b'960.0604',b'330.09323',b'-250.45702',b'955.98096',b'330.83862',b'-250.38182',b'987.9887',b'335.37943',b'-100.75918',b'949.5727',b'337.1133',b'-117.392166',b'979.7542',b'352.47534',b'-222.23389',b'964.3303',b'354.07483',b'-226.88882',b'1027.4249',b'398.1121',b'-27.73666',b'911.3731',b'402.62543',b'-41.61753',b'1109.8842',b'396.47458',b'-50.364098',b'821.54846',b'401.84262',b'-61.085407',b'1177.6848',b'371.26013',b'-200.4686',b'750.99506',b'372.19205',b'-225.03293',b'1199.9415',b'372.47238',b'-238.54817',b'727.2472',b'378.18695',b'-265.7691',b'1197.289',b'366.97275',b'-271.99826',b'729.78217',b'373.78232',b'-304.22583',b'1189.6553',b'366.47662',b'-223.49184',b'739.311',b'371.81076',b'-249.28136',b'1001.137',b'574.2385',b'-3.2453823',b'935.4571',b'573.9958',b'3.2863805',b'1011.0259',b'710.1393',b'-25.090172',b'926.4699',b'711.1697',b'-17.353622',b'1019.9509',b'834.63837',b'171.65884',b'931.2447',b'838.5544',b'154.3213',b'1014.8534',b'853.1173',b'181.55489',b'937.1823',b'855.62683',b'161.94867',b'1027.1111',b'878.9372',b'14.239368',b'923.021',b'883.9623',b'-0.3117103'
image_062.jpg,b'964.27905',b'341.0758',b'-248.34303',b'969.902',b'330.36902',b'-222.68124',b'973.70776',b'330.17554',b'-222.72403',b'977.47546',b'330.20438',b'-222.78075',b'958.3613',b'330.8197',b'-221.24751',b'954.2205',b'331.09662',b'-221.24779',b'950.67914',b'331.41867',b'-221.17989',b'982.87915',b'334.93332',b'-88.11408',b'944.713',b'336.49197',b'-82.35567',b'972.4781',b'353.76016',b'-200.20143',b'956.78296',b'354.23343',b'-198.42804',b'1021.6999',b'399.0093',b'-32.81922',b'906.88776',b'405.11444',b'-9.401387',b'1104.4589',b'392.80795',b'-85.98342',b'818.9944',b'400.86325',b'-23.825764',b'1169.9805',b'366.0548',b'-253.1117',b'744.6087',b'368.95663',b'-175.69963',b'1194.8694',b'367.5465',b'-295.1798',b'722.4141',b'373.1723',b'-214.79651',b'1191.4037',b'362.5913',b'-328.62534',b'724.2649',b'370.20395',b'-249.18379',b'1183.3677',b'362.2057',b'-276.3006',b'732.37354',b'369.44232',b'-198.60909',b'999.6769',b'574.4202',b'-9.580351',b'933.15216',b'576.4684',b'9.594957',b'1010.32587',b'711.7665',b'-34.252068',b'926.1911',b'714.8281',b'-16.64807',b'1022.68787',b'833.741',b'169.72801',b'933.18677',b'837.8815',b'154.7149',b'1016.2794',b'848.73364',b'180.57732',b'940.2539',b'852.6891',b'162.18358',b'1026.2863',b'875.3978',b'9.960585',b'925.76373',b'881.03754',b'-1.9376748'
image_063.jpg,b'974.5592',b'333.40317',b'-298.3514',b'978.99036',b'325.9589',b'-270.69748',b'982.22925',b'326.41678',b'-270.69733',b'985.67267',b'326.97687',b'-270.76447',b'968.9081',b'325.76453',b'-272.75345',b'965.41876',b'326.23935',b'-272.77625',b'962.0649',b'326.71957',b'-272.70703',b'991.59955',b'334.18912',b'-122.20954',b'954.69946',b'332.97522',b'-131.9087',b'981.15283',b'346.22498',b'-244.14459',b'967.2782',b'345.86154',b'-247.00401',b'1027.2255',b'387.94785',b'-44.255276',b'915.0406',b'389.37802',b'-52.92227',b'1116.0153',b'369.71518',b'-71.36293',b'826.0857',b'373.16638',b'-78.60654',b'1187.7775',b'320.13358',b'-212.7119',b'758.46063',b'322.25143',b'-239.04488',b'1202.0221',b'311.03006',b'-252.77203',b'738.2093',b'320.9366',b'-282.62906',b'1196.4446',b'303.35202',b'-282.0536',b'741.72485',b'316.5288',b'-310.84717',b'1192.0967',b'306.3971',b'-234.44537',b'748.7595',b'317.62253',b'-259.4819',b'1003.73694',b'569.8506',b'-3.4814959',b'938.9809',b'571.416',b'3.5001879',b'1015.95416',b'709.7623',b'-44.718063',b'926.31714',b'712.5759',b'-40.50863',b'1022.0769',b'834.8215',b'174.4188',b'929.60266',b'836.49817',b'144.82689',b'1017.39307',b'850.8497',b'186.58353',b'935.741',b'854.47687',b'153.82637',b'1023.18695',b'877.5744',b'13.47752',b'925.0256',b'879.97363',b'-14.644507'
image_064.jpg,b'976.18207',b'341.83875',b'-343.25418',b'979.60486',b'331.6716',b'-316.93793',b'982.75134',b'332.0251',b'-316.95447',b'986.1039',b'332.54044',b'-317.01312',b'970.6756',b'332.22928',b'-320.04172',b'967.1164',b'332.82138',b'-320.07178',b'963.44824',b'333.41968',b'-320.01514',b'990.9057',b'339.2375',b'-168.42963',b'954.43524',b'340.31052',b'-183.37831',b'983.1435',b'355.01602',b'-288.8996',b'970.43085',b'355.15805',b'-293.21002',b'1028.871',b'392.1601',b'-84.046',b'916.6247',b'398.7385',b'-97.97583',b'1114.1221',b'385.93127',b'-106.76983',b'828.2757',b'394.22653',b'-113.167656',b'1179.9932',b'340.72012',b'-245.69206',b'762.446',b'354.40115',b'-268.63876',b'1198.6448',b'335.4751',b'-281.71414',b'740.82996',b'355.53165',b'-306.48584',b'1193.9401',b'329.61142',b'-312.08618',b'744.6345',b'350.76102',b'-341.36005',b'1186.3043',b'330.96512',b'-267.03534',b'752.7792',b'350.02417',b'-290.5775',b'1004.92365',b'572.5607',b'-0.7879594',b'940.55994',b'574.22943',b'0.785946',b'1015.799',b'711.7203',b'-37.81407',b'925.5808',b'716.7504',b'-29.875278',b'1021.28815',b'836.2593',b'173.80237',b'929.1854',b'840.5772',b'154.6098',b'1014.0376',b'852.3993',b'185.0537',b'936.83466',b'854.6217',b'163.82495',b'1022.8657',b'878.23914',b'14.745366',b'922.8257',b'879.6489',b'-0.73894423'
image_065.jpg,b'973.44775',b'349.76294',b'-294.98425',b'977.906',b'337.63403',b'-269.54697',b'981.60266',b'337.5475',b'-269.58508',b'984.9067',b'337.549',b'-269.65784',b'966.27686',b'337.7428',b'-273.1221',b'962.36847',b'337.8156',b'-273.1176',b'958.14777',b'337.9419',b'-273.05157',b'989.34863',b'339.8748',b'-120.89882',b'948.86536',b'340.77878',b'-137.0834',b'981.56146',b'359.5026',b'-239.35643',b'966.58136',b'360.0491',b'-244.15034',b'1025.4784',b'388.1554',b'-34.880566',b'912.3893',b'394.10623',b'-46.627136',b'1111.728',b'375.99506',b'-58.06333',b'824.6067',b'385.92932',b'-69.9323',b'1173.5892',b'328.8052',b'-201.41039',b'761.54',b'346.20163',b'-225.91217',b'1193.8241',b'325.815',b'-238.82597',b'739.2636',b'345.7501',b'-267.06088',b'1187.8677',b'319.48398',b'-268.80197',b'743.83984',b'342.40344',b'-298.0266',b'1179.7177',b'319.93076',b'-222.43909',b'752.61304',b'342.8257',b'-246.98672',b'1000.5913',b'572.0676',b'-7.114778',b'937.08765',b'574.8809',b'7.1216063',b'1009.9615',b'712.7059',b'-35.73431',b'924.978',b'718.6721',b'-23.618925',b'1021.1816',b'833.6881',b'158.81544',b'931.3546',b'840.8049',b'149.12808',b'1014.52057',b'849.4649',b'167.87735',b'938.32104',b'855.5441',b'156.88762',b'1024.1882',b'874.6415',b'-5.2548656',b'923.153',b'878.8933',b'-7.684069'
image_066.jpg,b'967.11365',b'345.1332',b'-238.42746',b'974.0412',b'333.95352',b'-216.19366',b'978.639',b'333.88483',b'-216.29643',b'982.9991',b'333.95145',b'-216.41003',b'960.6037',b'335.08426',b'-216.35226',b'956.6862',b'335.77737',b'-216.36922',b'953.5949',b'336.35684',b'-216.33836',b'989.031',b'337.7197',b'-81.10402',b'948.8461',b'340.61792',b'-80.18012',b'978.6871',b'357.09656',b'-187.92787',b'959.3433',b'358.28647',b'-187.594',b'1027.477',b'405.40152',b'-0.58392096',b'913.7936',b'405.7058',b'-4.0606346',b'1104.9099',b'434.48837',b'-7.465494',b'835.53656',b'438.91364',b'-13.906252',b'1176.8513',b'445.06796',b'-155.47511',b'765.10144',b'451.89896',b'-179.90916',b'1194.6661',b'453.41455',b'-189.09427',b'745.58856',b'460.66696',b'-216.591',b'1194.9535',b'451.6237',b'-233.19551',b'745.87256',b'457.94165',b'-264.14963',b'1188.6038',b'449.47644',b'-180.0304',b'752.98596',b'455.92215',b'-205.89667',b'1002.4797',b'575.4354',b'-1.8727617',b'939.201',b'577.1196',b'1.8897225',b'1013.9341',b'711.409',b'-29.734053',b'927.5294',b'714.79285',b'-23.014961',b'1022.5034',b'836.9356',b'150.26576',b'928.6818',b'839.0067',b'138.87822',b'1017.17035',b'853.14166',b'158.3626',b'934.2137',b'854.51654',b'145.7015',b'1025.2252',b'868.5505',b'-10.785485',b'927.6942',b'863.8909',b'-20.860405'
image_067.jpg,b'967.36896',b'344.20816',b'-216.67949',b'974.8288',b'332.90112',b'-193.32138',b'979.7258',b'332.9679',b'-193.41812',b'983.9187',b'333.158',b'-193.51273',b'961.3368',b'333.1643',b'-192.87021',b'957.2454',b'333.45486',b'-192.87578',b'954.09406',b'333.89798',b'-192.82098',b'989.65',b'338.24307',b'-63.312263',b'948.731',b'339.52814',b'-60.405243',b'977.8673',b'356.73724',b'-169.39621',b'959.60297',b'356.89682',b'-168.43242',b'1026.7012',b'407.84964',b'-2.3770404',b'912.9537',b'409.9279',b'14.753642',b'1104.7627',b'439.97034',b'-29.284775',b'838.02484',b'446.1317',b'-2.626893',b'1168.0743',b'449.89938',b'-183.24634',b'768.1853',b'459.82907',b'-160.73895',b'1188.683',b'457.21265',b'-216.70491',b'747.92957',b'470.17087',b'-194.90408',b'1188.3773',b'454.7165',b'-259.04016',b'747.8287',b'468.834',b'-238.77637',b'1180.9685',b'452.9141',b'-207.05725',b'755.0935',b'466.98962',b'-185.43867',b'1003.71906',b'576.51874',b'-8.99226',b'940.06116',b'578.2929',b'9.014395',b'1011.37366',b'713.36456',b'-18.810472',b'929.274',b'718.4398',b'-8.197069',b'1023.7042',b'835.11346',b'153.87695',b'930.29193',b'835.88245',b'154.04773',b'1017.8422',b'849.60394',b'161.43434',b'937.6055',b'852.7127',b'160.87968',b'1025.9419',b'873.2403',b'-1.9802014',b'924.6207',b'873.84106',b'3.5375366'
image_068.jpg,b'972.2733',b'341.5241',b'-351.2056',b'976.35815',b'331.54913',b'-329.63464',b'979.5236',b'331.38434',b'-329.67606',b'983.04395',b'331.33466',b'-329.75256',b'966.9299',b'332.03802',b'-328.85632',b'963.3165',b'332.28088',b'-328.8945',b'959.4716',b'332.63937',b'-328.84714',b'989.9902',b'335.57144',b'-183.19402',b'951.09015',b'336.47723',b'-179.45186',b'979.07513',b'352.275',b'-295.5567',b'965.9083',b'353.2449',b'-294.4623',b'1024.8268',b'377.86057',b'-90.49145',b'917.0458',b'383.79675',b'-73.17459',b'1114.2355',b'371.7033',b'-95.32296',b'833.3007',b'378.01376',b'-51.76647',b'1192.2976',b'360.22324',b'-231.52974',b'750.91595',b'363.06323',b'-187.73181',b'1211.1091',b'366.83316',b'-262.886',b'733.57605',b'368.94455',b'-222.2236',b'1211.115',b'364.6983',b'-310.9062',b'735.38403',b'365.5548',b'-262.4843',b'1203.787',b'363.53857',b'-259.10028',b'742.0536',b'364.62714',b'-211.15495',b'1005.8067',b'567.9075',b'-13.132325',b'942.2914',b'569.4397',b'13.046268',b'1012.80164',b'709.8138',b'-43.49387',b'928.2683',b'710.8137',b'-11.09194',b'1020.43555',b'834.02594',b'140.10033',b'929.8268',b'836.3727',b'138.62068',b'1015.5958',b'850.77295',b'148.03679',b'937.02936',b'854.83014',b'143.5011',b'1021.60803',b'870.49115',b'-31.042969',b'924.4738',b'879.07275',b'-27.565191'
image_069.jpg,b'976.0359',b'348.0449',b'-310.8139',b'981.64923',b'335.78625',b'-288.9464',b'985.7262',b'335.32397',b'-289.01337',b'989.38525',b'334.99756',b'-289.10437',b'969.1822',b'336.58127',b'-291.5591',b'964.59216',b'336.8339',b'-291.5653',b'959.9652',b'337.1061',b'-291.507',b'993.9229',b'336.11218',b'-142.89395',b'951.81165',b'338.00928',b'-154.76929',b'984.2348',b'357.7121',b'-255.10725',b'967.8519',b'359.7365',b'-258.54736',b'1029.131',b'388.6969',b'-55.152756',b'915.108',b'393.05054',b'-57.185055',b'1116.6008',b'401.57602',b'-47.37421',b'832.0143',b'410.40533',b'-44.71828',b'1189.4813',b'408.02856',b'-177.34286',b'755.8867',b'425.88736',b'-190.9124',b'1205.7914',b'416.90936',b'-206.98546',b'738.55176',b'438.36612',b'-223.17612',b'1206.8898',b'416.80334',b'-253.67',b'739.61694',b'437.70892',b'-273.66818',b'1200.6682',b'414.862',b'-202.95789',b'746.20844',b'434.92752',b'-217.96587',b'1004.02313',b'572.72876',b'-7.9456625',b'939.893',b'572.86676',b'7.8456717',b'1012.3671',b'712.40234',b'-45.248566',b'926.74255',b'717.3982',b'-22.522259',b'1020.89044',b'836.37354',b'142.50392',b'931.42163',b'840.14923',b'144.0006',b'1014.43243',b'851.9937',b'150.82751',b'937.35254',b'853.83765',b'151.09055',b'1025.8556',b'876.2031',b'-20.950947',b'925.0297',b'878.92267',b'-10.4705305'
image_070.jpg,b'975.0182',b'347.76712',b'-311.54895',b'981.26587',b'335.48184',b'-290.74744',b'985.1549',b'335.54602',b'-290.82767',b'988.89636',b'335.68558',b'-290.90622',b'968.092',b'336.04065',b'-292.38406',b'963.6744',b'336.74182',b'-292.4053',b'959.4039',b'337.6238',b'-292.37936',b'994.18726',b'339.283',b'-145.62836',b'951.9087',b'342.55927',b'-152.5161',b'982.5333',b'358.65387',b'-255.61896',b'965.7694',b'359.57922',b'-257.66345',b'1028.7814',b'396.2586',b'-47.104515',b'916.22906',b'397.88333',b'-44.772',b'1105.4542',b'428.3396',b'-15.560303',b'842.8116',b'437.77594',b'-11.59553',b'1164.2318',b'477.21802',b'-158.52206',b'780.34375',b'490.35785',b'-151.08809',b'1176.977',b'492.85147',b'-187.71277',b'769.762',b'505.0583',b'-182.77388',b'1170.8843',b'493.54233',b'-236.30327',b'774.8268',b'507.85342',b'-230.96964',b'1165.6056',b'490.51697',b'-182.65324',b'779.8106',b'505.19348',b'-174.56154',b'1005.641',b'572.1635',b'-6.763974',b'941.3901',b'573.6806',b'6.6806693',b'1014.291',b'713.2936',b'-37.11626',b'928.0444',b'717.8865',b'-15.877991',b'1022.60675',b'835.56824',b'133.09935',b'930.80597',b'837.16864',b'138.95378',b'1015.4531',b'849.53265',b'139.79787',b'937.859',b'850.6115',b'144.31902',b'1029.0409',b'875.3112',b'-32.172607',b'923.09735',b'877.0978',b'-20.47766'
image_071.jpg,b'972.3206',b'332.55576',b'-265.4285',b'977.82294',b'324.84213',b'-239.77509',b'981.6907',b'324.93387',b'-239.80424',b'985.8495',b'325.11874',b'-239.86574',b'966.74207',b'325.82956',b'-239.62744',b'962.96576',b'326.66806',b'-239.64095',b'959.4937',b'327.5457',b'-239.59048',b'993.74414',b'331.45782',b'-100.18789',b'952.5268',b'333.11142',b'-99.83017',b'980.6624',b'343.32672',b'-214.69519',b'965.0988',b'344.55994',b'-214.55139',b'1029.1392',b'381.7551',b'-35.50655',b'915.17737',b'385.01648',b'-23.1947',b'1116.6993',b'361.7408',b'-53.408665',b'830.108',b'376.43152',b'-29.602173',b'1192.1897',b'339.70926',b'-190.78633',b'755.0386',b'354.8264',b'-179.10544',b'1212.4917',b'341.63147',b'-226.96603',b'733.7701',b'357.89105',b'-218.32713',b'1212.4453',b'337.63223',b'-269.28528',b'735.4767',b'355.68344',b'-255.93092',b'1205.5623',b'337.6801',b'-217.41133',b'743.15393',b'355.93536',b'-203.2627',b'1005.7282',b'569.9202',b'-10.117826',b'939.73444',b'571.47186',b'10.092292',b'1011.2525',b'710.8811',b'-43.250366',b'926.30286',b'712.294',b'-19.396488',b'1023.07196',b'833.43567',b'158.24472',b'931.3956',b'838.3647',b'147.25247',b'1015.18774',b'849.2914',b'167.98335',b'940.11066',b'854.6548',b'153.55243',b'1027.483',b'876.44073',b'-8.717447',b'924.1337',b'881.67267',b'-15.448457'
image_072.jpg,b'970.90656',b'335.00345',b'-252.78958',b'975.7566',b'326.66312',b'-227.55566',b'979.3847',b'326.68777',b'-227.58238',b'983.3513',b'326.72275',b'-227.6339',b'965.50635',b'327.756',b'-225.63268',b'962.1317',b'328.5294',b'-225.64703',b'958.85895',b'329.27188',b'-225.58984',b'991.55743',b'332.42322',b'-91.782715',b'952.0403',b'333.7551',b'-83.30258',b'978.6123',b'345.16336',b'-204.02905',b'964.3911',b'346.58188',b'-201.49335',b'1028.373',b'380.22974',b'-31.311636',b'913.8639',b'386.82892',b'-5.107139',b'1113.7526',b'359.54776',b'-52.109337',b'829.5415',b'376.066',b'-0.70668674',b'1192.1477',b'336.86212',b'-189.90292',b'754.4984',b'350.52017',b'-138.53195',b'1211.9879',b'338.08585',b'-225.54343',b'731.5612',b'353.2663',b'-174.87134',b'1211.4829',b'333.96725',b'-268.4931',b'732.27026',b'349.66507',b'-208.17685',b'1205.3936',b'334.52917',b'-216.67479',b'740.6886',b'349.86057',b'-160.83205',b'1006.05786',b'568.2562',b'-10.824023',b'939.6823',b'570.6989',b'10.765255',b'1012.2791',b'709.7221',b'-39.969852',b'927.8324',b'712.04364',b'-19.36513',b'1021.9761',b'831.50653',b'144.23979',b'930.4902',b'836.83136',b'132.64531',b'1013.5595',b'847.3294',b'152.13533',b'940.852',b'853.9399',b'137.3177',b'1025.745',b'876.1965',b'-23.496946',b'926.7484',b'880.43085',b'-30.856401'
image_073.jpg,b'977.169',b'342.17972',b'-273.54614',b'982.68414',b'332.24756',b'-248.7256',b'986.50555',b'332.14005',b'-248.79341',b'989.9566',b'332.18723',b'-248.88345',b'970.7331',b'332.76608',b'-251.98065',b'966.3058',b'333.14035',b'-251.9878',b'961.7363',b'333.51526',b'-251.92621',b'993.801',b'335.264',b'-107.61755',b'953.87274',b'336.26193',b'-122.003204',b'985.3179',b'353.16318',b'-221.70207',b'969.2522',b'354.61227',b'-225.80656',b'1027.7388',b'390.14148',b'-40.05784',b'914.9677',b'399.6593',b'-39.39675',b'1115.5161',b'402.31256',b'-45.530724',b'833.80005',b'424.66718',b'-43.290512',b'1184.686',b'409.2621',b'-175.71881',b'754.47095',b'439.16156',b'-189.43445',b'1203.274',b'418.08655',b'-206.70673',b'736.6435',b'452.23764',b'-222.33246',b'1204.3743',b'418.5913',b'-250.29428',b'737.6146',b'451.05905',b'-271.6613',b'1197.2378',b'416.91156',b'-200.52406',b'744.3877',b'448.40402',b'-216.27469',b'1004.97565',b'570.7615',b'-8.679649',b'940.15393',b'571.3201',b'8.593463',b'1013.72577',b'713.3449',b'-49.975502',b'927.9124',b'717.0485',b'-20.837109',b'1023.02625',b'838.8693',b'127.328354',b'931.1889',b'838.6022',b'140.64738',b'1017.6821',b'852.4576',b'134.73639',b'937.5013',b'852.65436',b'147.25081',b'1027.864',b'877.60187',b'-35.724033',b'923.4803',b'877.2694',b'-11.66745'
image_074.jpg,b'973.69995',b'334.9003',b'-310.25204',b'978.1596',b'326.8055',b'-285.90536',b'981.30707',b'327.12692',b'-285.94714',b'984.8933',b'327.5057',b'-286.02014',b'968.5387',b'326.91794',b'-287.27222',b'964.80365',b'327.40387',b'-287.297',b'960.8615',b'328.05887',b'-287.25378',b'991.3296',b'334.1539',b'-142.65479',b'951.8764',b'335.09912',b'-149.38278',b'979.97534',b'346.75195',b'-257.1505',b'966.0507',b'347.81198',b'-259.12952',b'1023.2798',b'380.33038',b'-69.856155',b'915.4087',b'387.63135',b'-61.51238',b'1114.9358',b'361.5199',b'-88.37026',b'827.21326',b'378.04556',b'-69.677025',b'1192.3416',b'338.46423',b'-224.13588',b'749.553',b'359.52664',b'-220.47375',b'1213.1486',b'342.21832',b'-258.87497',b'729.269',b'362.5814',b'-257.9555',b'1212.9264',b'338.14398',b'-301.54257',b'731.4641',b'358.42462',b'-299.16147',b'1205.3156',b'337.18173',b'-250.34732',b'738.62',b'358.15344',b'-245.26643',b'1003.8049',b'569.25037',b'-9.927405',b'939.86176',b'572.29395',b'9.898732',b'1012.59485',b'709.83545',b'-38.620747',b'927.7126',b'711.9279',b'-13.172211',b'1021.77295',b'833.2318',b'146.68045',b'929.1478',b'836.0385',b'142.84268',b'1015.29785',b'851.70294',b'154.8634',b'936.15546',b'855.00085',b'148.44147',b'1025.4714',b'873.8167',b'-22.110481',b'925.3247',b'876.9123',b'-20.98812'
image_075.jpg,b'974.1228',b'346.2243',b'-293.26254',b'980.6483',b'334.1354',b'-269.6225',b'984.78735',b'334.06375',b'-269.68893',b'988.331',b'333.9438',b'-269.77097',b'967.6379',b'334.4864',b'-272.67725',b'962.86115',b'334.8071',b'-272.68945',b'958.3128',b'335.15894',b'-272.63467',b'992.76227',b'336.70718',b'-128.37177',b'950.62946',b'338.1413',b'-141.62422',b'982.4975',b'357.13144',b'-240.78702',b'965.6035',b'358.39822',b'-244.57086',b'1027.8483',b'391.17984',b'-54.52765',b'914.0397',b'399.92502',b'-55.181267',b'1113.3276',b'409.26562',b'-55.114628',b'835.026',b'429.80438',b'-54.929752',b'1183.6256',b'420.73804',b'-185.37311',b'756.37067',b'450.75015',b'-202.02005',b'1202.4104',b'430.41626',b'-216.20543',b'738.2964',b'463.626',b'-235.67888',b'1202.7675',b'430.4942',b'-260.76053',b'738.79065',b'463.44727',b'-285.47287',b'1195.8632',b'428.92877',b'-210.09349',b'745.2638',b'461.12567',b'-228.71738',b'1004.4036',b'573.4403',b'-7.064266',b'939.5928',b'573.3529',b'6.985682',b'1013.9592',b'711.8594',b'-42.70327',b'927.58923',b'716.5992',b'-15.466522',b'1021.0585',b'834.8731',b'149.52118',b'931.5499',b'837.7775',b'154.58034',b'1015.46014',b'851.41016',b'158.76364',b'937.01215',b'852.1148',b'162.25247',b'1026.5631',b'876.50555',b'-10.254297',b'927.279',b'878.4833',b'2.673117'
image_076.jpg,b'966.2954',b'337.39505',b'-248.4072',b'972.2333',b'327.35132',b'-223.7953',b'976.30396',b'327.37637',b'-223.85733',b'980.3912',b'327.52707',b'-223.91711',b'961.1911',b'328.21503',b'-225.17418',b'957.1348',b'328.8726',b'-225.1667',b'953.00726',b'329.6832',b'-225.12413',b'987.58997',b'332.991',b'-82.10624',b'944.8006',b'335.3337',b'-89.38013',b'975.10034',b'349.38486',b'-196.45654',b'959.622',b'350.79385',b'-198.5194',b'1022.96045',b'381.29276',b'-12.822175',b'911.5205',b'387.44946',b'-9.813553',b'1105.8887',b'389.22806',b'-19.69911',b'829.08704',b'389.32214',b'-7.365613',b'1178.3451',b'404.43286',b'-154.18887',b'746.66974',b'401.37137',b'-146.54367',b'1197.741',b'409.8439',b'-183.37743',b'729.3615',b'411.23157',b'-179.22604',b'1197.3956',b'410.41623',b'-226.91719',b'730.90735',b'411.15073',b'-220.0988',b'1189.7135',b'410.09427',b'-179.04364',b'737.63544',b'409.9607',b'-170.33011',b'1001.2597',b'568.593',b'-4.447053',b'935.3544',b'571.31305',b'4.2716684',b'1011.1526',b'710.0024',b'-32.533157',b'928.094',b'711.24884',b'-13.071662',b'1021.93005',b'831.59125',b'165.8749',b'930.67413',b'837.18665',b'151.20013',b'1015.51404',b'847.76044',b'175.59082',b'936.9035',b'852.80896',b'157.7901',b'1023.80994',b'874.3421',b'5.6713295',b'927.0607',b'879.7103',b'-5.241933'
image_077.jpg,b'964.9072',b'344.26932',b'-308.6584',b'969.5598',b'331.77936',b'-289.0865',b'972.9159',b'331.55612',b'-289.12793',b'976.59106',b'331.57175',b'-289.21188',b'961.6644',b'333.01154',b'-290.37827',b'959.21234',b'333.65924',b'-290.40073',b'956.5547',b'334.43903',b'-290.3754',b'983.09625',b'335.01776',b'-148.01848',b'949.29175',b'338.2377',b'-154.5219',b'972.025',b'353.9473',b'-253.83493',b'961.0827',b'354.62253',b'-255.82875',b'1020.45685',b'383.66266',b'-51.11152',b'915.1671',b'387.12567',b'-72.08427',b'1107.553',b'372.61813',b'-47.92006',b'829.39264',b'376.97913',b'-79.13392',b'1175.3496',b'358.619',b'-163.69917',b'751.5987',b'362.95425',b'-210.32048',b'1197.2391',b'363.68283',b'-190.2861',b'732.7862',b'367.23145',b'-244.57166',b'1198.0597',b'361.70078',b'-234.18294',b'736.6958',b'364.10162',b'-282.31888',b'1189.4219',b'361.11002',b'-189.16551',b'743.6396',b'363.94122',b'-232.64061',b'1001.40247',b'567.87054',b'-1.7832493',b'937.5536',b'569.3425',b'1.6830676',b'1009.26324',b'710.33954',b'-21.86678',b'929.4203',b'713.6811',b'-13.284166',b'1022.17126',b'832.5892',b'133.58456',b'928.5921',b'840.06604',b'117.535484',b'1015.8804',b'848.4571',b'139.59258',b'933.3711',b'855.63635',b'121.60549',b'1023.9484',b'872.2052',b'-29.680237',b'927.3634',b'875.8756',b'-43.680466'
image_078.jpg,b'969.63',b'346.3809',b'-378.71695',b'973.3034',b'335.1674',b'-358.82153',b'976.1769',b'335.36975',b'-358.85022',b'979.22906',b'335.68634',b'-358.94968',b'966.2278',b'335.47244',b'-361.73254',b'963.96295',b'336.03082',b'-361.763',b'961.7704',b'336.7229',b'-361.72968',b'983.6155',b'339.6254',b'-216.03006',b'955.3099',b'341.25034',b'-229.04726',b'975.41644',b'355.8613',b'-323.1866',b'965.49695',b'355.9836',b'-327.01218',b'1020.7098',b'392.2533',b'-115.20187',b'914.11',b'392.56546',b'-136.62021',b'1108.0023',b'385.9282',b'-108.14861',b'825.1493',b'387.287',b'-149.0086',b'1179.8837',b'365.37146',b'-230.86084',b'749.7755',b'368.27933',b'-293.08798',b'1201.8652',b'369.83084',b'-261.25674',b'728.33264',b'372.71384',b'-331.32718',b'1202.8918',b'366.46823',b'-306.79065',b'732.36005',b'368.68777',b'-373.5021',b'1194.3055',b'365.57773',b'-257.45474',b'740.40173',b'367.51523',b'-317.9409',b'999.911',b'569.16724',b'-2.6909714',b'936.419',b'569.973',b'2.6495855',b'1009.5736',b'706.84454',b'-20.069881',b'928.0447',b'711.78',b'0.33413216',b'1020.328',b'832.9292',b'157.67645',b'931.60986',b'838.8001',b'148.47188',b'1015.4369',b'850.12476',b'165.27325',b'937.4454',b'854.12537',b'153.79857',b'1023.66876',b'874.35254',b'-11.733697',b'922.75806',b'877.2966',b'-13.944815'
image_079.jpg,b'969.41174',b'341.56464',b'-298.47757',b'976.11707',b'330.93622',b'-275.23355',b'980.3928',b'330.86444',b'-275.30164',b'984.5444',b'330.93085',b'-275.38947',b'962.8735',b'331.71384',b'-277.9796',b'958.3845',b'332.28598',b'-277.9909',b'954.6745',b'332.81577',b'-277.93985',b'990.2622',b'334.80536',b'-131.55605',b'948.0242',b'336.03577',b'-144.47061',b'978.9697',b'353.54016',b'-244.77618',b'960.76196',b'354.5105',b'-248.47765',b'1025.5575',b'392.78586',b'-51.56401',b'912.3851',b'394.0153',b'-57.036217',b'1112.8857',b'401.1063',b'-50.776295',b'828.45087',b'401.52417',b'-58.72397',b'1181.1411',b'404.9122',b'-181.65372',b'752.0793',b'412.79297',b'-203.26959',b'1201.0945',b'410.35648',b'-210.69002',b'733.36945',b'420.72507',b'-235.58134',b'1202.6157',b'410.19214',b'-255.70627',b'735.65234',b'419.5354',b'-282.69113',b'1195.3434',b'409.76233',b'-206.72632',b'743.15',b'418.58167',b'-229.23032',b'1002.37726',b'571.87823',b'-4.5720534',b'938.09973',b'573.54346',b'4.4707747',b'1010.87537',b'713.4189',b'-35.53795',b'930.3001',b'715.6781',b'-22.344793',b'1023.7151',b'837.3013',b'146.02713',b'931.121',b'837.02496',b'140.28421',b'1018.16724',b'850.215',b'153.60919',b'937.3959',b'849.7936',b'146.8123',b'1025.9453',b'876.406',b'-19.381042',b'926.6183',b'875.55286',b'-17.035465'
image_080.jpg,b'964.8293',b'331.54883',b'-332.43552',b'969.8347',b'322.9199',b'-309.27423',b'973.6331',b'323.1407',b'-309.31067',b'977.6239',b'323.50153',b'-309.39032',b'960.787',b'324.02634',b'-311.08755',b'957.7235',b'325.16293',b'-311.12375',b'954.35657',b'326.42487',b'-311.09116',b'985.0684',b'329.81708',b'-167.36826',b'945.7767',b'333.8985',b'-175.67403',b'973.29175',b'342.57053',b'-279.48672',b'960.0007',b'343.62085',b'-281.89938',b'1022.62585',b'380.37442',b'-86.258446',b'910.8262',b'385.50058',b'-92.06055',b'1110.5535',b'367.1273',b'-95.91226',b'823.76355',b'375.92795',b'-101.54519',b'1181.1473',b'345.88226',b'-223.79268',b'749.08496',b'353.2593',b'-240.28578',b'1203.2576',b'348.87735',b'-254.72597',b'725.208',b'355.34167',b'-276.2786',b'1203.0768',b'346.70602',b'-297.9087',b'727.1031',b'351.9973',b'-314.87228',b'1195.2612',b'346.3522',b'-249.70102',b'734.95764',b'352.1411',b'-263.57248',b'1003.8913',b'566.43726',b'-4.0956535',b'938.3163',b'568.5473',b'4.008698',b'1010.0862',b'710.66425',b'-31.368563',b'930.90063',b'711.42633',b'-13.673339',b'1021.772',b'831.7586',b'162.53493',b'930.7463',b'836.6556',b'148.39874',b'1017.6717',b'847.08453',b'171.88861',b'935.9085',b'850.6429',b'154.92424',b'1025.1956',b'871.20856',b'-4.0880733',b'927.51843',b'874.9654',b'-14.851962'
image_081.jpg,b'967.90674',b'340.3791',b'-365.26968',b'972.9972',b'329.22403',b'-343.61508',b'976.53406',b'329.2569',b'-343.6611',b'980.0974',b'329.46204',b'-343.74396',b'962.8563',b'330.5664',b'-346.8025',b'959.514',b'331.62915',b'-346.83374',b'956.11554',b'332.7911',b'-346.7915',b'985.8987',b'334.80334',b'-195.91626',b'947.1246',b'338.9146',b'-212.01239',b'976.2056',b'350.72385',b'-309.07965',b'962.6357',b'351.76474',b'-313.7072',b'1021.3764',b'386.99295',b'-101.0871',b'911.5242',b'390.7623',b'-115.788635',b'1109.2034',b'378.10065',b'-100.98872',b'822.13434',b'393.45636',b'-112.15536',b'1178.0914',b'359.05737',b'-220.27348',b'743.3194',b'387.23196',b'-241.80568',b'1199.2498',b'363.09955',b'-246.40617',b'723.58954',b'395.2377',b'-272.203',b'1198.5552',b'359.68872',b'-292.67462',b'725.9171',b'392.62582',b'-317.99768',b'1190.7207',b'358.55377',b'-246.16711',b'732.5918',b'390.8572',b'-267.06638',b'1000.8133',b'567.96515',b'-2.1015084',b'937.1408',b'570.38574',b'1.9630922',b'1009.9236',b'710.08466',b'-17.310776',b'931.0018',b'711.03107',b'-3.2394714',b'1018.8764',b'835.44135',b'145.99057',b'928.56836',b'836.8352',b'138.7302',b'1014.00183',b'850.821',b'152.25935',b'934.3348',b'853.5475',b'142.94743',b'1021.91003',b'869.57153',b'-21.132385',b'928.0972',b'872.375',b'-25.699709'
image_082.jpg,b'971.705',b'337.94675',b'-284.66882',b'977.85864',b'328.13702',b'-259.88757',b'981.80396',b'328.39178',b'-259.94308',b'985.98486',b'328.89023',b'-260.03143',b'965.94727',b'328.2501',b'-259.98334',b'962.13184',b'328.7094',b'-259.99423',b'958.8701',b'329.36615',b'-259.942',b'991.93256',b'335.6658',b'-121.4098',b'952.3301',b'336.6249',b'-122.1714',b'980.4516',b'350.59766',b'-234.38646',b'963.3578',b'350.1391',b'-234.52118',b'1029.0369',b'407.1724',b'-40.335217',b'914.3709',b'408.01154',b'-38.807625',b'1111.1958',b'435.64255',b'-89.913574',b'825.0437',b'431.57138',b'-79.325745',b'1180.8514',b'405.69122',b'-250.29436',b'753.13336',b'398.62833',b'-270.08194',b'1197.2357',b'394.3585',b'-284.823',b'738.7242',b'385.40698',b'-309.02695',b'1191.383',b'384.584',b'-307.106',b'744.6047',b'377.4086',b'-335.0604',b'1186.6318',b'388.61972',b'-266.81012',b'749.41864',b'380.49652',b'-288.4898',b'1004.641',b'575.17096',b'0.3978062',b'939.22424',b'576.03503',b'-0.37617242',b'1015.1192',b'711.4568',b'-6.9809127',b'927.44543',b'714.7055',b'-10.632745',b'1021.2218',b'833.63916',b'200.23717',b'929.40436',b'839.7942',b'169.22832',b'1016.4283',b'851.0384',b'212.10448',b'933.9239',b'856.12036',b'178.60435',b'1025.4913',b'878.7513',b'55.29809',b'924.0988',b'879.8486',b'20.7548'
image_083.jpg,b'968.6166',b'337.50287',b'-287.25378',b'973.90216',b'328.52386',b'-256.5515',b'977.7008',b'328.6086',b'-256.56607',b'981.70557',b'328.83624',b'-256.63556',b'962.8436',b'329.3242',b'-258.61395',b'958.86005',b'330.07562',b'-258.61063',b'955.1794',b'330.91437',b'-258.53094',b'988.70874',b'335.85345',b'-106.55332',b'950.2455',b'338.01254',b'-116.11142',b'978.1896',b'350.1974',b'-234.23537',b'961.98474',b'351.64496',b'-237.04543',b'1029.7704',b'397.16672',b'-24.75816',b'912.1454',b'403.76462',b'-31.772987',b'1121.9387',b'396.02582',b'-64.29492',b'819.9149',b'410.91672',b'-67.01761',b'1184.7671',b'337.51697',b'-208.58273',b'762.70667',b'349.90765',b'-232.56595',b'1199.2878',b'324.96402',b'-245.17468',b'747.30054',b'341.8831',b'-275.06686',b'1191.2224',b'317.1851',b'-263.27405',b'752.70447',b'335.7562',b'-292.1633',b'1184.5145',b'320.71335',b'-224.76761',b'759.06104',b'337.55917',b'-248.2423',b'1004.0603',b'576.75256',b'-4.1128225',b'936.93335',b'577.6737',b'4.1050763',b'1013.0334',b'711.65485',b'-20.316778',b'926.6888',b'714.24963',b'-5.7862597',b'1023.7129',b'835.6712',b'205.37053',b'931.186',b'838.7719',b'185.2318',b'1017.3596',b'851.8761',b'218.01123',b'938.2725',b'853.3439',b'194.9873',b'1023.6945',b'876.7704',b'48.381973',b'927.63873',b'880.37683',b'28.984459'
image_084.jpg,b'966.1362',b'351.43387',b'-337.59503',b'972.2503',b'339.05087',b'-316.7766',b'976.01794',b'338.54495',b'-316.85376',b'979.2232',b'338.22943',b'-316.95474',b'958.7499',b'340.01468',b'-318.09677',b'954.1569',b'340.30203',b'-318.12067',b'949.8171',b'340.69934',b'-318.07547',b'983.3495',b'341.65744',b'-180.5847',b'943.45685',b'345.8492',b'-186.62227',b'975.8501',b'362.70203',b'-286.23825',b'958.10516',b'363.95602',b'-287.87802',b'1022.2268',b'409.6353',b'-90.43619',b'907.7',b'413.39996',b'-87.47618',b'1103.216',b'435.72107',b'-93.065674',b'827.5425',b'447.8161',b'-99.73544',b'1172.5903',b'426.90417',b'-233.58429',b'763.95917',b'441.30508',b'-281.21115',b'1191.9681',b'424.62463',b'-264.0624',b'740.4485',b'446.2696',b'-316.51367',b'1189.6826',b'420.3124',b'-306.818',b'742.5372',b'442.56073',b'-360.77957',b'1182.8386',b'420.941',b'-256.75436',b'751.7445',b'441.44278',b'-306.2208',b'998.0846',b'573.5839',b'-4.968466',b'933.3608',b'573.6444',b'4.9698734',b'1010.66254',b'711.0762',b'-14.139504',b'929.3056',b'714.4326',b'-10.884155',b'1022.16876',b'834.3657',b'150.09258',b'929.43396',b'839.0863',b'139.27417',b'1016.0455',b'846.74884',b'156.20293',b'935.8502',b'853.9901',b'144.76193',b'1024.0569',b'873.57',b'-8.673941',b'925.3579',b'875.84875',b'-15.8001175'
image_085.jpg,b'966.8803',b'332.81622',b'-217.65364',b'971.85767',b'324.69757',b'-187.26411',b'975.2519',b'325.0064',b'-187.2674',b'978.9802',b'325.4901',b'-187.33897',b'962.37396',b'325.67166',b'-187.42386',b'958.8728',b'326.71005',b'-187.43532',b'955.1958',b'327.71',b'-187.37192',b'985.20526',b'334.44308',b'-45.940643',b'949.3059',b'335.48306',b'-47.11976',b'974.1275',b'344.83044',b'-168.49097',b'959.97546',b'345.644',b'-168.95033',b'1026.5436',b'393.11017',b'8.14527',b'910.8069',b'394.57376',b'16.52528',b'1102.4985',b'361.86417',b'-19.88832',b'834.10535',b'364.92044',b'3.2664592',b'1160.4703',b'305.77505',b'-153.07301',b'769.8852',b'319.98047',b'-123.88759',b'1180.3645',b'303.55695',b'-192.01285',b'752.4208',b'320.63794',b'-166.23813',b'1176.3417',b'299.60617',b'-224.72728',b'754.8411',b'314.75546',b'-189.54314',b'1168.7229',b'300.3722',b'-176.29382',b'760.9307',b'315.46463',b'-144.05434',b'1001.54755',b'571.8946',b'-3.468658',b'935.4848',b'571.58307',b'3.4348478',b'1012.7774',b'712.7177',b'-28.315924',b'927.6791',b'714.1338',b'-24.599575',b'1022.8975',b'837.8039',b'168.97423',b'930.5149',b'838.82825',b'142.79865',b'1014.75916',b'854.43195',b'178.59872',b'937.72723',b'852.8201',b'148.85358',b'1027.7356',b'875.6521',b'3.3867626',b'925.3632',b'881.0403',b'-23.290592'
image_086.jpg,b'964.7444',b'349.90366',b'-252.11609',b'971.7823',b'337.06424',b'-228.51816',b'976.49426',b'336.69638',b'-228.60518',b'980.7214',b'336.3441',b'-228.68689',b'957.7278',b'337.8301',b'-230.5734',b'952.8875',b'338.27426',b'-230.58156',b'949.3784',b'338.68762',b'-230.52434',b'985.32166',b'338.737',b'-93.6854',b'942.9455',b'342.81683',b'-102.24391',b'975.95685',b'361.8604',b'-202.62439',b'956.73615',b'363.58795',b'-204.93814',b'1023.5328',b'406.72964',b'-22.810055',b'907.89655',b'410.67676',b'-20.480787',b'1102.9054',b'423.99567',b'-21.763624',b'830.6239',b'442.64786',b'-13.868196',b'1160.895',b'438.3033',b'-154.32483',b'757.4322',b'458.06503',b'-140.73468',b'1183.125',b'449.39105',b'-184.21545',b'737.6477',b'468.66922',b'-170.8056',b'1183.0172',b'448.1397',b'-228.45737',b'737.5494',b'467.13312',b'-218.23395',b'1174.6278',b'445.69623',b'-178.9461',b'744.7004',b'465.44153',b'-166.21133',b'1001.1804',b'575.7305',b'-4.097878',b'935.8138',b'575.89557',b'4.147943',b'1011.7728',b'709.1433',b'-9.546364',b'929.8072',b'714.03986',b'-11.300409',b'1023.4059',b'836.27423',b'159.77115',b'930.09296',b'837.4299',b'148.25568',b'1017.7456',b'850.20917',b'166.75314',b'935.18646',b'850.84686',b'154.84232',b'1025.988',b'875.3153',b'-0.252233',b'924.70294',b'877.43677',b'-4.4254956'
image_087.jpg,b'962.60205',b'333.10156',b'-219.12584',b'967.3406',b'325.01105',b'-190.19153',b'970.7954',b'325.31134',b'-190.20468',b'974.4745',b'325.6982',b'-190.24918',b'959.0657',b'325.5216',b'-190.29713',b'956.19556',b'326.18045',b'-190.30579',b'953.14667',b'326.92685',b'-190.24179',b'981.1309',b'332.75467',b'-55.879192',b'947.58105',b'334.06073',b'-56.930378',b'970.3524',b'343.88168',b'-172.65521',b'957.8982',b'344.57065',b'-173.00447',b'1024.7002',b'392.7779',b'-6.679032',b'910.24243',b'396.81885',b'5.301409',b'1106.4294',b'371.402',b'-69.72058',b'824.8834',b'378.95468',b'-42.770123',b'1155.8859',b'316.83438',b'-218.9668',b'760.78925',b'335.19666',b'-208.26904',b'1174.1976',b'309.1633',b'-259.20465',b'742.30273',b'337.33502',b'-251.92992',b'1166.2993',b'303.92105',b'-280.04443',b'744.8845',b'331.0197',b'-272.00024',b'1158.9846',b'306.93698',b'-236.90002',b'751.52844',b'331.01935',b'-226.99179',b'1001.2722',b'569.9059',b'-3.9382067',b'935.2976',b'570.6161',b'3.9940825',b'1011.86096',b'711.48706',b'-4.6915517',b'929.1635',b'711.8245',b'-6.3220205',b'1022.1635',b'838.1891',b'165.93065',b'930.36755',b'835.1262',b'141.87885',b'1014.70105',b'853.9706',b'172.6806',b'937.4156',b'849.88306',b'146.42497',b'1027.4115',b'877.3924',b'0.50789094',b'927.30426',b'878.2762',b'-16.095482'
image_088.jpg,b'967.2196',b'338.5796',b'-198.88371',b'973.29126',b'328.7102',b'-172.43295',b'977.70483',b'328.9646',b'-172.51233',b'981.6988',b'329.32938',b'-172.5929',b'960.80945',b'329.27652',b'-174.01724',b'956.64185',b'330.06137',b'-174.0346',b'953.1205',b'330.97128',b'-173.97353',b'986.6662',b'336.14148',b'-37.13415',b'946.3971',b'339.45047',b'-45.75936',b'977.31573',b'351.4135',b'-151.05923',b'958.7576',b'351.4717',b'-153.46394',b'1023.5408',b'406.04227',b'11.740097',b'910.7111',b'408.72168',b'13.767138',b'1102.1311',b'418.4615',b'-45.648552',b'832.9438',b'426.87463',b'-51.4807',b'1161.9008',b'434.7381',b'-223.48338',b'766.66876',b'439.54752',b'-253.67552',b'1178.8146',b'444.68347',b'-262.0936',b'747.45135',b'449.9513',b'-297.13535',b'1177.4579',b'443.85867',b'-297.80026',b'748.47437',b'448.05667',b'-333.7047',b'1170.6362',b'441.70737',b'-245.52246',b'755.9011',b'445.67484',b'-277.40067',b'999.24994',b'575.00964',b'-0.4117861',b'935.302',b'575.3323',b'0.35149023',b'1009.07135',b'710.17505',b'-17.942022',b'928.1724',b'714.1135',b'-32.75934',b'1022.2871',b'832.59393',b'163.76979',b'930.3839',b'838.668',b'132.3026',b'1017.0826',b'848.86957',b'172.60316',b'935.0314',b'853.18365',b'139.39923',b'1024.2014',b'871.2413',b'9.600442',b'928.54553',b'875.8888',b'-23.820534'
image_089.jpg,b'968.5314',b'345.90842',b'-239.45575',b'974.3043',b'333.63168',b'-216.21039',b'978.59174',b'333.22177',b'-216.25345',b'982.4936',b'332.89438',b'-216.27216',b'962.0572',b'334.90192',b'-216.5206',b'957.75806',b'335.479',b'-216.51945',b'953.5215',b'336.07584',b'-216.44315',b'987.3335',b'336.07648',b'-83.715996',b'946.1229',b'340.3469',b'-85.308105',b'978.5092',b'357.72086',b'-191.53366',b'961.7428',b'359.54062',b'-191.90703',b'1024.7305',b'398.79132',b'-38.500492',b'909.43774',b'405.0383',b'-14.668787',b'1103.2671',b'392.5802',b'-190.97197',b'821.7393',b'405.0343',b'-60.815834',b'1153.9519',b'366.54785',b'-453.13538',b'748.77435',b'379.24066',b'-209.09987',b'1177.5046',b'365.1732',b'-504.5564',b'727.82385',b'388.7828',b'-243.31346',b'1172.2742',b'361.21213',b'-528.86487',b'729.7591',b'385.20532',b'-276.3058',b'1163.622',b'361.95395',b'-473.86163',b'737.2637',b'381.98672',b'-230.15443',b'1002.7308',b'575.68317',b'-9.6901245',b'937.11694',b'575.3599',b'9.649687',b'1012.28265',b'709.77484',b'-30.599052',b'930.63293',b'713.5218',b'-6.0269985',b'1020.3439',b'832.45355',b'134.94199',b'929.2542',b'838.33075',b'135.59972',b'1015.9188',b'849.20557',b'142.24637',b'934.63586',b'856.25507',b'140.53296',b'1023.4208',b'874.3689',b'-22.77963',b'925.45056',b'877.14777',b'-17.559633'
image_090.jpg,b'964.7913',b'342.84012',b'-262.05493',b'971.7959',b'331.37222',b'-237.46844',b'976.6643',b'331.00754',b'-237.54651',b'981.0515',b'330.67627',b'-237.62408',b'958.1905',b'332.07315',b'-237.986',b'954.017',b'332.4464',b'-237.98895',b'950.7153',b'332.75647',b'-237.92363',b'986.8639',b'334.87054',b'-100.37047',b'945.1357',b'337.60223',b'-101.726944',b'976.9646',b'355.49945',b'-212.3027',b'957.2987',b'355.85907',b'-212.64574',b'1025.2949',b'402.48923',b'-33.565807',b'910.18445',b'405.40747',b'-24.774387',b'1107.7408',b'411.736',b'-116.602646',b'821.6058',b'413.08655',b'-78.67303',b'1163.4364',b'386.83502',b'-301.89996',b'754.03644',b'382.0823',b'-258.46094',b'1186.6445',b'381.4579',b'-341.52493',b'730.7836',b'382.52246',b'-296.90808',b'1182.3407',b'375.77814',b'-366.7417',b'734.398',b'377.54092',b'-327.518',b'1173.8794',b'376.73706',b'-320.37686',b'742.897',b'375.33563',b'-278.73795',b'1001.3824',b'575.345',b'-7.134842',b'936.6705',b'576.9216',b'7.2028832',b'1011.0603',b'714.66486',b'-9.765468',b'930.3851',b'716.01624',b'-3.8874962',b'1023.99115',b'836.2449',b'180.44894',b'930.9261',b'837.8918',b'169.98233',b'1017.4474',b'850.1519',b'189.84302',b'937.96594',b'852.8007',b'178.4897',b'1027.8795',b'874.0712',b'27.99358',b'926.1173',b'874.69696',b'20.51752'
image_091.jpg,b'964.43713',b'336.24118',b'-229.55951',b'971.1749',b'327.02335',b'-205.30379',b'975.9103',b'327.18796',b'-205.32681',b'980.3373',b'327.53293',b'-205.35252',b'958.5575',b'327.99326',b'-204.80333',b'954.58093',b'328.7492',b'-204.82771',b'951.4693',b'329.4754',b'-204.7604',b'987.3363',b'334.67532',b'-70.42138',b'946.61884',b'336.71918',b'-69.360725',b'976.7905',b'349.2594',b'-181.42805',b'958.0241',b'349.92548',b'-181.28194',b'1024.495',b'405.1577',b'-18.187902',b'913.46924',b'406.07166',b'-22.0166',b'1101.4011',b'404.29037',b'-161.79085',b'833.0552',b'401.8196',b'-184.10327',b'1155.9587',b'384.3722',b'-392.4422',b'766.6927',b'384.17346',b'-464.37036',b'1179.136',b'383.64282',b'-436.73312',b'745.6002',b'389.90402',b'-516.24554',b'1178.1628',b'380.2286',b'-459.83813',b'748.65485',b'386.3186',b'-538.7802',b'1169.4404',b'380.5395',b'-411.09482',b'756.4566',b'385.15897',b'-484.62433',b'1000.9016',b'576.3765',b'-3.3226113',b'937.6395',b'578.02515',b'3.1975734',b'1009.9522',b'712.43726',b'-19.633886',b'928.00824',b'717.43604',b'-13.847425',b'1023.5674',b'834.06055',b'162.51833',b'931.40656',b'837.057',b'146.36055',b'1018.4008',b'847.5609',b'170.70586',b'938.30585',b'852.8114',b'152.9265',b'1024.7589',b'873.2664',b'2.3188715',b'927.41113',b'875.6092',b'-10.252204'
image_092.jpg,b'968.8869',b'340.00003',b'-205.94598',b'975.6475',b'329.0285',b'-182.304',b'980.1583',b'329.21893',b'-182.35197',b'984.4511',b'329.64734',b'-182.39171',b'962.4234',b'329.6959',b'-181.38277',b'958.38904',b'330.3518',b'-181.4077',b'955.0228',b'331.1626',b'-181.32304',b'990.46405',b'335.9428',b'-48.35146',b'948.6812',b'337.98392',b'-46.157433',b'979.69244',b'353.34436',b'-158.16335',b'961.39996',b'353.27698',b'-157.66147',b'1024.2893',b'404.89868',b'-11.935413',b'914.7354',b'407.67862',b'9.572352',b'1097.0764',b'410.5193',b'-182.20995',b'838.5412',b'413.16187',b'-152.84929',b'1151.0686',b'410.48883',b'-447.4147',b'772.46545',b'413.72',b'-440.5168',b'1172.5042',b'411.9457',b'-497.6239',b'750.95825',b'422.0558',b'-490.16034',b'1172.0314',b'410.85938',b'-521.56744',b'753.19073',b'419.65567',b'-516.51794',b'1164.0067',b'411.48212',b'-466.33466',b'761.82043',b'417.92224',b'-462.09964',b'1002.0597',b'575.62115',b'-6.2381988',b'938.4791',b'576.83026',b'6.1117587',b'1012.604',b'710.8659',b'-35.771286',b'929.7889',b'714.85114',b'-11.784305',b'1021.25543',b'838.09033',b'128.42801',b'928.8272',b'838.10785',b'136.32114',b'1015.2927',b'854.349',b'135.01993',b'935.4863',b'854.39856',b'141.73691',b'1026.452',b'874.0394',b'-28.830936',b'923.3133',b'873.2564',b'-16.498817'
image_093.jpg,b'964.5275',b'337.8305',b'-188.81898',b'967.3823',b'327.42535',b'-164.40944',b'970.1897',b'327.24036',b'-164.4301',b'973.193',b'327.0834',b'-164.49213',b'959.3871',b'328.26138',b'-161.95627',b'956.3567',b'328.77142',b'-161.97423',b'952.92096',b'329.31406',b'-161.9279',b'980.19824',b'331.96347',b'-32.232773',b'944.821',b'333.9568',b'-21.451918',b'970.54114',b'348.30746',b'-141.347',b'959.0654',b'349.73764',b'-138.26906',b'1015.9576',b'380.7583',b'21.224636',b'910.85284',b'383.0791',b'50.889046',b'1100.1272',b'359.17145',b'-4.7749515',b'828.1854',b'358.70062',b'78.25762',b'1167.278',b'334.6644',b'-126.68036',b'761.12177',b'332.5183',b'11.266159',b'1187.9161',b'337.76178',b'-157.14282',b'739.7955',b'337.75793',b'-16.15584',b'1186.3528',b'334.76776',b'-198.93823',b'741.4981',b'334.71008',b'-40.458347',b'1180.1729',b'334.7926',b'-152.6832',b'748.7',b'334.33774',b'-6.9340224',b'998.7418',b'568.9499',b'-11.162987',b'934.1844',b'572.13214',b'11.006725',b'1009.25696',b'709.1988',b'-30.465149',b'927.75287',b'711.6207',b'-17.386341',b'1022.6153',b'832.03577',b'137.9821',b'931.2615',b'840.2921',b'126.99433',b'1015.3203',b'848.25134',b'144.91719',b'938.2025',b'855.36383',b'131.16685',b'1023.84656',b'874.1494',b'-26.354712',b'925.99445',b'879.752',b'-31.003365'
image_094.jpg,b'968.58435',b'336.01456',b'-197.9168',b'974.0587',b'326.06116',b'-170.67021',b'978.03705',b'326.16953',b'-170.69357',b'982.12146',b'326.45224',b'-170.78265',b'962.8796',b'326.7387',b'-170.53624',b'958.9824',b'327.3138',b'-170.55388',b'954.80524',b'327.98508',b'-170.48358',b'988.78876',b'331.23755',b'-31.162495',b'947.3793',b'332.13113',b'-30.439331',b'977.48267',b'347.46887',b'-148.1444',b'961.23047',b'348.24985',b'-147.9692',b'1023.7089',b'380.28482',b'26.21167',b'913.6783',b'382.5323',b'35.994003',b'1098.5771',b'349.43097',b'4.1844673',b'832.9941',b'351.53015',b'33.33965',b'1163.3151',b'310.36987',b'-120.438866',b'766.28564',b'318.60678',b'-76.50087',b'1184.9047',b'312.02173',b'-159.3496',b'745.73346',b'321.50143',b'-118.02675',b'1182.6267',b'308.00107',b'-197.92404',b'747.22046',b'317.58145',b'-144.25456',b'1174.9773',b'308.09003',b'-146.57814',b'754.02435',b'318.3377',b'-98.3745',b'999.5446',b'568.5867',b'-6.158734',b'933.4008',b'570.41394',b'6.096217',b'1010.4955',b'711.03955',b'-47.503204',b'928.51385',b'713.5799',b'-33.881504',b'1022.3678',b'833.4241',b'146.79529',b'934.35785',b'838.2922',b'126.418365',b'1014.11017',b'848.37604',b'155.88564',b'942.8432',b'852.638',b'132.02882',b'1025.6028',b'874.8539',b'-16.569057',b'928.81244',b'880.85986',b'-35.138462'
image_095.jpg,b'969.58307',b'339.40356',b'-267.8874',b'974.40436',b'329.28287',b'-239.21988',b'977.99457',b'329.4091',b'-239.24803',b'981.8135',b'329.76135',b'-239.31143',b'963.2697',b'330.24265',b'-242.104',b'959.1305',b'331.12952',b'-242.1086',b'955.03766',b'331.96136',b'-242.04291',b'987.5314',b'335.86786',b'-90.88505',b'948.3832',b'337.11215',b'-103.89041',b'978.2888',b'350.49048',b'-214.41019',b'962.72437',b'352.6071',b'-218.26962',b'1026.1326',b'390.03317',b'-20.401258',b'910.9438',b'390.7767',b'-22.036266',b'1109.5502',b'368.2835',b'-53.041115',b'824.1778',b'377.39902',b'-43.034523',b'1168.1925',b'318.78375',b'-185.93732',b'759.3664',b'333.38495',b'-196.06702',b'1185.1323',b'314.735',b'-224.78638',b'738.768',b'336.49887',b'-239.74911',b'1178.0363',b'307.76645',b'-249.80782',b'741.62866',b'328.82703',b'-268.7347',b'1171.406',b'308.7322',b'-205.1009',b'749.39655',b'328.3005',b'-217.25963',b'1001.4751',b'572.201',b'-8.187783',b'935.7759',b'573.02496',b'8.208378',b'1009.75305',b'709.5593',b'-32.099625',b'928.32324',b'713.30695',b'-19.211187',b'1020.00525',b'832.7013',b'164.9817',b'930.26294',b'837.6115',b'154.64363',b'1016.02136',b'851.6601',b'174.51582',b'936.1339',b'854.8602',b'162.33517',b'1022.0916',b'875.9509',b'1.5367765',b'922.7416',b'879.8389',b'-1.0648788'
image_096.jpg,b'967.97675',b'342.76172',b'-192.7228',b'974.5332',b'332.20908',b'-169.89403',b'978.9663',b'332.04462',b'-169.99791',b'982.5637',b'332.10992',b'-170.11658',b'960.4719',b'332.92496',b'-172.4447',b'955.53864',b'333.45963',b'-172.4505',b'951.5128',b'333.91843',b'-172.40955',b'986.8848',b'335.1953',b'-32.184612',b'944.6707',b'336.53815',b'-45.238285',b'977.9982',b'354.08835',b'-140.98804',b'958.9316',b'355.69632',b'-144.78094',b'1021.55365',b'390.66754',b'33.542862',b'911.4276',b'393.10373',b'27.593813',b'1104.9741',b'404.36316',b'15.347649',b'830.22974',b'411.3792',b'-11.349205',b'1164.7865',b'418.53116',b'-123.8535',b'758.4602',b'423.81705',b'-198.69736',b'1184.6383',b'424.44882',b'-154.78047',b'737.65326',b'429.4707',b'-237.29205',b'1183.7778',b'424.5678',b'-195.11609',b'740.3246',b'429.0167',b'-282.15393',b'1175.4398',b'424.1345',b'-146.35376',b'748.4471',b'428.29773',b'-224.86783',b'1001.5504',b'570.5367',b'-2.2184165',b'940.29736',b'573.10986',b'2.2010655',b'1011.73096',b'708.9881',b'-35.442158',b'929.9515',b'711.14966',b'-29.254206',b'1021.4452',b'837.99524',b'117.1937',b'928.436',b'838.21716',b'108.30131',b'1016.35345',b'851.34845',b'122.872894',b'934.8584',b'852.2094',b'112.779',b'1022.85004',b'882.2805',b'-43.271267',b'936.41583',b'883.5656',b'-51.66352'
image_097.jpg,b'969.67267',b'340.2363',b'-233.37617',b'972.6861',b'330.27966',b'-208.78662',b'975.46405',b'330.13754',b'-208.81685',b'978.6105',b'330.0291',b'-208.88995',b'964.98926',b'331.02167',b'-207.47607',b'962.2425',b'331.50848',b'-207.48633',b'959.1642',b'331.9698',b'-207.41655',b'986.0939',b'333.74612',b'-70.117516',b'950.9372',b'335.02795',b'-63.20554',b'975.8503',b'350.18295',b'-182.18483',b'964.9435',b'350.99234',b'-180.29218',b'1022.5836',b'380.18637',b'-7.0868816',b'912.7534',b'382.48987',b'21.710676',b'1105.0924',b'358.38855',b'-36.934628',b'824.76685',b'368.92673',b'23.905304',b'1167.235',b'317.7571',b'-171.81342',b'756.1382',b'330.13275',b'-108.73225',b'1190.5828',b'316.00412',b'-207.60313',b'732.0427',b'332.92404',b'-145.60999',b'1187.98',b'311.86435',b'-244.84242',b'733.31305',b'327.2623',b'-174.76144',b'1180.468',b'312.27094',b'-196.21663',b'741.8204',b'326.82297',b'-129.49577',b'1003.94977',b'568.0269',b'-14.899816',b'940.1027',b'570.2395',b'14.883533',b'1010.9802',b'707.84863',b'-54.065258',b'928.1313',b'710.2301',b'-18.526608',b'1021.75287',b'831.34143',b'124.31112',b'930.499',b'836.3426',b'132.2993',b'1015.7767',b'849.48706',b'131.87135',b'937.4981',b'852.6107',b'137.38437',b'1022.76373',b'874.4888',b'-44.271446',b'925.1761',b'877.5152',b'-27.01769'
image_098.jpg,b'972.64264',b'340.68246',b'-277.67688',b'977.1848',b'330.17307',b'-252.65474',b'980.8683',b'330.20447',b'-252.7019',b'984.4066',b'330.40735',b'-252.78629',b'966.5867',b'331.194',b'-256.552',b'962.74646',b'331.93063',b'-256.56314',b'958.6851',b'332.6317',b'-256.50598',b'989.54956',b'334.34204',b'-108.313416',b'950.1608',b'336.90692',b'-126.17868',b'981.2961',b'351.71555',b'-223.82887',b'966.76886',b'352.16638',b'-228.9944',b'1025.669',b'384.34393',b'-33.264114',b'911.8834',b'387.23743',b'-49.30581',b'1110.7971',b'372.04688',b'-43.97286',b'823.7',b'380.94843',b'-63.4128',b'1177.1743',b'343.53677',b'-182.83047',b'751.92914',b'354.51675',b'-210.93732',b'1200.376',b'345.6589',b'-217.35657',b'727.788',b'356.06265',b'-249.33763',b'1199.7482',b'343.08203',b'-258.8275',b'730.4448',b'353.08774',b'-288.8086',b'1190.6501',b'342.64893',b'-208.84097',b'738.7523',b'352.88446',b'-235.09962',b'1003.5448',b'570.07996',b'-2.5317612',b'938.65344',b'572.6762',b'2.490456',b'1011.19696',b'714.428',b'-35.653164',b'927.2595',b'717.24133',b'-21.741505',b'1021.08844',b'837.0281',b'148.1451',b'931.6731',b'840.95013',b'136.32281',b'1013.8059',b'851.3763',b'156.50076',b'938.1516',b'855.64276',b'142.43382',b'1026.8663',b'875.42694',b'-18.272127',b'925.99646',b'879.8681',b'-26.750492'
image_099.jpg,b'975.21216',b'343.39496',b'-292.73083',b'979.93835',b'332.0858',b'-268.9121',b'983.63354',b'332.11404',b'-268.9608',b'987.3603',b'332.23505',b'-269.04752',b'968.9059',b'332.88882',b'-272.94495',b'964.7151',b'333.48752',b'-272.9563',b'960.53467',b'334.0447',b'-272.89514',b'992.1436',b'336.34027',b'-123.62716',b'952.1457',b'337.00516',b'-142.05478',b'983.0255',b'354.27554',b'-237.88164',b'967.9429',b'355.81824',b'-243.2056',b'1026.3546',b'384.58777',b'-45.14665',b'913.23376',b'386.7617',b'-58.44686',b'1112.9326',b'374.08267',b'-56.41323',b'825.1616',b'386.11438',b'-70.84903',b'1176.5674',b'352.26257',b'-195.04112',b'750.428',b'364.31326',b'-219.73207',b'1199.9601',b'353.53088',b'-230.19936',b'726.22876',b'367.6143',b'-256.84174',b'1198.5713',b'350.71262',b'-271.16446',b'728.757',b'363.39456',b'-297.82727',b'1190.0487',b'350.63272',b'-220.6035',b'737.24854',b'362.36093',b'-244.21123',b'1005.54175',b'569.22955',b'-4.7082825',b'940.7462',b'571.1976',b'4.6932354',b'1012.3374',b'711.7193',b'-40.1243',b'930.11755',b'712.66864',b'-25.07126',b'1022.9496',b'836.36835',b'142.84395',b'930.46606',b'837.34503',b'138.13002',b'1017.66187',b'852.03705',b'151.18872',b'935.37866',b'850.6253',b'145.30818',b'1025.3447',b'874.04395',b'-23.221916',b'925.67065',b'875.872',b'-19.053383'
image_100.jpg,b'972.10876',b'362.88846',b'-345.50037',b'978.3688',b'349.3031',b'-326.31958',b'982.64514',b'348.5491',b'-326.39774',b'986.8536',b'347.66837',b'-326.45255',b'965.46533',b'350.0861',b'-328.07776',b'960.92114',b'349.97348',b'-328.0857',b'956.9811',b'349.7684',b'-328.0198',b'992.6244',b'346.19284',b'-176.55774',b'949.53436',b'348.23813',b'-184.2491',b'980.6794',b'371.36343',b'-286.9349',b'964.36786',b'372.84393',b'-289.06497',b'1028.4014',b'400.51886',b'-69.1005',b'911.4017',b'403.77872',b'-64.478',b'1104.9929',b'415.55722',b'-69.68851',b'835.73346',b'434.83414',b'-28.290497',b'1164.041',b'434.0933',b'-234.69771',b'762.9295',b'459.40408',b'-165.99025',b'1184.0454',b'443.69113',b'-267.99933',b'742.8173',b'468.57727',b'-194.98502',b'1180.6451',b'444.12265',b'-316.56775',b'743.6138',b'468.3689',b'-245.5549',b'1172.7772',b'442.6091',b'-261.35205',b'751.5224',b'467.50266',b'-191.48',b'1005.5462',b'576.41565',b'-7.404809',b'940.39716',b'576.4381',b'7.3987374',b'1015.4395',b'712.5785',b'-25.465427',b'930.2704',b'711.38367',b'-1.6934396',b'1020.8882',b'833.4596',b'129.9088',b'930.15393',b'833.3142',b'133.84738',b'1017.54926',b'852.1133',b'134.3397',b'936.7156',b'853.10095',b'136.90297',b'1020.6935',b'873.928',b'-38.209785',b'921.65295',b'878.34344',b'-25.669016'
