image_001.jpg,b'967.33026',b'337.94565',b'-465.70648',b'975.2605',b'328.54636',b'-447.43173',b'980.1858',b'329.3104',b'-447.4957',b'983.89014',b'330.0205',b'-447.61737',b'960.31116',b'328.3529',b'-445.70825',b'956.42004',b'328.9837',b'-445.77347',b'952.5063',b'329.7877',b'-445.84943',b'988.9831',b'337.05087',b'-320.41287',b'945.9386',b'339.10297',b'-310.6336',b'978.80414',b'351.09686',b'-417.09375',b'958.00903',b'351.45227',b'-414.45758',b'1025.5222',b'416.84424',b'-228.52939',b'914.7092',b'418.7598',b'-198.28877',b'1049.8909',b'505.0028',b'-204.92992',b'895.1031',b'506.53',b'-156.94664',b'1063.5854',b'586.6594',b'-321.8743',b'878.5271',b'591.244',b'-275.9195',b'1067.6257',b'608.1946',b'-363.43246',b'874.7436',b'612.6788',b'-310.62216',b'1062.4453',b'606.10614',b'-400.03067',b'879.79193',b'611.3293',b'-354.77567',b'1058.6208',b'600.68616',b'-338.5048',b'883.8701',b'605.8934',b'-295.22614',b'1004.39886',b'573.9344',b'-16.2106',b'941.45667',b'575.9806',b'16.046906',b'1013.77234',b'710.0145',b'-63.543213',b'928.92224',b'713.5728',b'-3.4538338',b'1023.86304',b'796.38586',b'182.62045',b'926.34906',b'810.28516',b'225.74431',b'1023.2819',b'822.7277',b'197.55125',b'931.8298',b'825.7869',b'240.55194',b'1026.6843',b'856.5048',b'45.263477',b'912.2546',b'847.6615',b'90.10083'
image_002.jpg,b'968.2519',b'337.01154',b'-425.1121',b'975.8275',b'327.57642',b'-407.81458',b'980.0974',b'327.89343',b'-407.86658',b'984.1541',b'328.2579',b'-407.96',b'960.0897',b'327.5543',b'-406.65396',b'955.3382',b'328.12015',b'-406.71298',b'951.5983',b'328.9216',b'-406.79626',b'990.24927',b'335.10175',b'-287.4237',b'944.8688',b'337.369',b'-281.9633',b'978.583',b'351.2922',b'-379.01343',b'958.93713',b'352.28827',b'-377.67422',b'1024.5721',b'416.4906',b'-202.04636',b'913.1749',b'418.15738',b'-178.21452',b'1041.1704',b'505.5256',b'-160.50287',b'900.2826',b'506.1037',b'-135.91954',b'1053.0996',b'587.9647',b'-253.24385',b'888.12225',b'591.9219',b'-243.60796',b'1057.7646',b'610.35016',b'-288.58627',b'884.3833',b'614.8973',b'-277.01862',b'1048.5823',b'607.5501',b'-323.64517',b'890.67316',b'612.7826',b'-317.2686',b'1044.4719',b'601.849',b'-268.45096',b'893.7803',b'606.6051',b'-261.15186',b'1003.3469',b'572.9006',b'-14.709954',b'939.56085',b'576.17883',b'14.511002',b'1013.9335',b'709.4058',b'-40.37667',b'926.30066',b'713.95123',b'-3.4976552',b'1020.64154',b'794.66864',b'175.72072',b'930.68823',b'815.4511',b'198.84323',b'1026.0667',b'821.31274',b'188.34334',b'938.2767',b'830.63745',b'211.08134',b'1038.4585',b'855.211',b'45.86532',b'917.1495',b'855.8261',b'64.82296'
image_003.jpg,b'965.89154',b'338.31946',b'-394.826',b'973.20856',b'328.3454',b'-377.74103',b'977.47205',b'328.52448',b'-377.78253',b'981.50806',b'328.8146',b'-377.84875',b'958.02844',b'329.07376',b'-377.16663',b'953.3883',b'329.86642',b'-377.22067',b'949.3293',b'330.80167',b'-377.2961',b'987.2724',b'335.65894',b'-259.22455',b'943.4414',b'338.82904',b'-256.36917',b'976.52655',b'351.44992',b'-349.48953',b'957.33435',b'353.72156',b'-348.90732',b'1024.8715',b'415.08804',b'-175.3055',b'910.9648',b'419.5751',b'-155.78574',b'1042.0724',b'504.89148',b'-127.14313',b'900.99695',b'509.08643',b'-101.28032',b'1059.9193',b'586.4281',b'-225.77304',b'886.88654',b'594.00085',b'-205.10478',b'1064.8265',b'609.7958',b'-259.07004',b'882.7801',b'616.0953',b'-236.37862',b'1056.7053',b'607.27637',b'-296.5658',b'888.992',b'614.19196',b'-279.77563',b'1052.2047',b'600.68915',b'-241.86519',b'891.99414',b'607.4016',b'-223.93504',b'1001.244',b'574.6861',b'-11.003782',b'938.8172',b'575.43115',b'10.790745',b'1011.9758',b'710.5537',b'-38.32759',b'926.3497',b'718.8187',b'-7.437413',b'1024.9407',b'809.9726',b'149.21416',b'924.8463',b'818.085',b'162.17673',b'1019.6223',b'833.0328',b'158.10341',b'931.08386',b'842.99554',b'170.38583',b'1023.84863',b'867.9118',b'6.095895',b'915.44244',b'869.79285',b'15.640431'
image_004.jpg,b'966.4185',b'335.1831',b'-401.32758',b'973.5159',b'325.1611',b'-383.97202',b'977.83575',b'325.6549',b'-384.0124',b'981.58826',b'326.35052',b'-384.07028',b'959.21954',b'325.75528',b'-381.60785',b'954.69867',b'326.72174',b'-381.66675',b'950.8674',b'327.85083',b'-381.76544',b'986.9506',b'334.5754',b'-265.88254',b'944.57776',b'336.8855',b'-254.3179',b'976.9227',b'349.36795',b'-356.6296',b'957.56854',b'349.84238',b'-353.59665',b'1024.7019',b'416.13403',b'-188.05211',b'912.17975',b'417.712',b'-157.23418',b'1038.1222',b'508.30368',b'-149.5386',b'899.46136',b'511.11853',b'-113.51675',b'1051.6799',b'590.5508',b'-242.73253',b'885.31445',b'593.93256',b'-220.92009',b'1053.4756',b'613.1574',b'-277.7424',b'880.8336',b'615.3682',b'-255.29402',b'1045.7528',b'610.2037',b'-314.6145',b'886.1',b'614.2225',b'-296.3121',b'1042.1282',b'603.1832',b'-258.40414',b'889.1746',b'607.2884',b'-239.09077',b'1000.5002',b'575.7871',b'-13.238326',b'939.42334',b'576.6178',b'13.06238',b'1011.95593',b'709.8257',b'-37.298897',b'925.80255',b'714.22943',b'-11.104756',b'1022.0303',b'824.9382',b'174.95377',b'927.29224',b'830.36414',b'182.21732',b'1020.096',b'826.7981',b'186.43913',b'931.8163',b'831.49506',b'192.8682',b'1027.7856',b'865.2649',b'31.708738',b'922.1599',b'871.52',b'37.74854'
image_005.jpg,b'966.2868',b'332.4601',b'-378.20877',b'972.2406',b'323.08832',b'-360.50146',b'976.2106',b'323.5217',b'-360.54547',b'979.8594',b'324.1941',b'-360.59778',b'959.27026',b'324.85077',b'-360.5885',b'954.805',b'326.47598',b'-360.65073',b'950.62866',b'328.24567',b'-360.75882',b'986.19836',b'333.06207',b'-243.05249',b'943.8528',b'337.99506',b'-242.46523',b'976.7974',b'345.5789',b'-333.72208',b'958.2572',b'346.6758',b'-333.84625',b'1023.63934',b'412.2423',b'-162.28406',b'912.45953',b'416.2517',b'-155.85802',b'1033.4055',b'508.3174',b'-122.92169',b'902.21436',b'511.23904',b'-114.529526',b'1046.6271',b'589.67645',b'-214.91905',b'889.676',b'596.3551',b'-212.99565',b'1047.6346',b'612.34717',b'-249.6612',b'887.77997',b'616.93384',b'-247.18306',b'1038.5575',b'609.9426',b'-285.1062',b'894.1227',b'615.1243',b'-287.5906',b'1035.9187',b'602.7407',b'-230.51065',b'896.52606',b'608.1981',b'-230.72878',b'1000.90015',b'573.88',b'-5.277265',b'941.0153',b'577.2634',b'5.1248174',b'1012.8025',b'709.8992',b'-25.830812',b'926.36316',b'714.95825',b'-8.243888',b'1021.5642',b'826.4713',b'179.80862',b'927.7459',b'832.9124',b'173.93454',b'1018.5293',b'828.922',b'190.48557',b'931.0835',b'833.8521',b'183.04887',b'1028.4814',b'869.2958',b'34.966194',b'923.76965',b'875.3689',b'22.666094'
image_006.jpg,b'965.5159',b'333.7903',b'-390.69965',b'973.5681',b'324.12695',b'-373.12274',b'978.0933',b'324.68976',b'-373.1488',b'982.0957',b'325.43246',b'-373.19122',b'958.3064',b'324.8098',b'-372.65158',b'953.6469',b'325.8671',b'-372.72342',b'949.78546',b'327.06342',b'-372.82678',b'987.8968',b'333.9996',b'-252.57281',b'943.6368',b'336.5765',b'-249.88638',b'976.683',b'348.15366',b'-344.94977',b'956.35626',b'348.54074',b'-344.41766',b'1024.6897',b'415.0808',b'-163.14244',b'911.5422',b'416.5661',b'-163.55608',b'1035.0192',b'510.2825',b'-117.135086',b'904.4586',b'509.71375',b'-116.18597',b'1046.879',b'592.0519',b'-218.5307',b'887.6591',b'593.6924',b'-217.82022',b'1047.0986',b'613.6156',b'-253.97699',b'886.2332',b'616.80237',b'-251.5275',b'1038.4484',b'611.2195',b'-290.2335',b'891.1902',b'615.1191',b'-294.2485',b'1036.4001',b'604.0566',b'-234.54074',b'892.60315',b'607.50165',b'-236.32469',b'1000.7977',b'574.3228',b'2.0219965',b'939.91473',b'576.74927',b'-2.2155023',b'1012.36554',b'711.06696',b'-32.418583',b'925.1061',b'715.48315',b'-26.807636',b'1023.0662',b'830.53937',b'176.73091',b'927.0708',b'835.19763',b'164.47829',b'1019.35596',b'835.1635',b'187.5859',b'930.875',b'838.9492',b'174.56546',b'1024.7831',b'873.48676',b'26.543926',b'928.1869',b'875.97095',b'10.999707'
image_007.jpg,b'967.4388',b'336.4074',b'-419.6995',b'975.4808',b'326.79175',b'-402.5765',b'980.281',b'327.42255',b'-402.6047',b'983.92456',b'328.1432',b'-402.67026',b'959.9608',b'326.76443',b'-401.43073',b'955.3079',b'327.49506',b'-401.50293',b'951.80817',b'328.39584',b'-401.58078',b'989.29254',b'335.38364',b'-280.17603',b'945.3787',b'336.75116',b'-274.7239',b'978.12494',b'350.15036',b'-372.81458',b'957.6965',b'350.61295',b'-371.4709',b'1025.465',b'414.8631',b'-185.4713',b'913.4154',b'415.6084',b'-179.09819',b'1034.3276',b'509.34412',b'-135.96034',b'906.4542',b'508.00214',b'-127.82643',b'1044.329',b'590.5772',b'-232.00877',b'889.842',b'593.60986',b'-229.89032',b'1044.7345',b'612.4043',b'-266.6283',b'889.0064',b'615.3769',b'-263.27042',b'1037.6387',b'610.37854',b'-303.86676',b'894.0414',b'613.6847',b'-304.24924',b'1035.2314',b'602.81177',b'-248.23477',b'895.91156',b'606.609',b'-247.70393',b'1001.357',b'570.70044',b'-1.081362',b'939.7717',b'573.2331',b'0.9233692',b'1013.8878',b'711.2942',b'-37.601086',b'925.8791',b'715.93524',b'-21.529884',b'1023.53827',b'828.9131',b'163.75212',b'925.85846',b'828.44165',b'158.36023',b'1018.7825',b'829.8001',b'174.16054',b'930.0308',b'830.92944',b'167.2958',b'1028.2388',b'863.814',b'19.474277',b'921.6223',b'867.9521',b'6.9819846'
image_008.jpg,b'965.85205',b'335.4179',b'-408.3537',b'974.1037',b'326.45834',b'-391.38663',b'979.46265',b'326.88208',b'-391.42178',b'983.8427',b'327.60498',b'-391.48123',b'959.0413',b'326.51044',b'-389.34433',b'955.36383',b'326.90073',b'-389.40543',b'951.6188',b'327.38126',b'-389.47806',b'989.07153',b'335.76904',b'-270.71735',b'946.5568',b'336.1271',b'-260.79953',b'977.5834',b'350.01224',b'-362.1666',b'957.1353',b'350.14102',b'-359.57858',b'1029.0078',b'414.03687',b'-183.41277',b'914.73376',b'416.79913',b'-160.22807',b'1035.9065',b'509.0521',b'-137.62555',b'908.8238',b'506.74765',b'-105.32816',b'1048.6538',b'590.9885',b'-238.81165',b'893.6109',b'593.46106',b'-213.30884',b'1051.1862',b'613.40894',b'-274.59848',b'892.55164',b'616.33966',b'-246.83604',b'1044.2214',b'612.1111',b'-313.25482',b'897.66895',b'614.7479',b'-290.19394',b'1041.2954',b'604.899',b'-255.42072',b'899.51056',b'606.86414',b'-232.48839',b'1004.40894',b'574.37067',b'-6.747785',b'941.5919',b'576.39655',b'6.6191034',b'1014.0051',b'713.51404',b'-37.75106',b'928.8838',b'715.7571',b'-15.2743225',b'1023.3422',b'826.52026',b'165.14217',b'927.2142',b'828.75806',b'162.85019',b'1019.8693',b'827.4607',b'175.32547',b'931.5304',b'830.0334',b'171.33734',b'1026.4868',b'867.96344',b'17.599642',b'922.0148',b'872.4317',b'9.686654'
image_009.jpg,b'969.0007',b'347.22992',b'-438.25763',b'976.0913',b'335.73914',b'-422.09653',b'980.76575',b'335.65878',b'-422.12057',b'984.31055',b'335.96317',b'-422.17075',b'961.6576',b'336.04156',b'-421.0588',b'957.13385',b'336.27094',b'-421.12918',b'953.90735',b'336.51605',b'-421.19852',b'989.2036',b'340.2186',b'-290.5059',b'948.6162',b'341.83148',b'-285.18723',b'979.29987',b'358.97018',b'-386.27292',b'959.76385',b'360.44443',b'-385.05078',b'1029.606',b'414.04156',b'-182.5862',b'915.1368',b'415.6011',b'-176.75404',b'1038.5779',b'511.14938',b'-128.39742',b'907.90784',b'509.0793',b'-125.640625',b'1047.9298',b'593.6001',b'-240.02031',b'893.6306',b'595.16974',b'-249.95378',b'1047.4689',b'614.6882',b'-277.76025',b'893.9952',b'617.33813',b'-288.74832',b'1040.1157',b'612.4837',b'-317.52893',b'898.0477',b'614.687',b'-333.31042',b'1038.5513',b'605.7306',b'-257.54556',b'898.94293',b'607.4001',b'-269.65784',b'1004.70074',b'575.11285',b'-5.4934134',b'942.5714',b'576.3999',b'5.3875513',b'1014.1016',b'710.30145',b'-39.208862',b'927.49475',b'714.3505',b'-22.31724',b'1021.2017',b'839.18274',b'164.28783',b'927.86633',b'838.23334',b'161.63425',b'1018.6344',b'845.0031',b'173.9947',b'932.84485',b'846.9787',b'170.422',b'1021.83417',b'876.42755',b'9.326698',b'922.8988',b'880.01245',b'4.774994'
image_010.jpg,b'967.48364',b'354.33612',b'-442.27045',b'975.1879',b'341.3835',b'-427.58206',b'979.6723',b'341.1857',b'-427.5879',b'983.0391',b'341.05148',b'-427.61496',b'960.0792',b'341.50342',b'-426.0019',b'955.2746',b'341.5008',b'-426.07312',b'951.72925',b'341.33557',b'-426.14594',b'988.3001',b'343.01373',b'-293.87912',b'947.3998',b'344.53577',b'-286.43613',b'977.6406',b'364.07',b'-388.5327',b'958.202',b'365.91537',b'-386.67963',b'1028.9066',b'412.81094',b'-176.10579',b'914.47314',b'417.0396',b'-171.01671',b'1038.5314',b'509.06384',b'-116.39415',b'908.991',b'512.08234',b'-113.92691',b'1047.1588',b'590.93066',b'-241.52147',b'895.8209',b'596.96045',b'-243.01447',b'1048.3947',b'611.70294',b'-280.3091',b'896.37164',b'618.8259',b'-283.14603',b'1042.0781',b'609.8162',b'-322.47513',b'900.5019',b'616.15643',b'-329.19525',b'1039.9668',b'603.4269',b'-260.0429',b'901.6407',b'609.18256',b'-263.26773',b'1003.7638',b'575.1055',b'-3.1395035',b'941.10315',b'576.1656',b'3.0064964',b'1017.3484',b'712.9926',b'-51.911285',b'928.733',b'713.5924',b'-44.020355',b'1023.062',b'835.6898',b'153.25706',b'926.70654',b'836.40265',b'144.75327',b'1019.51385',b'847.8998',b'163.05002',b'933.01917',b'852.6682',b'153.95154',b'1022.7166',b'880.4744',b'-7.604513',b'922.8405',b'867.28656',b'-15.173423'
image_011.jpg,b'969.5264',b'348.70584',b'-418.02737',b'976.96967',b'335.8839',b'-401.15457',b'980.7274',b'335.7942',b'-401.17703',b'984.1421',b'335.4707',b'-401.20416',b'961.81433',b'336.67203',b'-400.98178',b'956.6735',b'336.9632',b'-401.04443',b'951.8829',b'337.3254',b'-401.1082',b'988.4632',b'339.62793',b'-267.15833',b'946.6254',b'342.4373',b'-266.32004',b'978.5015',b'359.71744',b'-365.23642',b'959.2807',b'361.9222',b'-365.25836',b'1027.5157',b'414.53268',b'-157.72511',b'913.6232',b'416.5787',b'-158.75807',b'1036.4316',b'511.87787',b'-104.27947',b'906.54266',b'509.91583',b'-105.9279',b'1047.039',b'592.14777',b'-232.87138',b'892.2377',b'593.45746',b'-234.87111',b'1048.1613',b'612.2115',b'-272.01865',b'891.7756',b'616.2038',b'-273.67792',b'1041.1003',b'610.5464',b'-313.09088',b'895.833',b'613.943',b'-319.5318',b'1039.1893',b'604.5889',b'-251.4717',b'897.69556',b'606.6269',b'-255.0921',b'1002.63965',b'575.6454',b'-2.3989515',b'940.88275',b'577.14465',b'2.289269',b'1013.48773',b'709.80566',b'-41.691837',b'927.68243',b'711.5811',b'-37.141342',b'1020.74835',b'837.14557',b'142.2896',b'928.78723',b'839.3255',b'139.53513',b'1015.9853',b'848.8208',b'149.59299',b'933.9183',b'852.34357',b'147.15263',b'1023.6305',b'878.2921',b'-19.43798',b'924.81573',b'880.71484',b'-20.137287'
image_012.jpg,b'966.0046',b'345.28052',b'-436.33856',b'973.7027',b'333.44254',b'-419.90137',b'977.6799',b'333.51813',b'-419.92337',b'981.7337',b'333.64432',b'-419.9477',b'958.2595',b'333.4632',b'-418.47864',b'953.62555',b'333.64438',b'-418.54797',b'949.07855',b'333.83234',b'-418.62057',b'986.6298',b'337.75516',b'-286.71988',b'943.6111',b'338.7748',b'-279.39697',b'975.67267',b'357.89917',b'-383.82434',b'957.3919',b'359.33533',b'-381.99814',b'1024.93',b'411.67517',b'-180.54819',b'910.1552',b'417.09344',b'-169.73685',b'1032.9391',b'509.12103',b'-134.00905',b'904.3575',b'512.09344',b'-117.00932',b'1038.6516',b'589.45807',b'-267.45578',b'892.7718',b'595.31915',b'-247.6546',b'1042.2042',b'610.6204',b'-308.7617',b'890.8969',b'616.8144',b'-288.28467',b'1035.7966',b'610.0288',b'-349.17972',b'896.1956',b'615.9004',b'-333.70273',b'1032.7468',b'603.8841',b'-285.6718',b'898.69653',b'610.0757',b'-267.79504',b'1000.272',b'576.76605',b'-6.908661',b'937.43414',b'578.4289',b'6.7903647',b'1011.4393',b'710.47266',b'-41.608337',b'927.60297',b'715.14984',b'-25.751747',b'1020.16797',b'834.1408',b'165.98807',b'928.19165',b'839.8923',b'173.45352',b'1016.26556',b'848.2127',b'175.97787',b'934.4902',b'855.9793',b'183.66692',b'1022.0365',b'867.3185',b'7.0074615',b'923.52716',b'871.93506',b'18.011494'
image_013.jpg,b'967.14246',b'344.65237',b'-405.61206',b'974.2902',b'332.83752',b'-388.3357',b'978.0687',b'332.9212',b'-388.36203',b'982.02954',b'333.15863',b'-388.39804',b'959.1897',b'332.97406',b'-388.66714',b'954.60095',b'333.30838',b'-388.73056',b'950.066',b'333.88495',b'-388.80814',b'986.7645',b'338.33115',b'-255.56142',b'944.14484',b'339.7397',b'-256.76556',b'976.28265',b'357.16324',b'-353.69586',b'958.2923',b'358.61407',b'-354.2987',b'1023.91595',b'413.2434',b'-147.77322',b'910.3311',b'416.08292',b'-155.8693',b'1034.8943',b'507.80804',b'-90.885475',b'904.4526',b'509.72073',b'-102.38552',b'1046.2589',b'590.1534',b'-213.02634',b'890.2269',b'594.1821',b'-225.2272',b'1048.1963',b'611.61237',b'-251.11024',b'888.9211',b'617.2672',b'-262.91772',b'1039.2251',b'609.65356',b'-291.48404',b'893.94836',b'614.9148',b'-309.16888',b'1036.6254',b'603.2576',b'-231.22731',b'895.92236',b'607.57935',b'-245.3869',b'1001.7704',b'575.2784',b'1.5612038',b'939.2929',b'577.73773',b'-1.6856753',b'1014.08887',b'713.34766',b'-45.38455',b'926.65857',b'715.4713',b'-38.424988',b'1021.8322',b'835.6431',b'141.61044',b'928.7824',b'840.2995',b'139.72606',b'1017.2881',b'846.2568',b'149.31958',b'933.97003',b'849.1812',b'147.71817',b'1024.4441',b'881.50995',b'-20.42271',b'927.9598',b'880.9456',b'-19.978224'
image_014.jpg,b'968.0883',b'342.2011',b'-421.5606',b'975.0871',b'331.21738',b'-404.42648',b'978.9995',b'331.34854',b'-404.45956',b'982.89484',b'331.66476',b'-404.52094',b'960.0178',b'331.65723',b'-404.84866',b'955.18604',b'332.214',b'-404.9198',b'950.6834',b'332.93652',b'-405.00305',b'987.2104',b'337.93234',b'-273.8323',b'944.1253',b'339.55673',b'-275.3391',b'977.2412',b'355.05066',b'-370.50632',b'958.38184',b'356.85962',b'-371.23517',b'1023.99115',b'414.75623',b'-172.24889',b'910.6933',b'416.3493',b'-170.03334',b'1034.7048',b'508.30484',b'-121.05417',b'905.27026',b'509.89133',b'-115.31194',b'1046.3141',b'589.7185',b'-234.76982',b'890.29535',b'595.76685',b'-230.02748',b'1048.9998',b'611.9886',b'-272.5097',b'890.1534',b'617.7759',b'-265.07773',b'1040.513',b'610.3694',b'-311.51743',b'894.5449',b'616.7312',b'-310.26416',b'1037.5889',b'603.0709',b'-252.24792',b'896.18274',b'609.7094',b'-249.56314',b'1000.5028',b'573.40814',b'-2.8297286',b'938.7685',b'575.2202',b'2.711351',b'1010.7042',b'711.09314',b'-39.951244',b'925.3431',b'716.1528',b'-23.770859',b'1022.50354',b'831.3152',b'158.86156',b'928.4049',b'835.02277',b'157.94713',b'1020.175',b'834.6583',b'168.53648',b'932.24445',b'837.6374',b'166.77945',b'1022.40405',b'869.5517',b'5.401086',b'928.4258',b'873.3123',b'1.0537678'
image_015.jpg,b'965.772',b'340.3928',b'-431.76517',b'973.2898',b'330.0619',b'-414.4879',b'977.46027',b'330.29123',b'-414.52237',b'981.1666',b'330.53458',b'-414.5873',b'958.27094',b'330.14804',b'-414.29752',b'953.63214',b'330.51584',b'-414.3679',b'949.60114',b'331.08664',b'-414.4498',b'986.54297',b'336.87305',b'-285.1683',b'943.6705',b'338.15076',b'-283.95358',b'975.73975',b'353.90222',b'-381.54938',b'956.656',b'355.08447',b'-381.46045',b'1023.869',b'414.90244',b'-184.95847',b'910.7424',b'415.90964',b'-177.82736',b'1036.8723',b'507.40616',b'-134.68906',b'904.17816',b'508.8315',b'-124.50078',b'1049.7821',b'588.5538',b'-241.8623',b'889.86743',b'594.8848',b'-239.94556',b'1050.016',b'611.9793',b'-278.42728',b'888.65814',b'618.61346',b'-275.40204',b'1042.1783',b'609.7486',b'-317.0921',b'893.69336',b'616.2422',b'-319.564',b'1039.8822',b'602.13904',b'-258.71988',b'895.26886',b'608.2169',b'-259.17255',b'1000.451',b'573.00696',b'-4.321054',b'938.24445',b'576.0581',b'4.18387',b'1012.2265',b'712.31305',b'-42.541927',b'925.5954',b'716.20557',b'-28.39558',b'1022.3275',b'830.6479',b'154.89835',b'928.6911',b'834.1832',b'152.63934',b'1018.6647',b'832.33356',b'164.43913',b'932.2222',b'835.7',b'161.49884',b'1024.1245',b'869.4209',b'3.6152136',b'928.8097',b'873.80194',b'-0.5341281'
image_016.jpg,b'966.2316',b'341.54358',b'-433.95575',b'973.6465',b'330.65277',b'-416.94995',b'977.65735',b'330.79395',b'-416.9926',b'981.492',b'331.03958',b'-417.0642',b'958.60144',b'331.02454',b'-416.37692',b'954.06323',b'331.48904',b'-416.4454',b'949.8953',b'332.16348',b'-416.5261',b'987.1276',b'337.17487',b'-288.49255',b'944.2224',b'339.04672',b'-285.7626',b'976.333',b'354.87268',b'-383.9136',b'957.5503',b'356.5528',b'-383.41202',b'1024.9586',b'414.681',b'-191.073',b'911.9208',b'416.53656',b'-176.4458',b'1036.7443',b'506.98654',b'-141.52783',b'905.5828',b'510.45624',b'-123.91232',b'1049.1409',b'588.5013',b'-243.47923',b'891.2358',b'598.1262',b'-239.70352',b'1051.0597',b'611.6658',b'-280.3393',b'889.66815',b'620.394',b'-275.34866',b'1042.0842',b'610.2343',b'-318.71902',b'893.7997',b'618.77936',b'-319.67737',b'1039.4136',b'602.6479',b'-260.07535',b'895.501',b'611.28156',b'-259.10315',b'1001.57764',b'573.5604',b'-8.56945',b'940.2434',b'576.0654',b'8.454188',b'1012.5624',b'710.8821',b'-35.796543',b'927.2875',b'714.1882',b'-18.422924',b'1021.92',b'828.9862',b'162.21597',b'929.63934',b'833.78455',b'162.0001',b'1018.5474',b'831.7013',b'171.88599',b'933.1465',b'835.94763',b'170.86647',b'1026.1056',b'867.97955',b'14.428101',b'927.9421',b'874.9913',b'10.3382435'
image_017.jpg,b'969.4812',b'332.50638',b'-384.7857',b'976.4647',b'324.79355',b'-366.3619',b'981.187',b'325.28116',b'-366.40106',b'984.9511',b'325.8895',b'-366.46182',b'962.10114',b'324.67007',b'-365.7941',b'957.9379',b'325.2573',b'-365.849',b'954.5027',b'325.94543',b'-365.93152',b'989.3578',b'333.78772',b'-244.98819',b'948.0885',b'335.61472',b'-241.63899',b'980.0269',b'347.3057',b'-338.91333',b'960.0846',b'347.4094',b'-338.19757',b'1028.4762',b'413.09473',b'-163.211',b'914.8036',b'415.9385',b'-146.50052',b'1038.9198',b'506.4037',b'-121.76684',b'907.5806',b'506.52637',b'-92.60838',b'1051.7056',b'588.4293',b'-228.81367',b'893.4377',b'593.3209',b'-196.13644',b'1055.0801',b'610.38055',b'-265.62067',b'890.5904',b'614.4692',b'-229.20377',b'1046.7344',b'608.4133',b'-303.25125',b'894.7029',b'613.1233',b'-273.00946',b'1043.2189',b'601.22845',b'-245.31107',b'897.16534',b'606.0568',b'-215.39297',b'1006.9066',b'574.8055',b'-4.18554',b'943.7052',b'576.58295',b'4.0333266',b'1013.67865',b'712.9986',b'-36.75759',b'929.0275',b'714.129',b'-15.837988',b'1022.88257',b'819.5579',b'180.64534',b'927.45715',b'821.84283',b'176.29054',b'1019.6563',b'819.9199',b'192.55882',b'936.53143',b'841.8752',b'186.17389',b'1029.3394',b'865.4593',b'34.370663',b'923.7588',b'869.0633',b'23.162169'
image_018.jpg,b'967.3955',b'331.58173',b'-385.20035',b'975.10736',b'323.99493',b'-367.16437',b'980.0886',b'324.59244',b'-367.20377',b'984.1532',b'325.26965',b'-367.26532',b'960.29456',b'323.51065',b'-366.24478',b'956.4281',b'323.91022',b'-366.2987',b'952.7228',b'324.5231',b'-366.37857',b'989.0527',b'333.3997',b'-247.79166',b'946.8096',b'334.58887',b'-242.63812',b'978.6001',b'346.55038',b'-340.0351',b'958.34894',b'346.18875',b'-338.7968',b'1028.4047',b'413.01944',b'-166.09677',b'915.049',b'415.8074',b'-148.62662',b'1038.951',b'505.80713',b'-124.92452',b'906.9783',b'505.67444',b'-93.22923',b'1051.6257',b'587.3266',b'-229.47412',b'892.98566',b'593.3711',b'-194.54906',b'1055.1412',b'609.33295',b'-265.21704',b'890.52313',b'615.19073',b'-227.02087',b'1046.777',b'607.1869',b'-302.94348',b'894.59656',b'613.60785',b'-270.64062',b'1043.3248',b'600.105',b'-245.86235',b'896.99664',b'606.26514',b'-213.81192',b'1006.31335',b'574.59033',b'-3.597387',b'942.9178',b'576.5444',b'3.4316201',b'1013.75244',b'714.6285',b'-39.04151',b'930.2257',b'714.66486',b'-19.512213',b'1023.06964',b'817.5903',b'176.36603',b'925.80237',b'819.1334',b'168.32166',b'1019.8162',b'817.2859',b'187.99457',b'934.902',b'842.63416',b'177.79372',b'1028.6709',b'866.11017',b'30.651724',b'921.3541',b'869.9966',b'15.444961'
image_019.jpg,b'967.4303',b'333.32083',b'-377.52927',b'975.00055',b'325.57162',b'-358.67133',b'979.92303',b'326.05307',b'-358.72568',b'984.14087',b'326.81042',b'-358.79263',b'960.5326',b'325.41464',b'-358.05432',b'956.9453',b'325.91788',b'-358.10095',b'953.1035',b'326.57358',b'-358.19193',b'989.0846',b'335.61115',b'-238.59',b'947.11707',b'336.36877',b'-234.99553',b'978.3346',b'347.93146',b'-332.5084',b'958.67694',b'347.72232',b'-331.7229',b'1027.7817',b'414.60013',b'-159.72159',b'915.4151',b'417.8077',b'-147.16087',b'1042.157',b'507.03378',b'-123.89328',b'905.1643',b'507.30896',b'-106.03172',b'1051.1782',b'588.31976',b'-229.03369',b'896.0724',b'593.9362',b'-211.66441',b'1054.502',b'610.67255',b'-266.76846',b'894.1295',b'617.26025',b'-246.33878',b'1045.957',b'607.466',b'-302.7086',b'900.1442',b'615.03094',b'-287.8158',b'1042.235',b'600.77893',b'-245.12057',b'902.5591',b'608.2236',b'-230.11337',b'1005.463',b'576.8739',b'-6.008307',b'942.8581',b'577.8864',b'5.8833566',b'1015.37256',b'713.59973',b'-26.023956',b'931.9293',b'711.99365',b'-3.8180423',b'1021.02673',b'807.0815',b'184.04494',b'922.85626',b'808.92035',b'184.74364',b'1020.8015',b'827.76556',b'195.42801',b'931.87585',b'840.2978',b'194.69958',b'1033.1451',b'860.42285',b'43.68465',b'915.8972',b'864.4804',b'37.37352'
image_020.jpg,b'968.6113',b'332.95093',b'-367.88593',b'975.20197',b'323.53735',b'-349.14163',b'979.25867',b'323.75998',b'-349.18164',b'982.9865',b'324.3286',b'-349.21564',b'960.6703',b'324.7859',b'-348.3962',b'956.1167',b'325.89148',b'-348.45145',b'951.9373',b'327.15576',b'-348.55383',b'987.83057',b'332.25464',b'-231.2825',b'945.47504',b'336.411',b'-226.98186',b'979.0235',b'346.17233',b'-323.91922',b'960.25635',b'347.78345',b'-322.97736',b'1025.8502',b'413.66544',b'-158.24',b'913.8314',b'416.31726',b'-141.34087',b'1035.1509',b'510.40506',b'-122.24296',b'909.2935',b'509.97803',b'-100.85388',b'1041.2898',b'589.9537',b'-227.12949',b'895.8952',b'595.2525',b'-211.13098',b'1041.9166',b'612.7509',b'-265.54352',b'895.7778',b'617.34503',b'-247.90274',b'1033.5056',b'609.04004',b'-301.21848',b'901.4693',b'615.25165',b'-290.3816',b'1030.9259',b'601.7955',b'-242.90085',b'903.09064',b'607.8999',b'-230.19856',b'1003.61664',b'576.0393',b'-8.187354',b'941.08435',b'576.0425',b'8.050539',b'1012.90204',b'711.20984',b'-28.558064',b'930.6978',b'711.9317',b'-6.8881664',b'1021.85095',b'830.17755',b'184.9832',b'928.4753',b'834.6611',b'185.7985',b'1019.7195',b'832.51526',b'196.11852',b'933.58417',b'836.91974',b'195.7484',b'1021.88666',b'873.8925',b'35.71418',b'921.8024',b'877.35693',b'33.293793'
image_021.jpg,b'970.77075',b'340.35367',b'-400.93942',b'978.5529',b'330.59912',b'-382.8045',b'983.3027',b'330.8313',b'-382.8523',b'986.5303',b'331.07938',b'-382.90924',b'963.60376',b'330.60416',b'-381.4863',b'958.94244',b'330.9358',b'-381.5436',b'955.7547',b'331.33194',b'-381.62308',b'991.75885',b'337.2942',b'-257.66165',b'949.8904',b'338.4591',b'-251.2534',b'981.17865',b'354.117',b'-353.14374',b'961.82465',b'354.84647',b'-351.60727',b'1029.8035',b'416.8708',b'-173.06912',b'915.9449',b'417.043',b'-150.46844',b'1036.517',b'511.70215',b'-131.93593',b'912.63403',b'509.03598',b'-102.07469',b'1046.679',b'593.2214',b'-236.77628',b'896.75757',b'594.80475',b'-218.02257',b'1047.0812',b'616.59515',b'-274.5148',b'895.86926',b'617.84766',b'-253.30061',b'1040.9614',b'615.2044',b'-311.60455',b'900.3339',b'615.9695',b'-297.1631',b'1038.9692',b'606.48047',b'-253.15738',b'901.6049',b'608.1718',b'-237.59663',b'1003.61755',b'574.78125',b'-11.196445',b'942.8915',b'576.33734',b'11.096296',b'1013.3746',b'708.6413',b'-33.526707',b'929.61597',b'711.21155',b'-12.136491',b'1022.59174',b'829.36176',b'160.90508',b'929.5654',b'833.495',b'168.41618',b'1020.50824',b'832.3992',b'170.11433',b'933.4698',b'836.3323',b'177.21841',b'1021.96967',b'867.21295',b'11.572166',b'924.0903',b'872.0417',b'17.756279'
image_022.jpg,b'970.32806',b'336.0733',b'-388.41882',b'978.19836',b'327.51645',b'-370.98984',b'983.1687',b'328.016',b'-371.04208',b'987.06964',b'328.63757',b'-371.11844',b'963.1556',b'327.1735',b'-369.46185',b'959.1926',b'327.40744',b'-369.51425',b'955.16693',b'327.82874',b'-369.60233',b'991.7047',b'335.9337',b'-252.46013',b'948.8475',b'336.15552',b'-244.47427',b'981.0524',b'350.57022',b'-343.15546',b'960.7815',b'350.60126',b'-341.14413',b'1029.328',b'414.9708',b'-171.74368',b'916.27246',b'417.3837',b'-147.61716',b'1037.3043',b'507.59143',b'-133.14442',b'912.2404',b'505.51993',b'-98.49829',b'1047.7831',b'591.28973',b'-233.5726',b'898.4468',b'593.19336',b'-204.79213',b'1049.6667',b'613.1928',b'-270.3219',b'896.73114',b'616.64374',b'-238.3399',b'1042.6364',b'611.4418',b'-306.76965',b'902.2922',b'615.4318',b'-280.5239',b'1040.3319',b'604.7316',b'-249.54388',b'904.58014',b'608.7742',b'-223.48514',b'1006.59644',b'575.0087',b'-10.837909',b'944.4001',b'576.19934',b'10.718032',b'1014.67004',b'711.24835',b'-43.11964',b'929.94366',b'712.7923',b'-8.444095',b'1024.4172',b'808.4365',b'173.83566',b'925.95624',b'807.8112',b'178.23668',b'1022.4999',b'807.15564',b'185.85355',b'931.06244',b'837.8357',b'188.10564',b'1025.9613',b'859.09454',b'34.901154',b'913.9196',b'861.2438',b'31.452803'
image_023.jpg,b'968.1813',b'337.2424',b'-385.10617',b'976.2735',b'327.7964',b'-368.0973',b'981.31464',b'328.1589',b'-368.1399',b'985.8571',b'328.7979',b'-368.19553',b'961.5208',b'327.9891',b'-366.28137',b'957.90076',b'328.4411',b'-366.3327',b'953.6357',b'329.0795',b'-366.40622',b'990.791',b'336.45868',b'-247.64246',b'948.25385',b'337.45596',b'-238.77249',b'979.3537',b'351.4217',b'-338.88168',b'959.59595',b'352.0804',b'-336.5555',b'1029.5856',b'414.55978',b'-160.59961',b'916.08844',b'417.31635',b'-140.6399',b'1036.9902',b'507.52338',b'-116.061584',b'909.5868',b'505.30524',b'-84.38743',b'1047.2764',b'590.0234',b'-226.643',b'894.90027',b'592.42395',b'-194.72095',b'1050.8837',b'611.45996',b'-264.12347',b'893.1457',b'615.8808',b'-228.43048',b'1042.96',b'610.2738',b'-302.1905',b'897.6896',b'614.0183',b'-271.25098',b'1039.6709',b'602.98267',b'-243.32556',b'899.77924',b'606.1321',b'-213.58723',b'1005.666',b'576.147',b'-5.0058165',b'943.63153',b'577.7068',b'4.875712',b'1013.3097',b'711.50055',b'-41.3185',b'929.0502',b'713.9188',b'-17.815779',b'1024.0872',b'820.58875',b'173.35037',b'926.9014',b'818.5763',b'169.05933',b'1023.4672',b'820.196',b'185.08136',b'932.8827',b'839.8036',b'178.76987',b'1026.4603',b'863.7507',b'29.912552',b'920.992',b'867.3483',b'18.333002'
image_024.jpg,b'969.14465',b'337.45016',b'-393.29593',b'976.34534',b'327.75085',b'-374.63712',b'981.1687',b'328.08972',b'-374.67322',b'984.56006',b'328.49692',b'-374.71774',b'962.03784',b'327.82648',b'-374.69778',b'957.4532',b'328.19662',b'-374.76486',b'954.25665',b'328.64',b'-374.85855',b'989.2872',b'335.39703',b'-246.57806',b'947.9837',b'336.2738',b'-246.31723',b'979.57855',b'351.71942',b'-344.3879',b'960.0585',b'352.33493',b'-344.573',b'1027.9514',b'415.2828',b'-152.88136',b'914.04126',b'416.53903',b'-153.97331',b'1035.0784',b'509.32584',b'-107.78022',b'908.8201',b'508.6531',b'-103.27196',b'1044.1985',b'591.80884',b'-223.73828',b'892.91425',b'594.2814',b'-214.95345',b'1045.6406',b'613.7851',b'-261.83554',b'891.958',b'617.3173',b'-250.5162',b'1039.7673',b'611.9698',b'-299.74695',b'895.97144',b'615.13745',b'-294.8386',b'1037.2383',b'604.11816',b'-240.86194',b'897.50385',b'607.4483',b'-234.32591',b'1002.1196',b'574.5198',b'1.2340025',b'940.2911',b'576.2357',b'-1.3582532',b'1012.8437',b'709.637',b'-29.810364',b'927.18884',b'713.6829',b'-25.205463',b'1022.14105',b'830.84607',b'175.61581',b'927.9581',b'835.32',b'163.07234',b'1017.7771',b'834.64764',b'185.98868',b'930.64075',b'837.5523',b'172.43512',b'1023.80273',b'867.1076',b'23.233242',b'929.44214',b'872.5631',b'5.6439075'
image_025.jpg,b'968.42236',b'335.21393',b'-416.582',b'976.3425',b'326.17313',b'-398.59937',b'981.4056',b'326.61285',b'-398.6366',b'984.9035',b'327.05743',b'-398.69833',b'961.256',b'326.06226',b'-397.8072',b'956.7726',b'326.40494',b'-397.8722',b'953.5819',b'326.79126',b'-397.95316',b'990.3925',b'334.43948',b'-273.12244',b'947.6313',b'334.8974',b'-269.1831',b'979.5773',b'349.89285',b'-368.60358',b'959.1372',b'350.3392',b'-367.72562',b'1029.1565',b'415.67215',b'-182.44801',b'914.7064',b'416.4783',b'-170.37386',b'1037.31',b'509.95413',b'-138.45258',b'910.584',b'507.66748',b'-118.3345',b'1047.7645',b'593.65393',b'-242.70038',b'894.49554',b'594.0766',b'-227.29254',b'1049.2452',b'615.23096',b'-279.46094',b'893.1882',b'617.4194',b'-261.67276',b'1042.6978',b'612.9919',b'-316.9784',b'896.72864',b'615.4824',b'-305.76974',b'1040.1837',b'605.73083',b'-259.09924',b'898.2328',b'607.42883',b'-246.69351',b'1003.3569',b'573.97107',b'-4.0548196',b'941.7131',b'576.35425',b'3.927103',b'1013.2026',b'709.6854',b'-32.706596',b'928.4603',b'712.5109',b'-17.958704',b'1022.6197',b'827.25714',b'169.94287',b'928.74133',b'830.41205',b'169.42961',b'1019.0952',b'829.21985',b'180.13402',b'932.352',b'832.0218',b'178.78911',b'1026.7076',b'865.32837',b'21.91209',b'927.57336',b'870.03503',b'17.449007'
image_026.jpg,b'969.79395',b'337.25153',b'-393.71808',b'977.4403',b'327.9384',b'-376.86386',b'982.319',b'328.39026',b'-376.9131',b'985.93506',b'328.91248',b'-376.97784',b'962.7543',b'327.6013',b'-374.9453',b'958.5172',b'327.88763',b'-374.99646',b'955.08673',b'328.31293',b'-375.08734',b'990.90454',b'335.75336',b'-258.03394',b'948.9777',b'335.95575',b'-248.52307',b'980.5134',b'351.89755',b'-348.0962',b'961.09015',b'351.87347',b'-345.6484',b'1029.6237',b'414.45413',b'-177.5091',b'915.39886',b'415.23434',b'-147.05125',b'1037.0321',b'508.20374',b'-138.27374',b'910.72394',b'506.19156',b'-93.873825',b'1047.3239',b'591.09845',b'-241.93877',b'896.56415',b'593.4319',b'-200.44801',b'1049.7057',b'614.0721',b'-278.68146',b'894.113',b'616.7934',b'-234.1794',b'1041.8658',b'611.7705',b'-316.5295',b'899.0885',b'615.81866',b'-276.57697',b'1039.0869',b'604.2395',b'-258.2588',b'900.989',b'607.6484',b'-219.18329',b'1004.96783',b'574.4088',b'-12.079729',b'943.86536',b'576.55035',b'11.941015',b'1012.7728',b'710.0385',b'-36.13997',b'928.89825',b'712.5462',b'-4.8886933',b'1021.67334',b'820.33215',b'167.74893',b'926.2029',b'823.09686',b'175.17126',b'1020.2256',b'820.64703',b'178.43184',b'936.7115',b'841.1339',b'184.38478',b'1023.1821',b'864.2493',b'24.854376',b'922.4794',b'867.67755',b'28.922113'
image_027.jpg,b'969.5789',b'337.0161',b'-386.62137',b'977.00464',b'327.00595',b'-369.56866',b'981.9057',b'327.37354',b'-369.61905',b'985.31445',b'327.8906',b'-369.67917',b'962.067',b'327.08966',b'-368.12195',b'957.5997',b'327.5181',b'-368.17432',b'954.1643',b'328.0458',b'-368.2621',b'990.4418',b'335.12717',b'-249.34044',b'947.8484',b'336.4235',b'-241.63242',b'980.63403',b'350.86627',b'-340.3855',b'960.37665',b'351.85623',b'-338.45667',b'1030.0155',b'413.29047',b'-166.94794',b'915.26807',b'415.4419',b'-140.51514',b'1038.0471',b'506.11655',b'-125.95634',b'910.31726',b'505.82153',b'-85.31701',b'1049.5194',b'589.8496',b'-233.5016',b'895.6957',b'594.05194',b'-193.88881',b'1052.0975',b'612.109',b'-270.04434',b'892.8705',b'616.874',b'-226.93686',b'1044.9757',b'610.29456',b'-307.81848',b'896.6741',b'615.4161',b'-271.28058',b'1042.3477',b'603.4253',b'-249.90915',b'898.6678',b'607.76587',b'-213.48175',b'1004.02496',b'575.02344',b'-10.7189665',b'943.38165',b'576.271',b'10.588598',b'1012.45557',b'710.49664',b'-38.77308',b'929.0776',b'713.2964',b'-9.516208',b'1021.5398',b'818.7887',b'160.77458',b'925.29266',b'821.0503',b'166.3458',b'1020.1252',b'818.7168',b'170.72513',b'935.7235',b'843.5178',b'174.78505',b'1023.5757',b'865.89355',b'13.955966',b'921.26355',b'869.2624',b'15.847467'
image_028.jpg,b'968.6562',b'339.76608',b'-423.59262',b'976.6928',b'329.60342',b'-406.63147',b'981.3674',b'329.8538',b'-406.6751',b'984.93164',b'330.0281',b'-406.74506',b'961.3259',b'329.64993',b'-405.13046',b'956.62866',b'329.98767',b'-405.1941',b'953.29254',b'330.3831',b'-405.28278',b'990.74396',b'336.02002',b'-283.36124',b'947.27844',b'337.2804',b'-275.88364',b'979.28046',b'353.56738',b'-375.95004',b'960.04175',b'354.3454',b'-374.0898',b'1029.1913',b'414.57727',b'-192.54443',b'914.53827',b'415.9306',b'-170.20627',b'1036.5769',b'508.96072',b'-147.86145',b'908.9693',b'509.09558',b'-116.91411',b'1046.2598',b'591.47504',b'-248.69582',b'896.2201',b'595.6427',b'-227.04704',b'1049.7478',b'613.89557',b'-284.79935',b'893.8367',b'619.44385',b'-261.8313',b'1042.1417',b'611.91815',b'-322.73563',b'898.2565',b'617.7759',b'-304.69238',b'1038.7336',b'604.3167',b'-265.00977',b'899.9311',b'609.0113',b'-245.83685',b'1003.8526',b'574.17194',b'-11.262573',b'940.9791',b'576.1207',b'11.117106',b'1012.89575',b'709.93445',b'-39.754215',b'928.38934',b'714.0226',b'-11.244388',b'1023.74896',b'824.42883',b'161.46225',b'926.21094',b'828.4809',b'167.31787',b'1022.2616',b'825.18036',b'171.58989',b'931.0746',b'828.96185',b'176.26094',b'1025.493',b'866.9042',b'16.192776',b'923.59204',b'871.0784',b'18.699286'
image_029.jpg,b'969.05365',b'337.1335',b'-423.46295',b'976.82776',b'327.42868',b'-405.66766',b'981.783',b'327.80066',b'-405.71112',b'985.1821',b'328.21933',b'-405.7808',b'961.73',b'327.29874',b'-404.41504',b'957.11304',b'327.62134',b'-404.47958',b'953.7917',b'327.98544',b'-404.5658',b'990.5854',b'335.23135',b'-279.7396',b'947.52264',b'335.4382',b'-273.68494',b'979.9412',b'351.59064',b'-375.14328',b'959.8313',b'352.31757',b'-373.6637',b'1029.5171',b'415.11783',b'-189.87056',b'914.63995',b'415.64615',b'-169.43333',b'1036.6377',b'510.36115',b'-148.176',b'909.6677',b'509.50897',b'-118.73979',b'1046.4138',b'591.8777',b'-254.05939',b'894.50366',b'597.24194',b'-229.75041',b'1049.9863',b'614.30066',b'-291.64355',b'894.15656',b'620.90796',b'-264.6575',b'1044.1086',b'612.6745',b'-330.10202',b'897.84564',b'618.8634',b'-307.95407',b'1040.7551',b'604.9105',b'-270.89728',b'898.9257',b'610.6076',b'-248.86162',b'1004.4558',b'573.71094',b'-8.45027',b'942.3748',b'576.6773',b'8.327116',b'1012.9452',b'711.604',b'-36.60642',b'928.4331',b'714.465',b'-15.795076',b'1021.6073',b'829.09393',b'166.70064',b'929.6857',b'832.5249',b'167.59956',b'1018.62146',b'830.99817',b'176.87334',b'933.7788',b'834.4154',b'176.61154',b'1023.5925',b'870.9217',b'17.512806',b'927.46106',b'876.0376',b'14.336728'
image_030.jpg,b'971.35126',b'337.92072',b'-431.3584',b'978.4671',b'327.9513',b'-413.7351',b'982.8741',b'328.22412',b'-413.77393',b'986.1773',b'328.57364',b'-413.84808',b'963.6675',b'328.11087',b'-413.00995',b'958.9715',b'328.54312',b'-413.0782',b'955.29987',b'329.15628',b'-413.16943',b'990.7813',b'335.36295',b'-286.9193',b'948.90796',b'336.8063',b'-282.93442',b'981.66425',b'351.4839',b'-382.48203',b'962.04504',b'352.7969',b'-381.61163',b'1030.1711',b'414.49826',b'-193.38475',b'915.61884',b'415.68265',b'-179.42499',b'1037.2925',b'508.97876',b'-147.94061',b'910.3547',b'508.99173',b'-127.904465',b'1047.0034',b'591.36646',b'-249.49416',b'896.27734',b'596.8257',b'-235.3803',b'1049.47',b'614.35706',b'-286.18268',b'895.44666',b'620.1797',b'-270.44562',b'1042.6082',b'612.4652',b'-324.69357',b'898.7165',b'617.9523',b'-314.72443',b'1039.4685',b'604.5215',b'-266.18924',b'900.2623',b'610.1324',b'-254.88818',b'1005.8364',b'574.3468',b'-5.671386',b'943.2506',b'577.1066',b'5.547268',b'1014.01886',b'711.82764',b'-35.115936',b'927.7039',b'714.8509',b'-15.09',b'1021.9352',b'829.17346',b'170.21153',b'928.7269',b'833.60065',b'169.43033',b'1017.5321',b'831.3348',b'180.47417',b'933.33563',b'834.7574',b'178.3453',b'1026.3032',b'872.14777',b'20.293556',b'926.22205',b'876.022',b'15.20742'
image_031.jpg,b'971.8928',b'339.72653',b'-436.34586',b'978.6018',b'329.1467',b'-418.47635',b'982.86487',b'329.30878',b'-418.52045',b'985.8087',b'329.3855',b'-418.59335',b'963.9776',b'329.55673',b'-417.64923',b'959.29553',b'330.00674',b'-417.71606',b'955.46014',b'330.5965',b'-417.80032',b'990.5856',b'335.088',b'-288.99652',b'949.27246',b'337.21115',b'-284.6673',b'981.554',b'353.61566',b'-386.29562',b'962.9035',b'355.32147',b'-385.35144',b'1029.3982',b'415.31146',b'-195.4612',b'914.79626',b'416.19144',b'-176.22806',b'1037.0845',b'510.66476',b'-151.6965',b'910.0973',b'510.7193',b'-126.45888',b'1048.4241',b'592.4968',b'-260.11255',b'895.10767',b'596.93097',b'-243.9228',b'1049.841',b'614.6555',b'-298.4661',b'894.0887',b'620.34717',b'-280.30774',b'1042.9619',b'611.5549',b'-337.4407',b'897.8188',b'618.25836',b'-324.43756',b'1040.4691',b'603.9642',b'-277.1845',b'899.13354',b'610.28625',b'-263.44016',b'1004.003',b'573.81976',b'-10.495588',b'942.4809',b'576.35974',b'10.373227',b'1012.45557',b'709.1702',b'-40.542404',b'927.5239',b'715.70746',b'-13.377849',b'1021.9651',b'832.1798',b'161.7119',b'930.0183',b'837.09204',b'170.31181',b'1018.9929',b'836.93024',b'171.65257',b'936.0422',b'840.8827',b'179.32912',b'1023.2658',b'871.8255',b'11.147511',b'924.91595',b'876.85547',b'17.62478'
image_032.jpg,b'967.2147',b'334.77618',b'-425.8485',b'975.29584',b'326.46686',b'-407.60022',b'980.32996',b'327.34866',b'-407.65073',b'984.27875',b'328.23083',b'-407.76727',b'960.2005',b'326.24536',b'-406.44528',b'956.13055',b'327.0167',b'-406.49927',b'952.274',b'327.97653',b'-406.58032',b'989.8288',b'336.11276',b'-286.10208',b'946.1419',b'338.3641',b'-279.30612',b'979.3762',b'348.10876',b'-379.81683',b'958.14795',b'348.87503',b'-378.03394',b'1026.7865',b'414.5565',b'-199.92407',b'915.99054',b'416.08536',b'-184.13715',b'1049.8795',b'503.36795',b'-172.11543',b'900.49725',b'504.1287',b'-149.22903',b'1064.899',b'584.50085',b'-278.27316',b'890.3669',b'593.37317',b'-257.01376',b'1067.2223',b'606.6283',b'-316.19992',b'886.67487',b'614.47723',b'-290.85806',b'1058.768',b'603.38196',b'-350.8676',b'893.38153',b'611.92114',b'-332.7308',b'1056.4625',b'597.24005',b'-294.03934',b'897.1712',b'606.3471',b'-275.34952',b'1001.9213',b'572.0502',b'-10.90319',b'942.5667',b'573.47375',b'10.653061',b'1013.35016',b'711.6293',b'-46.232147',b'927.1886',b'713.3262',b'-10.755769',b'1028.4203',b'812.1844',b'174.83208',b'922.831',b'790.1465',b'224.10532',b'1026.061',b'823.8888',b'188.34447',b'933.4974',b'821.4114',b'240.66821',b'1034.9702',b'856.79047',b'44.73157',b'914.13904',b'844.074',b'104.24441'
image_033.jpg,b'973.0023',b'338.92728',b'-477.42462',b'978.74255',b'328.10693',b'-457.9569',b'982.8114',b'328.2491',b'-458.00674',b'986.15894',b'328.5694',b'-458.13162',b'964.70166',b'329.03772',b'-461.21664',b'959.95184',b'330.0816',b'-461.30008',b'955.8936',b'331.37363',b'-461.38718',b'991.0963',b'335.1195',b'-321.1418',b'948.75055',b'339.63043',b'-334.171',b'982.29596',b'352.22192',b'-424.59906',b'964.50385',b'353.8573',b'-428.448',b'1027.2552',b'414.33813',b'-201.3534',b'916.921',b'417.84915',b'-240.71855',b'1055.8604',b'505.37738',b'-159.98306',b'897.35974',b'505.39044',b'-199.24968',b'1075.1257',b'586.4876',b'-277.594',b'879.39703',b'589.978',b'-300.52142',b'1078.8025',b'605.51776',b'-313.9851',b'874.3677',b'611.55304',b'-334.10638',b'1072.8623',b'604.39154',b'-351.5804',b'879.7203',b'609.8134',b'-380.29282',b'1069.9413',b'598.69324',b'-295.17722',b'883.39984',b'603.17615',b'-320.00015',b'1005.0187',b'567.2155',b'12.350965',b'945.3712',b'570.04816',b'-12.603261',b'1013.77936',b'705.8419',b'-38.43487',b'929.5212',b'710.24963',b'-40.44599',b'1025.925',b'799.79535',b'222.35965',b'913.5187',b'791.53644',b'227.15988',b'1022.2454',b'810.78674',b'240.02226',b'916.1101',b'803.1927',b'247.34848',b'1036.701',b'842.3097',b'101.5239',b'903.2845',b'827.24615',b'109.20606'
image_034.jpg,b'968.9376',b'338.00784',b'-450.45062',b'975.27167',b'328.38898',b'-431.14807',b'979.4236',b'328.9993',b'-431.20984',b'983.24866',b'329.74774',b'-431.33502',b'960.2137',b'328.82104',b'-432.3679',b'955.433',b'330.00378',b'-432.4299',b'951.7344',b'331.342',b'-432.51303',b'989.48376',b'337.81647',b'-300.53955',b'945.2129',b'340.46445',b'-304.5975',b'979.1574',b'351.60074',b'-400.68314',b'958.9833',b'352.7878',b'-401.91125',b'1024.7051',b'413.75623',b'-197.61201',b'914.4618',b'417.16354',b'-208.27887',b'1054.8359',b'499.06445',b'-171.26422',b'894.6964',b'503.49023',b'-171.93517',b'1074.5479',b'577.0421',b'-298.9957',b'876.8036',b'586.97156',b'-282.7875',b'1077.9017',b'600.45575',b'-339.7123',b'872.46277',b'608.6359',b'-317.1535',b'1070.5966',b'598.573',b'-375.5468',b'878.9469',b'606.97925',b'-362.0988',b'1067.2139',b'592.824',b'-315.92557',b'882.3796',b'601.08984',b'-302.14365',b'1004.4413',b'568.1914',b'1.1943048',b'944.4076',b'570.1424',b'-1.4192659',b'1013.11926',b'703.04486',b'-42.490253',b'927.2545',b'707.625',b'-27.906687',b'1024.0283',b'792.7583',b'210.77788',b'923.1777',b'786.02734',b'237.66246',b'1021.1699',b'803.6508',b'227.77818',b'926.7443',b'798.0338',b'257.6548',b'1032.9606',b'833.6615',b'91.44907',b'912.6267',b'818.88385',b'125.52312'
image_035.jpg,b'968.4754',b'333.13318',b'-352.1615',b'975.534',b'325.55804',b'-334.6289',b'980.32104',b'326.29773',b'-334.6715',b'984.30945',b'327.2526',b'-334.72745',b'961.52856',b'325.16693',b'-333.64606',b'957.5534',b'325.86154',b'-333.69427',b'953.9013',b'326.766',b'-333.78998',b'989.065',b'336.1657',b'-223.50421',b'947.7433',b'337.42746',b'-216.92953',b'979.36755',b'347.54813',b'-310.4897',b'959.37054',b'347.56046',b'-308.90833',b'1028.7155',b'414.03488',b'-153.72226',b'915.5501',b'417.22726',b'-131.64351',b'1039.1261',b'505.91052',b'-119.15139',b'909.7682',b'506.13934',b'-84.94944',b'1053.2972',b'587.3568',b'-218.06825',b'897.2877',b'593.80347',b'-180.36746',b'1055.9346',b'610.3307',b'-252.84244',b'894.2723',b'615.0945',b'-212.081',b'1049.3496',b'609.43195',b'-288.9249',b'898.3324',b'613.7097',b'-255.50183',b'1046.1309',b'603.0781',b'-233.91426',b'901.0539',b'606.68915',b'-199.65906',b'1004.13666',b'573.8721',b'-11.012217',b'943.92834',b'574.47437',b'10.845791',b'1012.08344',b'710.35706',b'-37.600174',b'928.3824',b'716.187',b'-5.7928643',b'1022.8133',b'810.1841',b'171.85965',b'925.43567',b'815.1824',b'179.57187',b'1023.00793',b'809.48517',b'182.90001',b'933.03314',b'839.06915',b'189.10709',b'1023.05054',b'862.42334',b'24.860825',b'918.3735',b'865.6902',b'30.714054'
image_036.jpg,b'966.5171',b'330.30606',b'-376.70053',b'974.04626',b'323.41534',b'-358.92755',b'979.18463',b'324.1515',b'-358.97815',b'983.58856',b'325.08868',b'-359.054',b'959.95447',b'323.28058',b'-357.30652',b'956.25684',b'323.91318',b'-357.3531',b'952.22186',b'324.7795',b'-357.45865',b'989.18097',b'334.4086',b'-246.06479',b'945.8292',b'335.13446',b'-237.71674',b'977.71924',b'344.72034',b'-334.54156',b'958.1015',b'344.41855',b'-332.3454',b'1028.4766',b'412.5928',b'-174.36613',b'915.1177',b'416.3068',b'-150.24991',b'1039.2643',b'505.69614',b'-143.91556',b'907.54144',b'502.68115',b'-114.7406',b'1053.3574',b'589.3453',b'-240.32321',b'890.9697',b'591.6688',b'-215.84134',b'1055.5598',b'610.78394',b'-276.57767',b'887.66205',b'614.6551',b'-248.34804',b'1047.2994',b'608.8757',b'-309.85947',b'894.8835',b'613.61835',b'-289.92334',b'1044.6788',b'603.43665',b'-255.25941',b'897.57916',b'607.35504',b'-234.28821',b'1004.7422',b'569.97876',b'-13.668094',b'943.31647',b'572.2718',b'13.448056',b'1014.1017',b'707.70435',b'-43.690388',b'928.889',b'711.5604',b'-15.66161',b'1028.2845',b'806.8993',b'165.34549',b'921.4595',b'789.9499',b'196.55432',b'1026.627',b'817.8918',b'177.3509',b'937.1309',b'820.1906',b'210.41534',b'1031.8737',b'852.7729',b'33.00815',b'918.79736',b'843.7264',b'71.48731'
image_037.jpg,b'963.1677',b'334.7156',b'-372.59586',b'971.5709',b'327.0764',b'-354.87488',b'976.8355',b'327.96188',b'-354.9186',b'981.1534',b'328.97507',b'-354.9839',b'957.0485',b'326.51514',b'-354.06525',b'953.434',b'326.95203',b'-354.11963',b'949.6176',b'327.62473',b'-354.2394',b'987.2003',b'337.1786',b'-237.93973',b'945.09235',b'337.9461',b'-233.48318',b'975.27136',b'348.09625',b'-328.4069',b'955.2253',b'348.7577',b'-327.321',b'1027.4565',b'411.91467',b'-156.02048',b'914.2795',b'416.56238',b'-147.22499',b'1036.4889',b'505.6922',b'-124.44951',b'909.2076',b'503.4626',b'-104.81688',b'1048.1892',b'590.06104',b'-236.63261',b'894.2354',b'593.2885',b'-203.51819',b'1050.4584',b'610.8225',b'-273.77197',b'891.0901',b'617.08923',b'-235.42464',b'1042.5637',b'608.5684',b'-307.9946',b'895.78076',b'615.2111',b'-278.78088',b'1039.6046',b'603.3537',b'-252.30515',b'898.8771',b'608.95215',b'-222.45644',b'1003.85156',b'569.7771',b'-3.8643515',b'941.8046',b'570.5338',b'3.6356754',b'1014.8751',b'709.2468',b'-41.09897',b'929.17004',b'710.1662',b'-34.155434',b'1029.7023',b'810.159',b'155.34935',b'920.80383',b'797.22955',b'168.77888',b'1027.7156',b'821.787',b'165.8188',b'935.44635',b'826.14374',b'181.16736',b'1034.6812',b'854.37555',b'16.404392',b'920.83374',b'849.42847',b'35.09665'
image_038.jpg,b'964.6923',b'333.48032',b'-356.03235',b'972.35126',b'325.50806',b'-338.32837',b'977.5177',b'326.0264',b'-338.38763',b'981.92737',b'326.8384',b'-338.4528',b'958.15326',b'325.72174',b'-336.3178',b'954.60864',b'326.40182',b'-336.3595',b'950.73303',b'327.34207',b'-336.46423',b'987.637',b'335.55246',b'-223.52802',b'945.38873',b'337.45334',b'-213.065',b'976.4533',b'347.7546',b'-312.8497',b'956.48236',b'348.01205',b'-310.10468',b'1027.9807',b'412.67523',b'-151.81927',b'915.2158',b'417.33365',b'-122.62802',b'1036.9591',b'504.55606',b'-120.23492',b'908.19775',b'505.5407',b'-77.600685',b'1050.4839',b'587.51483',b'-227.92776',b'893.2249',b'592.4834',b'-183.02266',b'1052.6425',b'609.482',b'-265.48636',b'889.0515',b'615.8664',b'-216.11078',b'1044.6516',b'608.2635',b'-301.16068',b'894.36743',b'615.277',b'-259.55325',b'1041.6495',b'603.1285',b'-243.88249',b'897.4702',b'608.8727',b'-202.51959',b'1004.22766',b'573.77466',b'-11.029503',b'943.26324',b'574.5018',b'10.845029',b'1013.3518',b'710.55084',b'-43.614132',b'927.9994',b'715.00964',b'-9.090094',b'1023.1302',b'802.6634',b'161.5436',b'922.9163',b'806.6939',b'175.06804',b'1025.069',b'825.41284',b'172.38374',b'933.6783',b'835.1663',b'184.9601',b'1027.1494',b'860.6784',b'16.853054',b'919.7927',b'859.537',b'29.627895'
image_039.jpg,b'966.11835',b'333.6465',b'-378.37308',b'973.5864',b'325.6964',b'-361.18454',b'978.6017',b'326.24915',b'-361.23187',b'982.481',b'326.96893',b'-361.30783',b'958.9865',b'325.8458',b'-360.57004',b'954.999',b'326.59137',b'-360.62262',b'951.41766',b'327.52115',b'-360.73065',b'988.2169',b'335.37454',b'-247.31108',b'945.8021',b'337.7458',b'-243.37729',b'978.00934',b'347.58786',b'-335.26547',b'957.4034',b'348.2364',b'-334.36865',b'1028.3732',b'412.94608',b'-169.86723',b'915.55804',b'418.4747',b'-155.52968',b'1038.1078',b'505.69757',b'-133.48311',b'908.29565',b'506.19193',b'-112.79201',b'1051.726',b'590.3861',b'-230.50363',b'894.1317',b'595.67255',b'-207.44006',b'1053.5217',b'611.43744',b'-265.17102',b'891.06024',b'618.3239',b'-238.855',b'1045.297',b'609.38086',b'-299.99673',b'896.4088',b'616.7739',b'-281.4152',b'1042.733',b'604.0437',b'-245.98697',b'899.5776',b'611.1548',b'-226.2125',b'1004.02826',b'571.6065',b'-7.4687996',b'942.5087',b'573.3078',b'7.2588873',b'1014.1006',b'710.3197',b'-43.96716',b'927.3604',b'714.65607',b'-21.56909',b'1021.855',b'794.836',b'162.54346',b'921.68414',b'797.8662',b'177.45251',b'1024.3452',b'822.8678',b'173.78056',b'933.8789',b'826.68896',b'189.34381',b'1030.6161',b'856.80774',b'23.353725',b'918.6036',b'851.384',b'41.576572'
image_040.jpg,b'966.3381',b'338.25162',b'-389.6564',b'973.3293',b'329.3343',b'-371.81403',b'977.9956',b'329.81442',b'-371.85706',b'981.55975',b'330.36688',b'-371.92838',b'958.9636',b'329.3091',b'-372.32303',b'954.7097',b'329.83807',b'-372.3762',b'951.43567',b'330.467',b'-372.48264',b'987.7366',b'336.922',b'-248.34563',b'946.2074',b'339.6482',b'-249.9684',b'978.10364',b'351.71027',b'-342.2292',b'957.94556',b'352.75943',b'-342.89975',b'1028.8173',b'413.29468',b'-154.35562',b'915.8378',b'418.60925',b'-159.92902',b'1038.1443',b'506.41483',b'-112.15494',b'909.6302',b'504.89197',b'-115.33876',b'1051.6307',b'590.4613',b'-219.57417',b'896.43427',b'594.40717',b'-215.24203',b'1053.0198',b'612.1607',b'-254.34523',b'892.88275',b'618.6431',b'-247.67175',b'1044.9692',b'609.7967',b'-290.18304',b'898.12445',b'616.54517',b'-291.29535',b'1042.2678',b'604.2452',b'-235.74059',b'901.3475',b'610.0897',b'-234.23595',b'1005.41174',b'572.3507',b'-1.1236925',b'943.49445',b'573.8819',b'0.90291846',b'1015.59094',b'710.675',b'-34.6006',b'928.97473',b'713.9083',b'-37.544407',b'1029.9783',b'812.93024',b'164.73987',b'922.42334',b'797.02344',b'170.59183',b'1027.8693',b'824.6521',b'175.22086',b'936.35156',b'828.24084',b'183.415',b'1034.633',b'857.4107',b'24.436712',b'921.48645',b'852.8445',b'36.807777'
image_041.jpg,b'965.651',b'332.79404',b'-397.7913',b'973.0544',b'324.96008',b'-379.82745',b'978.33',b'325.41733',b'-379.8942',b'983.11',b'326.1169',b'-380.01',b'959.24615',b'325.0714',b'-378.28943',b'955.4225',b'325.5469',b'-378.342',b'951.3403',b'326.26154',b'-378.4376',b'988.8331',b'334.54193',b'-260.6948',b'945.5103',b'336.02246',b'-252.16425',b'977.1911',b'346.64844',b'-352.5142',b'957.98834',b'347.25638',b'-350.26007',b'1028.9695',b'410.83017',b'-180.143',b'916.0824',b'417.07773',b'-158.80174',b'1038.7194',b'502.73383',b'-150.40024',b'911.7136',b'508.16788',b'-120.00678',b'1051.9498',b'588.1434',b'-252.6345',b'897.7625',b'595.3145',b'-227.16003',b'1055.4745',b'609.5915',b'-290.60394',b'895.12177',b'618.0807',b'-260.2467',b'1047.8345',b'607.1879',b'-324.02634',b'900.0476',b'616.55566',b'-303.76334',b'1044.8146',b'601.93713',b'-268.06143',b'902.5151',b'609.9404',b'-246.55157',b'1004.4001',b'569.18994',b'-13.712679',b'944.15765',b'571.0192',b'13.50929',b'1015.16534',b'711.52704',b'-55.03419',b'928.7324',b'712.1466',b'-20.145758',b'1022.7767',b'792.9133',b'157.88289',b'923.567',b'793.0887',b'202.05788',b'1026.9619',b'822.097',b'170.34468',b'937.194',b'820.9619',b'216.96208',b'1033.2787',b'855.36096',b'25.11698',b'918.108',b'843.7749',b'76.811874'
image_042.jpg,b'964.51654',b'333.41174',b'-395.70288',b'972.5524',b'325.76144',b'-377.75204',b'977.93414',b'326.2664',b'-377.8063',b'982.6075',b'327.08798',b'-377.89276',b'958.195',b'326.06073',b'-376.9784',b'954.48846',b'326.66898',b'-377.0328',b'950.3735',b'327.5344',b'-377.13416',b'988.2296',b'335.77127',b'-259.45587',b'944.6993',b'337.25833',b'-255.0563',b'975.96533',b'347.53653',b'-350.94632',b'956.5564',b'347.88544',b'-349.88138',b'1027.9207',b'411.97845',b'-176.21007',b'914.9961',b'416.85437',b'-164.63416',b'1038.8907',b'504.8497',b'-142.87082',b'908.8395',b'505.69443',b'-125.33285',b'1052.7235',b'588.253',b'-247.05002',b'896.1693',b'594.9261',b'-228.00797',b'1055.8962',b'609.02045',b'-284.56375',b'892.3964',b'618.73553',b'-261.53336',b'1047.3927',b'607.4724',b'-319.05887',b'898.11273',b'617.29724',b'-304.2169',b'1044.4792',b'602.5358',b'-262.84216',b'901.449',b'610.6521',b'-246.91278',b'1005.8462',b'569.84',b'-7.814821',b'944.0784',b'570.8246',b'7.6335883',b'1013.5644',b'708.3155',b'-38.736378',b'928.68353',b'710.6345',b'-11.7269125',b'1020.7329',b'792.8872',b'169.08801',b'922.2952',b'795.2671',b'187.3374',b'1023.39343',b'821.2013',b'180.31335',b'932.99744',b'824.53',b'199.09166',b'1028.3173',b'853.132',b'28.962282',b'918.806',b'847.92786',b'49.11872'
image_043.jpg,b'968.11066',b'338.92496',b'-406.14966',b'974.9346',b'328.40106',b'-387.06873',b'979.3192',b'328.64655',b'-387.14014',b'982.55676',b'329.0889',b'-387.2531',b'960.6007',b'329.28244',b'-388.327',b'956.2152',b'330.20758',b'-388.3844',b'953.12744',b'331.13766',b'-388.4789',b'987.9483',b'336.05713',b'-259.99814',b'946.94257',b'339.47556',b'-264.26047',b'979.63873',b'350.91464',b'-357.387',b'959.651',b'352.1816',b'-358.84647',b'1027.2491',b'412.16336',b'-168.85701',b'915.89496',b'417.68097',b'-168.63527',b'1038.4749',b'507.13272',b'-133.07707',b'909.71295',b'510.03082',b'-127.24676',b'1051.6248',b'588.7227',b'-239.87244',b'894.32465',b'595.0533',b'-236.87387',b'1054.6096',b'609.83594',b'-276.9404',b'890.83484',b'617.0677',b'-269.8586',b'1047.3439',b'608.58295',b'-312.50998',b'895.0694',b'616.4324',b'-316.9041',b'1044.3518',b'602.2376',b'-256.32318',b'898.2045',b'609.3552',b'-257.56497',b'1003.7524',b'568.74225',b'-9.251431',b'944.4915',b'572.1552',b'9.095462',b'1012.69385',b'707.88556',b'-51.682003',b'929.9322',b'707.649',b'-21.665438',b'1031.5634',b'805.8476',b'158.5987',b'927.3563',b'803.5797',b'202.77818',b'1030.8656',b'817.5028',b'170.37238',b'932.34937',b'817.21533',b'217.65295',b'1035.8894',b'848.3102',b'24.207758',b'915.4519',b'839.01245',b'77.015594'
image_044.jpg,b'966.92413',b'336.30362',b'-420.01807',b'973.3629',b'326.23035',b'-400.67816',b'977.66',b'326.5992',b'-400.73224',b'981.08',b'327.10556',b'-400.8456',b'959.3831',b'327.70398',b'-403.0972',b'955.0301',b'329.02658',b'-403.16876',b'951.7402',b'330.38196',b'-403.2662',b'986.95325',b'335.08548',b'-273.95456',b'945.4257',b'339.68164',b'-283.2434',b'978.5398',b'348.83252',b'-371.51874',b'958.46686',b'350.64508',b'-374.39108',b'1026.6798',b'411.7723',b'-175.14842',b'915.454',b'417.3702',b'-198.85208',b'1038.2292',b'505.97134',b'-141.42754',b'908.24994',b'510.03354',b'-159.49168',b'1051.024',b'588.87146',b'-248.51935',b'894.041',b'594.7221',b'-258.2718',b'1054.409',b'609.4223',b'-285.17517',b'890.1649',b'616.6866',b'-291.59497',b'1046.8829',b'608.4926',b'-318.83533',b'893.97424',b'615.3091',b'-336.89517',b'1043.5836',b'602.25903',b'-264.37326',b'896.9537',b'608.14343',b'-277.8941',b'1002.3243',b'566.2892',b'1.9221501',b'943.89734',b'569.86456',b'-2.1194704',b'1011.9762',b'705.8407',b'-43.51161',b'929.17444',b'708.0898',b'-27.508121',b'1026.7744',b'798.5466',b'184.76372',b'925.09094',b'796.05743',b'217.31104',b'1024.7571',b'809.49146',b'198.643',b'928.79846',b'808.74457',b'234.43886',b'1031.385',b'842.70807',b'54.3974',b'916.3135',b'832.13055',b'94.09489'
image_045.jpg,b'965.26117',b'334.32672',b'-396.68887',b'972.9785',b'326.8687',b'-378.84088',b'977.7339',b'327.66177',b'-378.8874',b'981.5191',b'328.39236',b'-378.96878',b'958.36035',b'326.0968',b'-378.94574',b'954.0659',b'326.49557',b'-379.00284',b'950.6952',b'327.09732',b'-379.10562',b'987.44543',b'336.0989',b'-260.6913',b'945.04083',b'336.82898',b'-260.44043',b'976.9553',b'348.51447',b'-351.79227',b'956.27484',b'348.3092',b'-351.94073',b'1025.9559',b'413.09766',b'-176.30411',b'914.8803',b'417.40472',b'-170.54881',b'1036.7821',b'507.46667',b'-138.02011',b'907.7365',b'508.08517',b'-128.36984',b'1050.5264',b'589.19965',b'-236.52415',b'893.5951',b'595.1183',b'-226.14644',b'1055.0754',b'609.9074',b'-271.46954',b'890.8071',b'617.25415',b'-258.6785',b'1047.2699',b'608.47577',b'-306.61676',b'896.51843',b'616.2308',b'-301.24478',b'1043.9592',b'603.18195',b'-252.31126',b'899.3025',b'609.8124',b'-244.84566',b'1003.5604',b'569.7922',b'-6.5413985',b'942.8206',b'571.93994',b'6.333821',b'1012.8445',b'707.407',b'-42.165024',b'927.8149',b'709.51166',b'-17.735315',b'1026.4423',b'807.3384',b'173.7177',b'920.3233',b'792.0052',b'187.43324',b'1024.4017',b'818.60614',b'185.82304',b'933.1365',b'823.0996',b'199.87347',b'1029.974',b'852.3089',b'36.911934',b'918.1623',b'847.9206',b'51.772453'
image_046.jpg,b'968.5262',b'335.7527',b'-420.78592',b'975.94586',b'327.21152',b'-403.48587',b'980.85767',b'327.63092',b'-403.52075',b'985.138',b'328.20596',b'-403.59152',b'961.4257',b'327.13498',b'-402.3191',b'957.82446',b'327.67184',b'-402.3841',b'954.059',b'328.3627',b'-402.46417',b'989.88727',b'335.6856',b'-280.7079',b'948.06824',b'337.76053',b'-274.59674',b'979.5227',b'350.4176',b'-373.67316',b'959.8868',b'350.8135',b'-372.16324',b'1029.0479',b'413.859',b'-189.11578',b'915.556',b'416.77066',b'-174.18388',b'1038.5364',b'506.92734',b'-143.6949',b'908.98865',b'506.1706',b'-121.68879',b'1050.0562',b'589.3582',b'-243.37817',b'894.36816',b'593.41675',b'-225.65129',b'1053.889',b'610.5086',b'-278.05334',b'891.97345',b'615.31396',b'-258.77716',b'1047.8422',b'608.9255',b'-315.84317',b'895.6647',b'613.91504',b'-302.17047',b'1043.9263',b'602.0385',b'-259.73907',b'897.6635',b'606.4833',b'-244.70319',b'1002.7898',b'572.51245',b'-5.840437',b'943.3946',b'573.6089',b'5.677044',b'1012.21814',b'709.5836',b'-44.085033',b'928.3068',b'711.3532',b'-22.873877',b'1020.683',b'822.15564',b'162.26987',b'926.1487',b'824.81946',b'162.12938',b'1018.3224',b'823.1107',b'172.82216',b'930.1941',b'825.86273',b'171.38062',b'1022.6618',b'863.3403',b'14.222523',b'925.988',b'868.0877',b'10.523281'
image_047.jpg,b'968.7989',b'335.1571',b'-390.01053',b'975.9524',b'326.4322',b'-371.7975',b'980.47253',b'326.95807',b'-371.83887',b'984.4597',b'327.47006',b'-371.9003',b'960.9557',b'326.69107',b'-370.67776',b'956.23486',b'327.53198',b'-370.72784',b'952.5208',b'328.5199',b'-370.80615',b'990.2078',b'335.1262',b'-250.05194',b'946.81836',b'337.94208',b'-243.80264',b'980.2448',b'349.0758',b'-343.69333',b'959.1187',b'350.2838',b'-342.18048',b'1028.887',b'414.91504',b'-166.13304',b'917.45325',b'417.00122',b'-143.46759',b'1050.6279',b'502.54773',b'-120.71962',b'903.4166',b'503.24707',b'-97.54055',b'1061.635',b'580.7872',b'-225.77159',b'897.09595',b'588.1786',b'-212.97873',b'1065.738',b'602.45685',b'-260.62338',b'893.63715',b'610.53156',b'-246.3923',b'1057.5422',b'600.43866',b'-297.07516',b'899.5747',b'608.2644',b'-288.42093',b'1053.3796',b'594.2172',b'-241.58295',b'903.5824',b'600.82837',b'-231.38031',b'1005.09326',b'574.3497',b'-14.268996',b'943.45215',b'574.4748',b'14.066676',b'1014.00305',b'710.64087',b'-49.193287',b'927.29626',b'718.9481',b'-14.940912',b'1024.2654',b'804.6322',b'154.31255',b'924.0467',b'809.42706',b'172.02739',b'1025.1593',b'831.9604',b'164.7377',b'933.4114',b'840.1257',b'182.09772',b'1027.8307',b'868.09894',b'11.0469265',b'912.78015',b'865.3837',b'29.43769'
image_048.jpg,b'970.9404',b'337.89087',b'-390.55124',b'977.71466',b'328.35233',b'-372.45242',b'981.7889',b'328.91324',b'-372.51184',b'985.2909',b'329.36133',b'-372.58124',b'963.34924',b'328.158',b'-371.20786',b'958.6902',b'328.6437',b'-371.2539',b'954.7532',b'329.34155',b'-371.34454',b'990.28094',b'336.7487',b'-249.11394',b'948.8114',b'337.89923',b'-242.68642',b'981.0507',b'351.55423',b'-343.3784',b'961.30975',b'352.71167',b'-341.84808',b'1028.5698',b'414.584',b'-169.16325',b'916.56323',b'416.3924',b'-135.60825',b'1044.7953',b'504.60757',b'-127.52369',b'907.5746',b'504.27576',b'-84.4863',b'1056.2649',b'585.69275',b'-238.89922',b'900.6197',b'588.88696',b'-203.09625',b'1059.9778',b'607.7603',b'-277.2292',b'897.11237',b'611.4544',b'-237.94023',b'1050.5992',b'604.49725',b'-315.40683',b'902.5394',b'609.36285',b'-281.91125',b'1046.6191',b'597.93286',b'-255.46587',b'906.07837',b'602.18835',b'-222.68896',b'1006.5797',b'575.5877',b'-15.610417',b'943.7231',b'576.10956',b'15.481167',b'1015.02264',b'713.8866',b'-46.66526',b'927.41364',b'718.8566',b'-5.741902',b'1026.5123',b'808.74115',b'164.79463',b'925.3062',b'814.1888',b'182.65382',b'1026.8157',b'833.8457',b'175.94164',b'936.66785',b'845.73193',b'192.46188',b'1031.6411',b'869.58905',b'20.187796',b'916.0134',b'870.1917',b'34.875637'
image_049.jpg,b'969.1176',b'336.11694',b'-387.16565',b'976.8751',b'327.3816',b'-368.94266',b'981.60004',b'328.11887',b'-368.99918',b'985.14325',b'328.95087',b'-369.07675',b'961.96265',b'326.89114',b'-367.96924',b'957.40283',b'327.3335',b'-368.0146',b'953.85156',b'327.85925',b'-368.10715',b'991.08856',b'336.6519',b'-245.16298',b'947.66034',b'337.14493',b'-239.75891',b'980.72705',b'350.25293',b'-340.00354',b'959.7594',b'350.32748',b'-338.6714',b'1028.0607',b'413.5827',b'-160.27422',b'916.5809',b'416.4743',b'-139.017',b'1048.5448',b'502.90872',b'-123.17515',b'903.5033',b'504.5321',b'-95.62349',b'1059.9346',b'582.59155',b'-239.68762',b'893.9378',b'590.27545',b'-212.62206',b'1065.1808',b'603.6823',b'-276.96674',b'888.7159',b'611.7117',b'-246.75891',b'1058.6034',b'602.0538',b'-314.4352',b'893.3717',b'609.57434',b'-290.41287',b'1054.2122',b'596.1298',b'-256.54825',b'897.8592',b'602.75604',b'-231.82907',b'1004.4041',b'574.46704',b'-14.30087',b'942.9508',b'574.0177',b'14.104191',b'1013.03455',b'710.50165',b'-44.574707',b'927.68506',b'715.0378',b'-28.466545',b'1027.7985',b'818.4138',b'148.94748',b'926.8538',b'820.04126',b'170.88495',b'1026.503',b'830.8664',b'158.63387',b'934.0866',b'834.49774',b'182.63234',b'1030.148',b'862.77716',b'5.158022',b'914.10626',b'859.58453',b'35.907406'
image_050.jpg,b'970.60626',b'335.01874',b'-419.21283',b'977.3652',b'325.66702',b'-400.83408',b'981.5593',b'325.99567',b'-400.87445',b'985.5232',b'326.49472',b'-400.9564',b'962.355',b'326.1762',b'-401.1537',b'957.72943',b'326.90323',b'-401.21313',b'953.76263',b'327.85425',b'-401.3034',b'990.78406',b'334.27048',b'-276.5851',b'947.0374',b'336.85638',b'-277.41852',b'981.21814',b'348.75262',b'-371.64542',b'961.176',b'350.51294',b'-372.15735',b'1028.0613',b'412.65924',b'-186.23405',b'914.9474',b'415.8019',b'-180.33543',b'1041.9447',b'504.95068',b'-142.95068',b'902.8193',b'505.61487',b'-140.34863',b'1050.6887',b'585.45465',b'-242.90036',b'901.2514',b'593.8649',b'-244.38272',b'1054.0518',b'608.8556',b'-279.52814',b'900.57074',b'618.79297',b'-280.05374',b'1044.2023',b'605.20667',b'-315.1846',b'908.218',b'615.6684',b'-319.25058',b'1039.951',b'598.62665',b'-258.5609',b'910.73724',b'607.60046',b'-261.58774',b'1005.70654',b'572.86084',b'-8.698593',b'940.5972',b'573.47107',b'8.543819',b'1013.2063',b'710.91327',b'-41.253124',b'927.2887',b'716.79767',b'-13.352354',b'1022.9879',b'800.23785',b'176.52997',b'921.8822',b'804.0792',b'186.55872',b'1023.52686',b'826.1033',b'188.72958',b'935.1977',b'835.28174',b'198.03299',b'1033.7936',b'862.0893',b'38.45072',b'915.32434',b'860.0322',b'44.849693'
image_051.jpg,b'967.5764',b'335.77725',b'-407.0224',b'975.7732',b'327.40747',b'-387.74426',b'980.6512',b'328.17993',b'-387.78867',b'984.2832',b'328.9082',b'-387.86948',b'960.6644',b'326.75253',b'-389.12094',b'956.2928',b'327.08008',b'-389.18008',b'952.86957',b'327.53995',b'-389.29037',b'989.8002',b'336.4654',b'-262.83124',b'947.0374',b'336.52545',b'-269.07123',b'978.9866',b'349.479',b'-359.715',b'958.40094',b'349.87778',b'-361.6914',b'1027.5237',b'413.67096',b'-170.23656',b'913.8652',b'415.05417',b'-184.02873',b'1041.5145',b'506.59476',b'-135.24338',b'903.9373',b'508.08368',b'-150.96861',b'1048.2341',b'589.8613',b'-241.93124',b'900.0234',b'595.8134',b'-251.65881',b'1050.741',b'612.31226',b'-280.14014',b'898.89703',b'618.46326',b'-287.9781',b'1041.3406',b'608.78906',b'-314.05182',b'905.9554',b'615.492',b'-327.36343',b'1036.6831',b'602.6968',b'-257.44388',b'909.05975',b'609.50836',b'-268.85315',b'1005.83417',b'574.1927',b'0.70800257',b'942.21173',b'575.81744',b'-0.88092077',b'1013.7217',b'710.3254',b'-21.652294',b'928.4223',b'713.78827',b'-20.634306',b'1025.6221',b'810.46277',b'194.74197',b'927.75977',b'815.12384',b'193.19795',b'1021.25793',b'822.9016',b'207.14363',b'933.51715',b'829.86255',b'206.32936',b'1035.9426',b'854.4216',b'60.16719',b'917.37616',b'853.65753',b'55.996887'
image_052.jpg,b'969.288',b'337.0533',b'-418.05606',b'976.5658',b'327.3784',b'-399.82108',b'980.90607',b'327.76706',b'-399.87054',b'984.73627',b'328.2427',b'-399.95984',b'961.30774',b'327.36603',b'-400.6867',b'956.5986',b'327.93448',b'-400.74234',b'953.1248',b'328.67947',b'-400.84427',b'989.897',b'335.53',b'-275.49094',b'946.76575',b'337.52246',b'-279.2573',b'979.94946',b'350.53082',b'-370.30737',b'959.78345',b'351.64313',b'-371.6226',b'1027.2703',b'412.611',b'-182.45158',b'914.3971',b'415.34018',b'-184.34126',b'1040.4496',b'506.2331',b'-140.99521',b'903.4144',b'507.5898',b'-143.4801',b'1049.4241',b'590.96216',b'-239.96487',b'899.1191',b'596.2798',b'-241.97238',b'1052.9601',b'613.21735',b'-275.8753',b'897.1586',b'619.17523',b'-276.50153',b'1043.742',b'609.6516',b'-311.60538',b'904.02826',b'617.17334',b'-316.97412',b'1039.0306',b'603.3573',b'-255.74115',b'907.66125',b'611.0188',b'-259.61868',b'1005.8883',b'573.4613',b'-4.6366053',b'942.8395',b'575.00287',b'4.4659514',b'1013.9913',b'710.2067',b'-31.367243',b'928.8896',b'713.5284',b'-13.428435',b'1029.634',b'812.0011',b'182.90822',b'928.5237',b'816.32733',b'192.45523',b'1026.1857',b'824.23755',b'194.81895',b'934.6851',b'831.64185',b'204.67572',b'1038.4211',b'856.78375',b'46.50466',b'916.0304',b'855.1513',b'54.364983'
image_053.jpg,b'965.53656',b'336.87274',b'-407.99576',b'974.00275',b'328.4896',b'-390.36945',b'979.1676',b'329.17844',b'-390.42047',b'982.9096',b'330.0688',b'-390.506',b'958.9357',b'327.68085',b'-389.65927',b'954.89',b'327.84598',b'-389.71124',b'951.2214',b'328.04553',b'-389.81976',b'988.9728',b'337.47476',b'-269.79407',b'946.4608',b'336.7651',b'-266.17764',b'977.451',b'350.29034',b'-361.85355',b'956.97034',b'350.52286',b'-361.05783',b'1027.6102',b'413.8084',b'-181.71562',b'914.2876',b'415.44205',b'-171.71791',b'1040.1293',b'507.96066',b'-143.85529',b'905.18005',b'505.28677',b'-133.61418',b'1050.4553',b'590.0189',b'-244.05252',b'898.7509',b'593.9918',b'-235.94559',b'1054.3239',b'612.491',b'-280.9305',b'896.30005',b'617.88684',b'-270.38916',b'1043.8853',b'608.81195',b'-316.72058',b'903.61365',b'615.5321',b'-310.83127',b'1039.3052',b'602.6602',b'-259.8391',b'907.5591',b'609.2166',b'-253.68227',b'1004.36487',b'574.25037',b'-7.4882593',b'941.8419',b'575.175',b'7.3107996',b'1013.7267',b'711.4692',b'-31.740778',b'927.8065',b'714.75226',b'-10.688626',b'1029.2123',b'815.28864',b'178.38844',b'928.389',b'816.9741',b'193.30176',b'1026.3148',b'827.9423',b'189.80342',b'934.9078',b'832.49384',b'205.43695',b'1036.4822',b'859.24396',b'40.266197',b'915.0141',b'855.1137',b'56.266968'
image_054.jpg,b'965.20636',b'335.72955',b'-415.95514',b'973.6536',b'326.80594',b'-397.54468',b'978.98975',b'327.3102',b'-397.59467',b'983.0552',b'328.05743',b'-397.68716',b'958.3674',b'326.8593',b'-397.00677',b'954.5427',b'327.25574',b'-397.05862',b'950.5625',b'327.81995',b'-397.16943',b'988.81647',b'335.74628',b'-275.93378',b'945.3379',b'336.4604',b'-273.0379',b'977.1656',b'349.19446',b'-369.8236',b'956.7303',b'349.94376',b'-369.16898',b'1027.5428',b'412.2885',b'-189.21465',b'914.30554',b'415.47388',b'-183.37294',b'1040.7369',b'508.71713',b'-161.04494',b'904.7254',b'509.43195',b'-151.58794',b'1046.7827',b'590.3599',b'-262.38208',b'898.83795',b'597.02893',b'-253.78503',b'1048.2164',b'612.6661',b'-301.0805',b'896.4727',b'619.31256',b'-290.18784',b'1039.169',b'608.5119',b'-334.84116',b'903.5337',b'616.8296',b'-329.6185',b'1034.7256',b'602.52515',b'-277.70047',b'906.7488',b'610.7219',b'-271.3845',b'1006.26294',b'573.17584',b'-5.867296',b'943.027',b'575.2665',b'5.6761103',b'1013.88025',b'710.4246',b'-27.617115',b'928.01227',b'713.62573',b'-16.6641',b'1028.9347',b'810.59467',b'193.23912',b'929.018',b'814.96985',b'205.25926',b'1025.503',b'822.8018',b'206.15729',b'935.48346',b'829.65076',b'219.509',b'1037.136',b'855.0925',b'59.009373',b'916.8903',b'853.4344',b'73.260864'
image_055.jpg,b'966.13104',b'331.58914',b'-429.19553',b'974.5298',b'323.55463',b'-409.87442',b'979.6518',b'324.33044',b'-409.93124',b'983.37',b'325.10028',b'-410.0336',b'958.789',b'322.8673',b'-409.77817',b'954.94434',b'323.2027',b'-409.83368',b'950.9368',b'323.80377',b'-409.93536',b'989.9079',b'333.286',b'-287.5683',b'944.75433',b'332.6752',b'-287.3937',b'977.387',b'346.46518',b'-383.14597',b'957.06287',b'346.3384',b'-383.2614',b'1026.8739',b'412.51544',b'-199.82416',b'913.4655',b'416.24603',b'-197.29198',b'1039.4714',b'506.79758',b'-167.94824',b'904.2788',b'509.91766',b'-166.31403',b'1051.3281',b'588.50024',b'-262.22833',b'896.8629',b'596.0879',b'-267.8215',b'1055.2292',b'609.6973',b'-299.34375',b'892.69055',b'618.667',b'-303.29257',b'1044.1014',b'606.8422',b'-331.84476',b'901.4526',b'616.59924',b'-341.374',b'1039.9305',b'601.0714',b'-276.90396',b'905.06616',b'609.96924',b'-284.64072',b'1005.0485',b'569.73883',b'-8.024322',b'943.62537',b'571.9579',b'7.818008',b'1014.5182',b'705.53436',b'-34.611897',b'928.2071',b'709.6522',b'-19.7075',b'1030.2351',b'799.7316',b'198.95189',b'922.9545',b'783.43524',b'219.66628',b'1027.4915',b'812.01447',b'213.31766',b'940.3782',b'814.7744',b'236.03336',b'1039.5691',b'842.51715',b'72.933914',b'920.45703',b'838.23193',b'95.87873'
image_056.jpg,b'963.6747',b'333.17966',b'-402.31458',b'972.66406',b'325.35034',b'-384.61862',b'978.1865',b'326.21902',b'-384.67487',b'982.40045',b'327.24228',b'-384.76285',b'957.3219',b'324.78082',b'-382.89993',b'953.55695',b'325.16208',b'-382.9503',b'949.60406',b'325.74588',b'-383.0633',b'987.92395',b'335.0276',b'-267.51123',b'944.6638',b'335.31512',b'-259.14288',b'975.5088',b'346.72064',b'-358.06393',b'955.28046',b'347.36517',b'-355.8597',b'1027.2284',b'412.61862',b'-188.87651',b'913.37976',b'416.17944',b'-168.18729',b'1040.141',b'508.10742',b'-162.26003',b'904.83716',b'508.39352',b'-138.80458',b'1050.0486',b'589.81134',b'-264.06122',b'898.08234',b'596.38324',b'-244.98782',b'1055.0017',b'611.3194',b'-303.32544',b'896.0322',b'619.3086',b'-280.48944',b'1044.1189',b'608.27014',b'-337.09024',b'903.04846',b'616.9856',b'-320.3745',b'1039.5563',b'602.4429',b'-279.34088',b'906.53375',b'610.8061',b'-262.77777',b'1005.73425',b'572.68146',b'-11.362032',b'943.0325',b'574.02985',b'11.185261',b'1013.1904',b'710.6332',b'-32.284245',b'928.2363',b'713.7391',b'-5.4820886',b'1031.2289',b'809.9357',b'177.66434',b'928.33716',b'813.309',b'198.96776',b'1028.7001',b'822.24945',b'189.4835',b'934.5881',b'828.5379',b'211.6145',b'1038.5972',b'853.56384',b'42.75951',b'915.9242',b'851.07263',b'65.55292'
image_057.jpg,b'964.1976',b'332.59723',b'-395.16388',b'972.68604',b'324.44208',b'-377.2875',b'977.95886',b'325.03137',b'-377.33484',b'982.0553',b'325.79993',b'-377.4133',b'957.4917',b'324.39334',b'-376.05673',b'953.6314',b'324.9305',b'-376.1097',b'949.8',b'325.61627',b'-376.21274',b'988.15234',b'334.15616',b'-258.75375',b'944.7035',b'334.94684',b'-252.57388',b'976.1979',b'346.82385',b'-350.27335',b'955.5983',b'347.2196',b'-348.7138',b'1027.8511',b'412.15424',b'-175.83907',b'913.84296',b'416.6897',b'-163.03403',b'1039.5975',b'504.93005',b'-140.36649',b'904.21405',b'505.81647',b'-127.0536',b'1050.4557',b'587.19763',b'-241.86484',b'898.98596',b'593.73846',b'-231.0225',b'1053.3888',b'608.8984',b'-279.61902',b'896.1074',b'617.4472',b'-266.59357',b'1043.0771',b'606.0633',b'-314.1412',b'902.6235',b'615.48883',b'-305.51385',b'1039.2611',b'600.515',b'-257.31326',b'906.3091',b'609.5896',b'-248.29448',b'1006.0222',b'574.21893',b'-7.782814',b'942.8863',b'575.79034',b'7.61084',b'1013.5212',b'710.4226',b'-32.89736',b'927.7478',b'715.9304',b'-8.524765',b'1022.8125',b'795.5059',b'182.44452',b'922.653',b'799.5718',b'191.09924',b'1023.7882',b'823.6572',b'194.71768',b'934.9271',b'832.79614',b'202.78743',b'1035.7047',b'856.8947',b'46.347',b'916.8207',b'856.7709',b'51.17655'
image_058.jpg,b'962.48706',b'331.71594',b'-415.67853',b'971.18933',b'324.04346',b'-397.26245',b'976.5059',b'324.88858',b'-397.29294',b'980.8735',b'325.98926',b'-397.38126',b'956.27856',b'323.71753',b'-397.24622',b'952.3742',b'324.29572',b'-397.3065',b'948.6867',b'325.04196',b'-397.42828',b'987.3264',b'334.84653',b'-277.4942',b'943.82306',b'334.97473',b'-277.20508',b'974.38684',b'345.87228',b'-370.42087',b'954.2792',b'345.99628',b'-370.46527',b'1026.9404',b'412.55252',b'-188.81384',b'913.32227',b'417.1016',b'-196.47876',b'1039.8057',b'507.4702',b'-160.1871',b'903.6901',b'509.10736',b'-166.96164',b'1046.3027',b'591.39215',b'-261.73517',b'897.5308',b'596.7222',b'-265.3833',b'1049.1716',b'613.2784',b'-299.2379',b'895.8282',b'618.81134',b'-301.5193',b'1040.8389',b'609.69684',b'-331.89218',b'902.5534',b'616.2989',b'-339.66565',b'1035.7101',b'603.61725',b'-276.66467',b'905.3773',b'610.4201',b'-282.18094',b'1005.08813',b'573.2528',b'0.5465417',b'941.49774',b'574.79486',b'-0.76846445',b'1013.50366',b'710.18243',b'-46.950687',b'927.82886',b'714.96',b'-45.73946',b'1023.38',b'808.68243',b'197.59059',b'925.89417',b'795.7397',b'197.16273',b'1018.13806',b'820.751',b'213.125',b'945.2445',b'826.23193',b'213.67914',b'1036.5276',b'853.20526',b'70.529434',b'927.61523',b'852.3768',b'67.95589'
image_059.jpg,b'961.3224',b'333.83356',b'-429.91306',b'970.40247',b'325.85962',b'-412.9134',b'975.90326',b'326.62637',b'-412.9564',b'980.30615',b'327.53082',b'-413.0588',b'954.95966',b'325.7205',b'-412.1103',b'951.19226',b'326.23877',b'-412.16843',b'947.5552',b'326.92487',b'-412.27972',b'986.87714',b'335.44424',b'-295.47375',b'943.27563',b'336.42407',b'-291.28195',b'973.60486',b'347.48456',b'-384.99997',b'953.1289',b'348.22263',b'-383.95087',b'1026.3429',b'411.8697',b'-208.39969',b'913.1799',b'416.34396',b'-201.3781',b'1039.1548',b'506.26675',b'-180.63313',b'904.2343',b'511.36792',b'-170.02992',b'1051.5371',b'588.6222',b'-276.34265',b'898.7248',b'598.2308',b'-268.16037',b'1054.3008',b'611.3867',b'-313.44135',b'895.3954',b'619.8232',b'-303.07162',b'1044.3237',b'608.3207',b'-347.39053',b'902.94806',b'618.01324',b'-342.52884',b'1039.889',b'602.04047',b'-291.6361',b'906.46497',b'611.7545',b'-285.6627',b'1006.96',b'570.15405',b'-6.415624',b'943.68756',b'573.006',b'6.221407',b'1013.9049',b'706.90424',b'-35.90791',b'928.67664',b'711.35565',b'-17.182198',b'1028.4369',b'806.81274',b'186.77754',b'930.98755',b'810.7389',b'205.90005',b'1024.3411',b'819.286',b'199.88943',b'938.02356',b'825.88055',b'220.18279',b'1040.0581',b'850.0722',b'56.85308',b'917.10394',b'848.4272',b'76.20669'
image_060.jpg,b'963.0059',b'332.00186',b'-403.09467',b'971.59686',b'324.33115',b'-384.88095',b'976.94836',b'324.99402',b'-384.92453',b'980.9295',b'325.63934',b'-385.0026',b'955.915',b'324.06503',b'-384.92096',b'952.01245',b'324.56522',b'-384.97632',b'948.3447',b'325.18332',b'-385.0771',b'987.85535',b'333.9171',b'-265.8463',b'942.8183',b'334.42123',b'-265.9824',b'975.3136',b'346.1487',b'-358.06778',b'954.4668',b'346.10474',b'-358.29077',b'1026.1318',b'411.75552',b'-178.77597',b'912.5047',b'416.7088',b'-178.29628',b'1039.7479',b'506.02618',b'-138.77274',b'903.6248',b'508.7471',b'-140.35901',b'1052.0076',b'588.381',b'-233.51495',b'898.0912',b'596.824',b'-238.24352',b'1056.5618',b'611.3359',b'-268.5672',b'896.2209',b'618.52313',b'-272.5095',b'1046.1106',b'608.3863',b'-302.92813',b'903.04663',b'616.4086',b'-311.382',b'1041.4558',b'602.0841',b'-248.78563',b'906.39575',b'610.64923',b'-255.22276',b'1005.4495',b'572.34033',b'-4.4504066',b'942.1617',b'575.0973',b'4.2410555',b'1013.61456',b'709.9695',b'-26.41644',b'928.1117',b'713.03436',b'-13.685606',b'1029.6587',b'809.3436',b'183.74054',b'928.86975',b'813.8116',b'189.73825',b'1025.9541',b'821.8109',b'195.52432',b'935.19604',b'828.62683',b'202.02359',b'1039.2286',b'853.74817',b'49.66916',b'917.8503',b'853.2677',b'54.67316'
image_061.jpg,b'966.84015',b'334.30658',b'-412.1814',b'974.82434',b'326.127',b'-395.35483',b'979.7619',b'326.79562',b'-395.40628',b'983.4502',b'327.45877',b'-395.49854',b'959.60516',b'325.82816',b'-393.42792',b'955.33704',b'326.39975',b'-393.4865',b'951.5534',b'327.1087',b'-393.5702',b'989.319',b'335.14627',b'-278.90308',b'945.24713',b'336.18622',b'-269.55515',b'978.21063',b'348.70602',b'-367.67487',b'957.66626',b'348.7204',b'-365.2389',b'1027.2454',b'413.02786',b'-198.20145',b'913.7627',b'416.2668',b'-170.17934',b'1038.0223',b'504.81967',b'-158.07008',b'903.5353',b'508.3637',b'-129.114',b'1047.577',b'585.00684',b'-243.96452',b'897.08484',b'593.95105',b'-232.28188',b'1052.4769',b'608.5643',b'-279.538',b'893.96655',b'616.43225',b'-265.36316',b'1043.6398',b'606.1374',b'-312.88812',b'900.9697',b'615.261',b'-304.23135',b'1039.0032',b'599.1811',b'-258.44482',b'904.1648',b'609.1028',b'-249.36984',b'1004.9099',b'572.8229',b'-15.538749',b'941.3319',b'573.7387',b'15.374716',b'1014.11084',b'713.02966',b'-43.8001',b'927.20966',b'714.295',b'-0.6360719',b'1021.2318',b'800.82367',b'160.5307',b'922.8744',b'802.94104',b'188.59177',b'1024.7617',b'824.6368',b'171.87135',b'933.95905',b'832.485',b'199.47995',b'1036.3826',b'859.4031',b'28.746696',b'913.886',b'856.8351',b'52.91613'
image_062.jpg,b'966.7588',b'337.50018',b'-434.38782',b'974.9712',b'327.9106',b'-417.07013',b'979.39954',b'328.29718',b'-417.11902',b'983.2863',b'328.59787',b'-417.2114',b'959.3898',b'327.84232',b'-416.456',b'954.6675',b'328.32553',b'-416.51645',b'951.3483',b'328.90814',b'-416.60297',b'989.9534',b'335.40414',b'-293.8482',b'944.8657',b'336.70303',b'-290.6565',b'977.63983',b'351.4907',b'-386.78152',b'957.861',b'352.2962',b'-386.10333',b'1026.4463',b'413.5432',b'-199.6323',b'913.5186',b'416.27216',b'-188.6219',b'1038.2134',b'505.65317',b'-156.01593',b'903.16656',b'509.3201',b'-148.30241',b'1048.9374',b'586.6638',b'-248.35657',b'896.07227',b'594.93915',b'-255.65173',b'1053.6075',b'608.1846',b'-283.90332',b'892.4872',b'618.2145',b'-290.916',b'1044.7708',b'606.12274',b'-318.79657',b'899.6096',b'616.37854',b'-329.75528',b'1040.377',b'600.5099',b'-263.68793',b'903.1625',b'610.4241',b'-272.717',b'1005.0395',b'574.09937',b'-10.661878',b'941.85425',b'575.81177',b'10.507549',b'1013.0912',b'708.8361',b'-34.35755',b'927.2339',b'714.6486',b'-2.9298785',b'1020.477',b'796.17554',b'187.68268',b'921.9164',b'800.405',b'200.66266',b'1023.0494',b'819.56726',b'200.65694',b'936.5183',b'830.35834',b'212.8378',b'1033.2709',b'854.60535',b'55.053886',b'918.319',b'855.8708',b'63.099495'
image_063.jpg,b'966.85046',b'338.02194',b'-435.09506',b'975.1036',b'328.27676',b'-417.87173',b'979.52924',b'328.64505',b'-417.91812',b'983.36804',b'328.90677',b'-418.01068',b'959.5354',b'328.24014',b'-417.17947',b'954.83997',b'328.7151',b'-417.23938',b'951.5315',b'329.29346',b'-417.32257',b'989.8726',b'335.48267',b'-295.80023',b'945.064',b'336.85284',b'-292.50522',b'977.63477',b'351.96494',b'-388.0152',b'957.93225',b'352.77197',b'-387.29257',b'1026.2124',b'413.54868',b'-202.25562',b'913.43915',b'416.4354',b'-192.02959',b'1038.417',b'505.6979',b'-158.9142',b'903.3838',b'509.141',b'-152.78047',b'1048.8096',b'586.64136',b'-249.4517',b'896.04785',b'595.0251',b'-257.99515',b'1053.0868',b'608.4945',b'-284.66745',b'892.61646',b'618.3368',b'-293.31332',b'1044.3557',b'606.4028',b'-319.5022',b'900.02435',b'616.3347',b'-331.0825',b'1040.0657',b'600.7934',b'-264.67593',b'903.533',b'610.5345',b'-274.60596',b'1005.2225',b'573.7636',b'-9.785046',b'941.9145',b'575.7163',b'9.629489',b'1013.18',b'708.0473',b'-33.790268',b'927.18115',b'713.7385',b'-3.427137',b'1020.68744',b'795.55585',b'189.74466',b'922.5017',b'799.917',b'200.599',b'1022.89136',b'818.69867',b'203.012',b'938.679',b'830.0038',b'212.86382',b'1035.216',b'853.3044',b'59.730843',b'920.50116',b'856.32135',b'64.28101'
image_064.jpg,b'967.19055',b'338.71555',b'-407.04657',b'974.9793',b'328.59418',b'-389.71283',b'979.54114',b'328.8305',b'-389.78082',b'983.00366',b'328.9993',b'-389.86578',b'959.745',b'328.85678',b'-388.77127',b'955.07245',b'329.38034',b'-388.8201',b'951.71027',b'329.9694',b'-388.90894',b'989.05975',b'335.11246',b'-267.1725',b'945.21344',b'337.55228',b'-262.06213',b'977.89606',b'352.71863',b'-359.5744',b'958.5011',b'353.5691',b'-358.43967',b'1027.4137',b'413.36752',b'-183.01782',b'914.1062',b'415.87',b'-156.1864',b'1036.1517',b'506.38916',b'-138.8892',b'912.5808',b'507.78336',b'-108.82305',b'1041.8431',b'590.08685',b'-232.38477',b'904.69354',b'594.4447',b'-220.74089',b'1047.741',b'610.8072',b'-268.5707',b'902.72034',b'616.8189',b'-255.86148',b'1040.7988',b'609.4045',b'-305.53955',b'908.357',b'614.83435',b'-297.53775',b'1036.3472',b'603.5453',b'-248.31267',b'910.6895',b'607.36127',b'-239.36603',b'1005.17444',b'575.1046',b'-17.301268',b'943.425',b'576.5644',b'17.202335',b'1013.86884',b'711.83057',b'-43.64517',b'926.27576',b'717.77203',b'-1.2408422',b'1024.939',b'808.4132',b'173.70918',b'924.93884',b'813.34265',b'190.45189',b'1025.9924',b'827.9795',b'185.57922',b'935.3302',b'842.28204',b'200.89967',b'1030.0957',b'864.79755',b'34.682793',b'914.26953',b'868.25275',b'46.867085'
image_065.jpg,b'968.16797',b'339.07266',b'-412.12433',b'975.8227',b'328.48404',b'-394.8836',b'980.32056',b'328.7093',b'-394.9299',b'984.22107',b'329.12726',b'-395.00116',b'960.6254',b'329.11197',b'-392.71848',b'956.0415',b'329.848',b'-392.7743',b'952.4197',b'330.6557',b'-392.87024',b'989.481',b'335.90787',b'-275.34592',b'945.9984',b'338.60837',b'-264.36243',b'978.96',b'352.50772',b'-366.31497',b'959.62366',b'353.27887',b'-363.46185',b'1027.1329',b'414.93832',b'-193.98564',b'915.5159',b'417.09717',b'-164.12398',b'1035.9581',b'509.8424',b'-158.58585',b'911.0088',b'509.34393',b'-120.2317',b'1040.1919',b'590.22644',b'-260.1689',b'903.0475',b'593.58673',b'-230.8635',b'1042.9697',b'612.8507',b'-299.026',b'901.76465',b'616.2251',b'-268.10117',b'1033.9897',b'609.9376',b'-335.18158',b'908.74786',b'613.8431',b'-308.2359',b'1030.3981',b'602.4745',b'-275.75735',b'911.13135',b'606.04736',b'-248.8471',b'1005.90924',b'573.4216',b'-14.186536',b'944.1914',b'575.2721',b'14.03886',b'1013.7658',b'709.9074',b'-35.656937',b'928.40454',b'715.0771',b'-1.4220668',b'1024.018',b'818.31494',b'185.23372',b'926.98816',b'822.4232',b'192.04364',b'1023.57184',b'817.9666',b'197.58585',b'934.4233',b'842.2815',b'202.68593',b'1025.3584',b'863.1962',b'43.397343',b'917.66345',b'869.33997',b'46.03008'
image_066.jpg,b'968.6952',b'339.2109',b'-415.6931',b'976.7713',b'329.164',b'-398.9553',b'981.3428',b'329.44705',b'-399.0116',b'984.8235',b'329.65268',b'-399.0946',b'961.2543',b'329.1642',b'-397.0781',b'956.5814',b'329.60394',b'-397.13297',b'953.2107',b'330.1676',b'-397.20758',b'990.09955',b'335.7427',b'-278.12088',b'947.0624',b'337.72293',b'-268.97064',b'979.4188',b'353.0954',b'-369.04562',b'959.8182',b'353.55798',b'-366.6916',b'1027.561',b'414.59302',b'-193.42737',b'916.3884',b'416.13968',b'-162.60582',b'1035.9194',b'506.44003',b'-151.38354',b'907.5801',b'507.73514',b'-114.93171',b'1048.8495',b'590.3783',b'-245.11937',b'895.46906',b'593.37213',b'-224.3604',b'1048.9329',b'612.4636',b'-281.17978',b'893.1077',b'614.5457',b'-258.82266',b'1040.9878',b'610.33325',b'-318.2433',b'898.93506',b'613.1476',b'-299.6101',b'1039.6539',b'603.328',b'-261.003',b'901.4664',b'606.1497',b'-242.5742',b'1002.9584',b'573.37396',b'-14.591203',b'942.5825',b'575.0221',b'14.452278',b'1013.89435',b'711.41797',b'-33.231663',b'927.95184',b'712.7912',b'-0.6993389',b'1021.35156',b'817.9089',b'167.97061',b'926.0889',b'821.4361',b'178.33365',b'1019.1244',b'817.97235',b'178.17699',b'935.47015',b'843.0386',b'187.42354',b'1025.2863',b'864.5497',b'25.818096',b'916.872',b'868.46295',b'32.873013'
image_067.jpg,b'967.9516',b'338.43408',b'-395.97925',b'975.69226',b'328.57654',b'-378.8258',b'980.1149',b'328.83203',b'-378.88953',b'983.67975',b'329.01324',b'-378.97717',b'960.3373',b'328.64563',b'-377.66254',b'955.78076',b'329.10663',b'-377.70724',b'952.4836',b'329.5923',b'-377.79535',b'989.7512',b'335.30814',b'-257.40106',b'946.51135',b'337.32626',b'-251.085',b'978.7367',b'352.38632',b'-349.19983',b'959.261',b'353.464',b'-347.66483',b'1027.1549',b'414.07428',b'-174.7556',b'915.5507',b'416.15036',b'-144.6714',b'1042.7988',b'504.24902',b'-133.76968',b'904.53955',b'507.17776',b'-96.84454',b'1058.5621',b'588.27106',b'-232.47261',b'888.6227',b'594.7077',b'-209.55417',b'1063.0734',b'609.8622',b'-267.6574',b'882.73444',b'616.0118',b'-241.97028',b'1055.9756',b'608.3791',b'-304.8955',b'887.01666',b'615.1878',b'-286.65866',b'1053.1494',b'602.4173',b'-248.7745',b'890.55255',b'609.02014',b'-229.26997',b'1001.47955',b'575.28375',b'-18.139097',b'940.74066',b'575.0591',b'17.907',b'1012.0999',b'711.8707',b'-41.31255',b'926.7736',b'719.651',b'-5.0091643',b'1023.4013',b'806.3793',b'153.04825',b'922.96173',b'810.6623',b'183.57039',b'1028.6912',b'830.67145',b'162.95648',b'931.5061',b'837.55695',b'194.43437',b'1020.8979',b'865.74786',b'11.598545',b'913.21967',b'860.60236',b'48.155773'
image_068.jpg,b'966.05505',b'334.63675',b'-402.73334',b'974.05646',b'325.58347',b'-385.75232',b'979.103',b'326.10913',b'-385.80313',b'982.9095',b'326.78958',b'-385.87238',b'959.1862',b'325.5438',b'-383.28693',b'954.9769',b'325.95483',b'-383.33942',b'951.34155',b'326.49377',b'-383.4366',b'988.76025',b'334.489',b'-268.36154',b'945.58466',b'334.95218',b'-255.69293',b'977.3799',b'349.98178',b'-357.896',b'957.4677',b'349.5828',b'-354.54834',b'1028.6561',b'413.46823',b'-190.36092',b'914.6227',b'416.6929',b'-154.01085',b'1036.738',b'507.4958',b'-154.09152',b'911.33215',b'507.79672',b'-101.12057',b'1043.1234',b'592.4623',b'-255.88806',b'899.6418',b'597.3024',b'-206.6333',b'1047.8011',b'613.4051',b'-292.76474',b'896.74695',b'619.5418',b'-240.3354',b'1041.4613',b'612.16125',b'-330.2056',b'901.04517',b'618.6262',b'-283.70908',b'1037.7163',b'605.87946',b'-271.97418',b'903.2295',b'611.2739',b'-225.9112',b'1002.5625',b'573.4426',b'-15.4071665',b'941.7035',b'574.57294',b'15.24389',b'1013.2638',b'709.7156',b'-44.142136',b'927.3323',b'716.74097',b'-5.9156585',b'1022.9085',b'818.8783',b'166.36725',b'927.2951',b'822.03625',b'179.55501',b'1021.57355',b'818.6399',b'177.41562',b'936.1078',b'842.45703',b'189.2487',b'1024.0033',b'864.3673',b'21.444237',b'919.40076',b'868.7262',b'33.156517'
image_069.jpg,b'966.4517',b'339.234',b'-391.0103',b'973.7708',b'329.82745',b'-374.52017',b'978.8766',b'330.21194',b'-374.5825',b'982.6499',b'330.8188',b'-374.6537',b'959.16986',b'329.75922',b'-372.78403',b'955.07935',b'330.21625',b'-372.83124',b'951.70544',b'330.66904',b'-372.9281',b'988.2329',b'337.14563',b'-253.12625',b'946.48114',b'338.89856',b'-244.0959',b'978.3911',b'352.7737',b'-343.80774',b'957.86597',b'353.60416',b'-341.4923',b'1028.9486',b'412.2273',b'-168.368',b'915.24097',b'417.79138',b'-134.55225',b'1037.433',b'505.86328',b'-125.36872',b'908.3138',b'508.10522',b'-77.52954',b'1045.4222',b'589.27875',b'-236.56404',b'894.64703',b'594.981',b'-190.53008',b'1050.9143',b'611.0761',b'-273.78867',b'888.75507',b'618.29846',b'-223.22853',b'1044.653',b'610.12695',b'-312.33',b'893.9235',b'617.0639',b'-268.88763',b'1040.742',b'604.1842',b'-253.32742',b'897.9701',b'610.44995',b'-210.73354',b'1003.9155',b'574.5166',b'-14.205042',b'942.87134',b'575.6442',b'14.062998',b'1013.66626',b'712.32404',b'-51.96282',b'927.55347',b'718.3532',b'-13.923509',b'1024.1637',b'812.72296',b'151.14056',b'925.1976',b'816.0054',b'166.2446',b'1024.5009',b'834.4278',b'161.19707',b'933.4576',b'846.94714',b'175.17274',b'1027.0101',b'870.4302',b'2.9287868',b'914.858',b'871.2099',b'15.958175'
image_070.jpg,b'965.90015',b'339.29013',b'-426.80682',b'973.5696',b'329.38953',b'-410.42413',b'978.6646',b'329.72644',b'-410.4605',b'983.23584',b'330.16916',b'-410.51947',b'959.3581',b'330.05585',b'-407.71796',b'955.8066',b'330.5937',b'-407.7817',b'951.97906',b'331.17877',b'-407.8563',b'988.82605',b'336.95508',b'-287.07562',b'947.2955',b'339.60205',b'-273.76932',b'977.5611',b'352.75604',b'-379.00165',b'958.0664',b'353.78952',b'-375.49295',b'1029.5408',b'413.04578',b'-197.34401',b'915.2142',b'416.84894',b'-164.9214',b'1037.1246',b'510.50952',b'-154.39476',b'908.4454',b'508.4634',b'-109.38495',b'1044.9531',b'593.84125',b'-261.81595',b'894.1503',b'595.32935',b'-224.06653',b'1048.4873',b'615.26733',b'-299.306',b'889.92065',b'618.09314',b'-258.9556',b'1042.2244',b'613.1092',b'-338.58466',b'894.13763',b'617.47925',b'-303.35397',b'1038.5264',b'605.6047',b'-278.74207',b'897.0753',b'609.97876',b'-243.82991',b'1001.092',b'574.36865',b'-11.957694',b'940.2832',b'575.3647',b'11.831314',b'1012.5815',b'709.721',b'-45.469223',b'927.1604',b'713.0264',b'-12.561214',b'1022.1905',b'831.47534',b'155.9772',b'929.91956',b'835.35754',b'169.10051',b'1019.27203',b'834.9673',b'165.6099',b'934.1099',b'838.727',b'177.89369',b'1019.8955',b'871.459',b'1.5170226',b'926.2429',b'875.16425',b'15.085424'
image_071.jpg,b'966.1296',b'338.1622',b'-419.92316',b'973.6102',b'328.7555',b'-403.41406',b'978.67596',b'329.18848',b'-403.45908',b'983.1393',b'329.7782',b'-403.52283',b'959.5586',b'328.9642',b'-400.56122',b'955.9302',b'329.44986',b'-400.62326',b'952.30414',b'329.9231',b'-400.7133',b'988.5686',b'336.57574',b'-280.87228',b'947.51746',b'338.3588',b'-266.85535',b'977.7738',b'352.16064',b'-372.61777',b'958.1735',b'352.91153',b'-368.8754',b'1029.2755',b'412.94125',b'-192.84332',b'915.10974',b'416.8799',b'-159.0301',b'1038.267',b'508.52402',b'-153.89383',b'908.36035',b'506.93765',b'-104.16965',b'1044.7115',b'593.1333',b'-264.90622',b'894.1421',b'593.92285',b'-219.26758',b'1048.7896',b'614.7959',b'-303.36758',b'889.4254',b'617.2943',b'-254.13737',b'1042.4943',b'613.08704',b'-342.8842',b'894.36566',b'616.55066',b'-298.9089',b'1039.0812',b'605.69415',b'-282.0098',b'897.67365',b'608.83527',b'-239.14844',b'1001.68994',b'573.85547',b'-11.614318',b'940.6972',b'575.3943',b'11.507964',b'1013.2748',b'712.00183',b'-47.050354',b'927.59656',b'713.4857',b'-16.351988',b'1021.9985',b'831.1105',b'151.04924',b'929.9971',b'833.5325',b'162.07986',b'1018.91003',b'832.52734',b'160.42857',b'935.3553',b'835.29834',b'170.49931',b'1023.55707',b'871.235',b'-1.1628101',b'924.6313',b'874.79877',b'8.789837'
image_072.jpg,b'966.43695',b'340.91687',b'-435.6947',b'973.97864',b'330.19153',b'-419.62988',b'979.1429',b'330.369',b'-419.67093',b'983.36743',b'330.80896',b'-419.74368',b'959.7276',b'330.98',b'-417.65567',b'955.9308',b'331.4949',b'-417.7243',b'952.4382',b'331.90308',b'-417.81778',b'988.923',b'337.15857',b'-295.23056',b'947.5837',b'339.28372',b'-285.27716',b'977.68695',b'353.4756',b'-387.1792',b'958.10986',b'354.68243',b'-384.59824',b'1029.5466',b'412.90417',b'-200.32062',b'915.35156',b'416.66797',b'-176.5921',b'1037.41',b'507.26788',b'-158.5452',b'908.8506',b'507.7944',b'-122.38591',b'1044.3118',b'592.1852',b'-266.0428',b'894.56323',b'594.8325',b'-231.03194',b'1049.223',b'613.5189',b'-303.56406',b'890.3066',b'617.75507',b'-265.1735',b'1043.0433',b'611.8683',b'-342.69534',b'895.4664',b'616.7345',b'-309.48004',b'1039.2664',b'604.61395',b'-282.9213',b'898.4399',b'609.09955',b'-250.39839',b'1002.31726',b'573.25354',b'-8.022853',b'941.4779',b'575.3182',b'7.8981695',b'1013.46497',b'711.3356',b'-39.138058',b'928.31305',b'712.6886',b'-12.173355',b'1022.4805',b'826.97675',b'165.12079',b'928.8678',b'830.8845',b'168.79977',b'1019.1395',b'828.9427',b'175.32512',b'932.4328',b'832.35004',b'177.59073',b'1024.2681',b'869.1086',b'14.167286',b'926.31506',b'874.6857',b'13.415509'
image_073.jpg,b'966.3707',b'340.09726',b'-450.9917',b'974.1861',b'330.1011',b'-434.33374',b'979.39886',b'330.47928',b'-434.37592',b'983.8487',b'331.06024',b'-434.4515',b'960.0957',b'330.09415',b'-432.02347',b'956.33673',b'330.4505',b'-432.09552',b'952.8158',b'330.66803',b'-432.1781',b'989.51465',b'337.63336',b'-306.30652',b'948.1041',b'338.524',b'-295.05682',b'977.90967',b'353.53528',b'-401.20868',b'958.1852',b'354.27948',b'-398.26224',b'1029.8702',b'413.87717',b'-210.52592',b'915.1411',b'417.17603',b'-181.45839',b'1037.4843',b'509.84573',b'-169.15097',b'908.26917',b'508.61093',b'-130.1411',b'1045.5748',b'594.5906',b'-278.07663',b'893.30005',b'594.51135',b'-249.00146',b'1048.6869',b'617.24744',b'-317.0385',b'889.1117',b'617.8044',b'-284.87872',b'1042.5134',b'615.0707',b'-356.91354',b'893.554',b'616.9748',b'-330.00986',b'1039.2108',b'607.33215',b'-295.34613',b'896.3246',b'609.3449',b'-268.89224',b'1001.95825',b'573.88214',b'-11.791202',b'940.36115',b'575.08734',b'11.697709',b'1013.6222',b'710.0361',b'-52.15124',b'927.6052',b'712.59937',b'-17.704191',b'1021.5174',b'831.694',b'145.12088',b'930.2862',b'834.4315',b'161.63702',b'1018.7269',b'834.3799',b'154.28683',b'934.1446',b'837.3002',b'170.06485',b'1020.4439',b'871.574',b'-9.489044',b'926.0385',b'874.82416',b'6.5671496'
image_074.jpg,b'965.86304',b'339.11047',b'-421.8392',b'973.78467',b'329.1074',b'-406.15268',b'979.1089',b'329.38782',b'-406.1941',b'983.5056',b'329.9081',b'-406.26407',b'959.3737',b'329.66827',b'-403.8392',b'955.673',b'330.13464',b'-403.9012',b'951.82416',b'330.58942',b'-403.98767',b'989.24536',b'336.64777',b'-284.1593',b'946.9965',b'338.34528',b'-272.64676',b'977.77325',b'352.57956',b'-374.11987',b'957.8263',b'353.26987',b'-371.07745',b'1029.4602',b'412.18936',b'-192.14528',b'915.4684',b'417.08554',b'-162.15524',b'1036.9382',b'507.41208',b'-145.30647',b'909.4145',b'507.28192',b'-102.456314',b'1043.6317',b'591.31165',b'-248.32617',b'894.00586',b'593.7456',b'-212.4257',b'1048.435',b'612.80176',b'-284.01096',b'890.3125',b'617.1003',b'-245.33235',b'1041.8219',b'611.6354',b'-323.52692',b'895.336',b'615.985',b'-290.04495',b'1038.3102',b'604.58594',b'-265.07605',b'898.2646',b'608.31067',b'-232.06584',b'1003.9613',b'573.9794',b'-10.638056',b'942.14685',b'574.8689',b'10.513817',b'1013.031',b'712.4371',b'-51.669815',b'928.7764',b'712.99756',b'-25.419691',b'1023.5984',b'823.7517',b'155.54617',b'927.118',b'826.1898',b'157.70782',b'1021.2886',b'824.5956',b'165.9815',b'937.00946',b'845.0678',b'166.72267',b'1023.21326',b'866.87384',b'6.3521876',b'921.6786',b'872.62067',b'5.557945'
image_075.jpg,b'966.3978',b'338.21658',b'-423.47275',b'974.26825',b'328.78555',b'-407.10397',b'979.49774',b'329.25916',b'-407.14166',b'984.06805',b'329.92072',b'-407.2043',b'960.03217',b'329.00296',b'-405.43164',b'956.3373',b'329.49002',b'-405.5',b'952.41284',b'330.00858',b'-405.59644',b'989.7797',b'337.0803',b'-282.81134',b'947.5703',b'338.69162',b'-274.38977',b'978.34033',b'352.35678',b'-375.13623',b'958.2344',b'353.04706',b'-372.9596',b'1029.9727',b'412.72415',b'-186.71196',b'915.6283',b'417.0869',b'-168.48026',b'1037.6079',b'507.67398',b'-141.89572',b'908.8897',b'507.63446',b'-110.453636',b'1043.5413',b'591.69666',b'-253.85905',b'894.29144',b'595.0654',b'-219.43509',b'1047.869',b'613.1545',b'-291.0376',b'891.17633',b'618.14136',b'-253.39108',b'1041.6508',b'612.1041',b'-330.8135',b'896.81726',b'617.13586',b'-297.9197',b'1038.1929',b'605.043',b'-271.0811',b'899.469',b'609.36414',b'-238.82104',b'1003.07166',b'573.1403',b'-4.6477942',b'941.2601',b'574.476',b'4.525401',b'1013.88556',b'711.77466',b'-40.642345',b'928.13965',b'712.8641',b'-25.241453',b'1022.17944',b'826.69824',b'163.25156',b'927.3835',b'829.2208',b'156.84142',b'1018.8429',b'828.0999',b'173.32175',b'930.5933',b'830.4489',b'165.53003',b'1024.5286',b'866.5603',b'11.921989',b'923.3154',b'872.3541',b'0.93498236'
image_076.jpg,b'968.71594',b'339.49628',b'-424.87064',b'975.9217',b'329.35507',b'-408.33667',b'980.88',b'329.75568',b'-408.386',b'984.944',b'330.36636',b'-408.4586',b'961.8029',b'329.56827',b'-406.43488',b'957.8328',b'330.02927',b'-406.49695',b'954.3929',b'330.54724',b'-406.5853',b'989.45386',b'337.10583',b'-284.1507',b'948.6856',b'338.30402',b'-274.62003',b'979.53265',b'352.99002',b'-376.67636',b'960.03796',b'353.53284',b'-374.2155',b'1029.7107',b'412.894',b'-194.1804',b'915.913',b'416.33902',b'-166.05627',b'1038.268',b'507.665',b'-152.44766',b'908.3315',b'507.419',b'-112.75797',b'1045.0394',b'592.88367',b'-259.0504',b'894.5124',b'594.83624',b'-225.35156',b'1047.9075',b'615.3253',b'-296.9506',b'890.91125',b'617.3773',b'-259.8415',b'1041.6165',b'613.3702',b'-336.19943',b'896.1257',b'616.2401',b'-304.35107',b'1038.795',b'605.8661',b'-275.97293',b'898.8106',b'608.6473',b'-244.98116',b'1003.1457',b'575.40155',b'-11.100556',b'941.97',b'576.9642',b'11.009503',b'1013.36426',b'713.19586',b'-41.82495',b'927.2904',b'715.16656',b'-12.97754',b'1022.2',b'828.4952',b'156.81514',b'928.55774',b'830.7797',b'166.29805',b'1018.1052',b'829.9975',b'166.40576',b'933.5858',b'832.2566',b'174.91582',b'1024.5787',b'868.7069',b'7.6028295',b'921.8816',b'873.09',b'14.56092'
image_077.jpg,b'966.86475',b'338.2497',b'-429.77853',b'974.7179',b'328.30527',b'-413.2185',b'979.9563',b'328.61823',b'-413.26044',b'984.38666',b'329.22098',b'-413.32812',b'960.3431',b'328.89706',b'-411.4153',b'956.56055',b'329.41013',b'-411.4797',b'952.74414',b'329.91275',b'-411.56406',b'989.7385',b'336.47144',b'-288.75732',b'947.59924',b'338.15143',b'-280.03412',b'978.7937',b'352.34216',b'-381.48315',b'958.5374',b'353.08197',b'-379.23572',b'1030.3053',b'412.8914',b'-195.31837',b'915.5854',b'417.6493',b'-172.73943',b'1038.3488',b'507.4233',b'-150.92332',b'909.1335',b'508.1589',b'-117.42568',b'1044.8307',b'592.5406',b'-256.59167',b'894.46466',b'595.0269',b'-227.57509',b'1048.1011',b'615.30237',b'-293.35843',b'890.42914',b'618.1035',b'-261.59625',b'1041.5627',b'613.4829',b'-332.61008',b'895.6808',b'617.0867',b'-305.75888',b'1038.5287',b'605.75507',b'-273.4119',b'898.7755',b'609.49176',b'-246.97919',b'1002.75134',b'574.00714',b'-6.958293',b'941.6266',b'575.42957',b'6.843062',b'1013.511',b'712.56036',b'-39.7092',b'927.3558',b'714.2285',b'-20.846893',b'1021.7655',b'829.55896',b'163.55963',b'928.4013',b'831.81085',b'163.36876',b'1018.063',b'831.0702',b'173.58904',b'933.1883',b'833.27325',b'172.34523',b'1025.7898',b'868.19055',b'14.000544',b'923.97345',b'874.02075',b'10.016584'
image_078.jpg,b'967.82477',b'339.08112',b'-448.28876',b'975.6239',b'329.1944',b'-432.4795',b'980.87274',b'329.57767',b'-432.51825',b'985.07275',b'330.2358',b'-432.6031',b'960.9558',b'329.28357',b'-430.42465',b'957.0331',b'329.7197',b'-430.49417',b'953.30133',b'330.0745',b'-430.5745',b'990.4952',b'336.9248',b'-305.7893',b'948.1631',b'338.14215',b'-295.97296',b'979.71075',b'353.00983',b'-398.55692',b'958.9988',b'353.82184',b'-396.00043',b'1030.6089',b'413.21466',b'-207.2547',b'916.33484',b'416.16415',b'-182.43945',b'1037.8411',b'508.54968',b'-158.93726',b'909.7232',b'506.2677',b'-126.7793',b'1046.2876',b'592.84955',b'-261.59174',b'894.5993',b'593.67944',b'-238.7886',b'1048.6664',b'615.199',b'-298.7011',b'891.2562',b'617.1054',b'-273.20035',b'1042.4365',b'612.8609',b'-338.8982',b'896.1055',b'616.05566',b'-317.79837',b'1039.7589',b'605.40955',b'-278.75757',b'899.0431',b'608.17993',b'-258.34238',b'1004.42725',b'573.7209',b'-9.278119',b'942.4342',b'575.3203',b'9.165774',b'1014.93933',b'714.4657',b'-49.907207',b'928.89905',b'715.9463',b'-19.678507',b'1023.4766',b'829.54767',b'155.23659',b'928.1138',b'830.742',b'164.83296',b'1020.3692',b'830.68933',b'165.50143',b'931.7666',b'832.2865',b'173.93738',b'1025.5161',b'870.1284',b'4.7819285',b'922.0705',b'873.79456',b'11.19765'
image_079.jpg,b'961.46277',b'352.83276',b'-440.24573',b'968.94116',b'339.29285',b'-425.6041',b'973.5228',b'339.13892',b'-425.62802',b'976.90076',b'339.06842',b'-425.69516',b'953.9105',b'340.1181',b'-426.02905',b'949.11804',b'340.42285',b'-426.10382',b'945.7977',b'340.86676',b'-426.1716',b'983.0205',b'343.6079',b'-295.52396',b'940.74255',b'346.15695',b'-297.31207',b'972.8081',b'364.26773',b'-387.88608',b'952.999',b'365.17535',b'-388.65686',b'1023.01117',b'415.9794',b'-179.28972',b'909.3961',b'419.0188',b'-192.48364',b'1032.6558',b'510.88895',b'-124.35419',b'905.8013',b'509.92453',b'-140.75977',b'1037.9762',b'593.1912',b'-238.18338',b'896.7073',b'595.02905',b'-254.8556',b'1039.2745',b'616.07477',b'-276.9793',b'896.81714',b'619.4736',b'-292.16818',b'1031.0009',b'613.29877',b'-315.56564',b'904.845',b'616.6143',b'-334.0979',b'1027.8958',b'605.3222',b'-255.13939',b'906.63947',b'608.09015',b'-272.64905',b'999.4093',b'573.21967',b'2.290028',b'935.4561',b'574.51544',b'-2.3634937',b'1012.5956',b'711.06396',b'-28.082907',b'930.5687',b'714.0209',b'-29.317665',b'1023.5598',b'831.84576',b'142.40808',b'927.96906',b'833.3148',b'128.79756',b'1019.2209',b'833.30304',b'149.60649',b'931.75256',b'835.5859',b'135.54189',b'1028.7351',b'865.2001',b'-6.5970426',b'928.6309',b'874.65936',b'-27.660652'
image_080.jpg,b'962.697',b'355.27734',b'-467.18332',b'970.0016',b'341.0805',b'-453.22',b'974.44495',b'340.80637',b'-453.2539',b'977.73456',b'340.57404',b'-453.3463',b'955.0379',b'341.8446',b'-453.25354',b'950.2236',b'341.89557',b'-453.32986',b'946.57336',b'342.2042',b'-453.3937',b'983.83716',b'344.6479',b'-321.55634',b'941.2808',b'347.0001',b'-321.45306',b'973.4649',b'366.5045',b'-413.7266',b'954.3766',b'367.14594',b'-413.96',b'1023.26074',b'415.8914',b'-203.76697',b'908.95056',b'419.30026',b'-209.86234',b'1032.9486',b'510.7003',b'-151.2177',b'905.7758',b'510.48892',b'-162.79274',b'1038.2279',b'593.9978',b'-262.16696',b'897.2976',b'595.9488',b'-280.05923',b'1038.7817',b'616.7953',b'-302.32715',b'897.76245',b'620.72687',b'-318.4023',b'1030.4078',b'613.31934',b'-341.31174',b'905.28156',b'617.4983',b'-360.3114',b'1027.4728',b'605.1902',b'-279.1974',b'907.05493',b'609.0458',b'-297.88196',b'999.327',b'573.1209',b'-3.132756',b'934.6177',b'574.20605',b'3.092666',b'1012.67346',b'710.25995',b'-34.822876',b'930.3',b'713.728',b'-24.068787',b'1022.3077',b'830.5736',b'132.50806',b'929.1035',b'833.3764',b'135.76762',b'1016.6297',b'832.941',b'139.51889',b'935.51874',b'835.2301',b'142.9938',b'1029.6362',b'865.2414',b'-14.292321',b'926.83014',b'873.4071',b'-15.616323'
image_081.jpg,b'965.0933',b'350.6231',b'-460.26498',b'971.312',b'337.37485',b'-445.7641',b'975.2273',b'337.05505',b'-445.79147',b'979.02545',b'336.8439',b'-445.8695',b'956.52576',b'338.75925',b'-446.51514',b'951.39886',b'339.61642',b'-446.5925',b'946.69507',b'340.39243',b'-446.65836',b'985.13904',b'340.9972',b'-316.9009',b'940.91785',b'345.79517',b'-320.44955',b'974.85834',b'361.8245',b'-408.41833',b'955.89307',b'364.1011',b'-409.67657',b'1023.6605',b'416.90134',b'-202.16284',b'910.3618',b'419.75958',b'-207.1351',b'1038.5623',b'507.9142',b'-139.92928',b'899.38116',b'510.2343',b'-151.91907',b'1049.3009',b'593.0151',b'-232.68016',b'888.6623',b'599.44165',b'-254.81497',b'1054.0527',b'615.8338',b'-263.97452',b'885.91797',b'622.20667',b'-285.8062',b'1048.0403',b'613.9753',b'-303.39517',b'890.23267',b'620.5158',b'-329.29816',b'1043.9703',b'607.19696',b'-249.43483',b'892.9893',b'613.5673',b'-273.1606',b'1000.8759',b'574.0681',b'-1.4035759',b'938.54645',b'576.5017',b'1.2874959',b'1012.3383',b'711.27924',b'-38.884235',b'932.1002',b'712.4041',b'-26.799667',b'1020.93066',b'823.7224',b'140.45508',b'928.6615',b'828.3818',b'135.6993',b'1017.7325',b'824.9532',b'148.2944',b'930.7997',b'829.3207',b'142.70665',b'1028.7312',b'863.6339',b'-5.0877457',b'926.65344',b'872.8391',b'-16.324387'
image_082.jpg,b'967.16986',b'331.6179',b'-409.371',b'975.65686',b'323.69797',b'-391.81982',b'980.93195',b'324.75177',b'-391.8715',b'985.45764',b'326.00638',b'-391.9728',b'961.76996',b'323.70453',b'-391.34653',b'957.7625',b'324.67096',b'-391.4212',b'953.6997',b'325.91614',b'-391.52805',b'991.7425',b'334.6321',b'-279.44034',b'947.4928',b'336.9881',b'-275.7752',b'978.88995',b'345.50742',b'-366.9622',b'958.8778',b'346.00183',b'-366.05432',b'1029.8458',b'410.47238',b'-193.2762',b'916.2548',b'412.1466',b'-201.00945',b'1040.5352',b'507.88098',b'-166.66397',b'909.42224',b'505.92508',b'-171.75932',b'1048.488',b'592.34247',b'-260.01675',b'897.07214',b'590.5214',b'-264.9802',b'1051.3154',b'610.697',b'-296.6298',b'893.5461',b'611.592',b'-296.39307',b'1042.9127',b'608.9426',b'-324.52533',b'900.523',b'610.6913',b'-335.903',b'1039.6113',b'603.5683',b'-273.18735',b'903.59454',b'604.2484',b'-281.8723',b'1004.4296',b'564.1721',b'-2.331024',b'944.61273',b'566.9441',b'2.1560943',b'1012.0665',b'701.75586',b'-48.039066',b'929.161',b'704.95337',b'-13.85696',b'1024.0381',b'775.9564',b'172.30177',b'921.9069',b'793.63196',b'197.2466',b'1019.8802',b'804.4491',b'185.63625',b'924.8341',b'808.41437',b'210.68195',b'1033.7976',b'834.041',b'48.450535',b'912.5917',b'829.4771',b'64.51607'
image_083.jpg,b'971.5243',b'332.8469',b'-421.36588',b'980.23615',b'325.10202',b'-402.67667',b'985.6294',b'325.9104',b'-402.7328',b'989.893',b'326.9121',b'-402.84183',b'965.1914',b'324.32123',b'-402.014',b'961.2068',b'324.64645',b'-402.0708',b'957.0855',b'325.21152',b'-402.17218',b'995.3685',b'335.52573',b'-283.81378',b'950.5912',b'334.77753',b'-280.4163',b'982.42426',b'347.36914',b'-376.58533',b'962.964',b'347.18555',b'-375.80945',b'1031.2485',b'411.06378',b'-201.52626',b'917.67236',b'414.50677',b'-195.88458',b'1040.1089',b'507.38583',b'-176.30928',b'910.80664',b'504.88696',b'-169.68474',b'1050.71',b'592.29456',b'-270.81558',b'900.1057',b'592.31024',b'-270.46255',b'1054.1733',b'612.8577',b'-308.81985',b'895.861',b'614.1727',b'-306.23834',b'1044.3154',b'611.9585',b'-340.22952',b'903.66034',b'613.698',b'-345.09003',b'1040.7902',b'606.1409',b'-285.2435',b'907.0561',b'607.4348',b'-287.82745',b'1007.7023',b'568.7439',b'-8.140588',b'944.6622',b'570.0405',b'7.9623456',b'1015.02',b'703.43',b'-50.73941',b'931.44086',b'706.138',b'-20.192427',b'1020.27045',b'781.39526',b'194.75018',b'923.5806',b'781.701',b'217.02014',b'1024.9299',b'807.85205',b'210.33965',b'942.18726',b'810.66766',b'233.06667',b'1035.5311',b'840.2762',b'67.65694',b'926.34344',b'835.29236',b'87.541756'
image_084.jpg,b'971.9483',b'332.55988',b'-399.28384',b'980.4411',b'325.19568',b'-379.82843',b'985.716',b'326.21155',b'-379.88678',b'990.0042',b'327.24225',b'-379.978',b'965.9025',b'323.99133',b'-379.3453',b'962.1143',b'324.27573',b'-379.39304',b'957.98083',b'324.77286',b'-379.49417',b'995.4223',b'335.37653',b'-255.52402',b'952.34106',b'335.01218',b'-252.1597',b'983.7064',b'347.366',b'-352.376',b'962.9713',b'346.6153',b'-351.5945',b'1032.7175',b'412.91782',b'-171.52193',b'918.31226',b'414.74164',b'-163.99834',b'1042.0963',b'508.06024',b'-148.00737',b'910.54193',b'503.71188',b'-136.22966',b'1052.2957',b'593.511',b'-268.5702',b'900.5072',b'594.67065',b'-250.55452',b'1053.4839',b'615.22766',b'-311.96936',b'899.42975',b'618.24976',b'-289.09906',b'1043.8118',b'612.057',b'-346.15372',b'906.34686',b'615.71765',b'-330.03726',b'1041.1486',b'606.45337',b'-284.71088',b'908.52405',b'609.17194',b'-269.01315',b'1008.5482',b'574.75354',b'-8.275829',b'943.82837',b'574.9139',b'8.135969',b'1015.31055',b'714.12195',b'-34.301643',b'928.95624',b'713.00195',b'-12.409866',b'1023.8878',b'801.10364',b'189.97034',b'926.66614',b'820.0995',b'200.99222',b'1021.9103',b'829.281',b'202.85516',b'932.863',b'836.07056',b'213.92702',b'1031.4698',b'860.96',b'49.62174',b'913.4036',b'858.2274',b'58.432926'
image_085.jpg,b'971.27313',b'334.62848',b'-388.78564',b'979.74976',b'326.1245',b'-370.59708',b'984.99115',b'326.83875',b'-370.6534',b'989.4602',b'327.77',b'-370.73157',b'964.93616',b'325.68137',b'-370.1944',b'961.2007',b'326.04816',b'-370.2452',b'956.97217',b'326.5618',b'-370.34653',b'994.7579',b'335.8771',b'-248.30118',b'951.3056',b'335.19925',b'-245.15494',b'982.67706',b'348.79898',b'-342.14334',b'962.5908',b'348.36987',b'-341.48526',b'1032.5476',b'412.80692',b'-160.89404',b'917.7439',b'414.74255',b'-155.06615',b'1040.1809',b'507.26407',b'-125.89938',b'911.76855',b'503.4465',b'-115.30987',b'1049.8483',b'593.3132',b'-239.71939',b'901.18964',b'593.54895',b'-224.24252',b'1051.5155',b'614.88776',b'-279.7115',b'898.9095',b'617.06146',b'-260.21146',b'1043.0675',b'611.65643',b'-315.41486',b'906.27325',b'615.34045',b'-302.3191',b'1040.2958',b'605.5826',b'-256.07874',b'908.875',b'609.3767',b'-242.87625',b'1006.44995',b'574.6231',b'-5.6020765',b'943.0915',b'574.37524',b'5.4738092',b'1014.9187',b'713.996',b'-34.987038',b'928.88654',b'714.5589',b'-11.78444',b'1022.6865',b'806.1209',b'182.10446',b'923.48096',b'805.13196',b'186.53859',b'1018.5906',b'831.45917',b'193.99998',b'929.23804',b'837.4383',b'197.796',b'1027.2174',b'865.0668',b'38.677235',b'913.08636',b'861.4567',b'40.388485'
image_086.jpg,b'969.9787',b'335.06998',b'-401.6107',b'978.3507',b'326.2304',b'-383.9816',b'983.6952',b'326.87848',b'-384.03937',b'987.75696',b'327.64404',b'-384.10947',b'963.2938',b'326.08987',b'-382.3618',b'959.4078',b'326.57776',b'-382.4141',b'955.53827',b'327.22696',b'-382.51883',b'993.67804',b'335.30893',b'-262.52206',b'950.3338',b'336.4345',b'-254.29753',b'982.2295',b'349.0934',b'-355.06964',b'961.1742',b'349.71155',b'-352.98517',b'1031.9718',b'412.3611',b'-177.88083',b'917.04034',b'415.6137',b'-154.05127',b'1040.5409',b'508.204',b'-140.2026',b'909.2436',b'506.1712',b'-109.51284',b'1046.4241',b'594.42975',b'-250.15395',b'901.34595',b'594.9329',b'-222.0464',b'1049.3961',b'616.63367',b'-289.33234',b'899.29144',b'618.1409',b'-257.0788',b'1042.3531',b'614.3296',b'-326.02646',b'904.27246',b'616.63306',b'-299.55344',b'1038.4001',b'608.6109',b'-266.38376',b'906.84485',b'610.1162',b'-240.81679',b'1007.7015',b'574.43207',b'-12.965065',b'943.3405',b'574.8292',b'12.857351',b'1014.38837',b'710.17267',b'-42.325577',b'928.87256',b'716.1691',b'-12.596262',b'1023.8592',b'804.55536',b'171.86378',b'931.296',b'825.4927',b'181.9508',b'1021.31836',b'831.3485',b'183.1549',b'938.16785',b'841.50195',b'192.62538',b'1027.7454',b'865.15076',b'28.823994',b'917.9574',b'866.3251',b'36.55522'
image_087.jpg,b'969.91205',b'334.96707',b'-398.84607',b'978.5117',b'325.82648',b'-381.5294',b'983.9914',b'326.31473',b'-381.59683',b'988.21155',b'327.05206',b'-381.66556',b'963.3605',b'325.5389',b'-379.0566',b'959.50037',b'325.78418',b'-379.1041',b'955.3946',b'326.17163',b'-379.19894',b'994.11176',b'335.13702',b'-262.29297',b'950.18335',b'334.66394',b'-249.9885',b'981.9413',b'349.84808',b'-353.2283',b'961.2815',b'349.81848',b'-349.9731',b'1033.0607',b'412.8889',b'-182.71414',b'917.0239',b'415.99002',b'-146.23105',b'1040.6906',b'508.00848',b'-148.85475',b'910.4442',b'506.89102',b'-97.5822',b'1046.1018',b'590.7304',b'-258.70978',b'900.31396',b'595.2123',b'-209.6937',b'1049.6522',b'614.29333',b'-298.16476',b'899.0481',b'618.58997',b'-244.8097',b'1042.0338',b'611.9119',b'-335.67856',b'905.456',b'617.03406',b'-287.07626',b'1038.2795',b'605.0518',b'-275.03165',b'907.4714',b'609.3744',b'-228.58582',b'1006.7268',b'574.8572',b'-16.76763',b'944.2482',b'575.16345',b'16.672514',b'1014.0731',b'710.6366',b'-35.955853',b'929.6687',b'715.00275',b'-1.3851196',b'1022.90106',b'814.0982',b'164.19005',b'925.69244',b'815.5531',b'177.89912',b'1023.1336',b'833.9684',b'174.03406',b'936.254',b'846.5811',b'186.82317',b'1027.8018',b'867.7193',b'19.695862',b'914.3504',b'870.8661',b'31.00728'
image_088.jpg,b'972.60486',b'335.85703',b'-389.03104',b'980.7723',b'327.04153',b'-371.69287',b'985.9115',b'327.75656',b'-371.75934',b'989.7195',b'328.56284',b'-371.82993',b'965.84436',b'326.18393',b'-369.56076',b'961.6686',b'326.46832',b'-369.6069',b'957.9425',b'326.89484',b'-369.69565',b'994.8922',b'335.9232',b'-252.3971',b'952.1255',b'336.18265',b'-241.55148',b'984.0509',b'350.31125',b'-343.35837',b'963.3516',b'350.43137',b'-340.5532',b'1033.0331',b'412.565',b'-173.25668',b'918.5075',b'414.8635',b'-139.80836',b'1041.3115',b'507.6515',b'-136.78337',b'911.09247',b'505.5257',b'-91.78878',b'1049.2511',b'592.50616',b'-245.4649',b'900.6154',b'592.8747',b'-206.48148',b'1051.0951',b'614.9239',b'-284.68668',b'898.73114',b'616.63574',b'-241.77959',b'1042.955',b'612.58673',b'-322.02853',b'905.4063',b'615.8327',b'-284.43478',b'1040.1051',b'606.19385',b'-261.77008',b'907.89825',b'608.8908',b'-225.61664',b'1007.32635',b'576.0625',b'-15.769546',b'944.1301',b'576.05225',b'15.684092',b'1014.5558',b'712.52325',b'-33.233917',b'928.3606',b'716.8902',b'4.5537996',b'1021.4473',b'812.617',b'162.91481',b'924.87585',b'813.99347',b'178.85294',b'1023.7747',b'834.59973',b'172.39775',b'932.65247',b'846.46643',b'187.30301',b'1028.9078',b'867.79694',b'17.829012',b'912.0036',b'869.7721',b'30.876003'
image_089.jpg,b'970.1902',b'336.53516',b'-393.27637',b'978.71246',b'327.54578',b'-375.82257',b'983.959',b'328.24463',b'-375.88498',b'988.01227',b'329.10977',b'-375.96088',b'963.7759',b'327.12524',b'-374.55466',b'959.7981',b'327.57162',b'-374.60547',b'955.74036',b'328.13968',b'-374.70966',b'993.7916',b'336.28162',b'-253.28407',b'950.42883',b'337.71344',b'-246.20547',b'982.79663',b'350.2042',b'-346.08838',b'961.33954',b'350.60867',b'-344.34988',b'1032.7103',b'412.41818',b'-165.80829',b'917.94946',b'415.70416',b'-147.93994',b'1040.9115',b'507.9823',b'-127.928154',b'910.8964',b'506.01022',b'-104.51023',b'1050.588',b'592.8726',b'-241.73184',b'901.2024',b'593.63525',b'-217.72534',b'1052.0338',b'615.348',b'-281.45355',b'899.41156',b'617.45984',b'-253.23721',b'1044.3287',b'612.38513',b'-318.9151',b'905.6804',b'615.7194',b'-296.47775',b'1041.5118',b'606.2901',b'-258.4765',b'908.1624',b'609.6567',b'-236.83116',b'1006.708',b'575.4831',b'-10.071483',b'943.9156',b'576.0852',b'9.976787',b'1015.6753',b'713.0337',b'-34.58162',b'929.83954',b'714.326',b'-1.0120056',b'1021.09656',b'806.0223',b'172.6557',b'925.77466',b'826.3533',b'183.56519',b'1022.7943',b'832.6526',b'183.32265',b'931.2058',b'843.1095',b'193.15152',b'1030.4635',b'865.8468',b'28.126543',b'912.0779',b'865.18066',b'34.776367'
image_090.jpg,b'965.14105',b'351.50543',b'-455.68094',b'972.5685',b'339.28693',b'-439.52954',b'976.83734',b'339.42792',b'-439.55865',b'980.641',b'339.73242',b'-439.63852',b'957.20514',b'339.51437',b'-439.4176',b'952.3497',b'340.0998',b'-439.49988',b'948.4081',b'340.79343',b'-439.57242',b'985.7682',b'345.69925',b'-310.01627',b'942.0836',b'347.6551',b'-308.94327',b'975.11523',b'364.68613',b'-404.5767',b'955.86523',b'366.20065',b'-404.57953',b'1022.0701',b'421.93515',b'-201.71805',b'908.86365',b'423.88876',b'-206.02173',b'1035.9641',b'515.4526',b'-152.32521',b'905.6633',b'516.43695',b'-161.28915',b'1041.4274',b'598.6167',b'-257.77908',b'902.29144',b'601.5296',b'-274.93524',b'1041.523',b'620.6043',b'-296.51',b'904.77856',b'627.4017',b'-313.20084',b'1034.572',b'616.3388',b'-334.13303',b'910.59094',b'623.8316',b'-353.0519',b'1031.8395',b'608.65045',b'-274.4631',b'912.1747',b'614.71094',b'-291.99353',b'1000.32117',b'578.4641',b'-4.392015',b'937.20276',b'580.3755',b'4.331505',b'1014.55786',b'712.1199',b'-34.505676',b'929.9625',b'716.85016',b'-12.210174',b'1023.2588',b'834.4834',b'150.55057',b'927.22986',b'836.06116',b'158.86009',b'1018.39154',b'837.8163',b'159.09601',b'933.7162',b'839.3059',b'166.96187',b'1027.7162',b'869.69037',b'3.8143663',b'924.0329',b'873.2309',b'8.100709'
image_091.jpg,b'962.80334',b'344.16202',b'-421.43945',b'970.1738',b'333.3832',b'-405.55414',b'974.60895',b'333.69125',b'-405.5878',b'978.1609',b'334.04266',b'-405.64206',b'955.18384',b'333.89914',b'-404.49805',b'950.39374',b'334.57913',b'-404.56464',b'946.88025',b'335.38168',b'-404.63614',b'983.96014',b'340.38358',b'-282.05048',b'940.5977',b'343.3295',b'-277.06354',b'973.6497',b'357.23416',b'-373.0867',b'953.3223',b'358.90897',b'-371.92795',b'1023.7755',b'415.69016',b'-186.03568',b'910.1964',b'419.5962',b'-170.324',b'1033.7852',b'509.615',b'-135.14954',b'906.1804',b'509.79102',b'-113.51307',b'1040.0894',b'593.64655',b'-237.86142',b'896.0015',b'597.98126',b'-223.81229',b'1042.6279',b'616.76355',b'-274.31937',b'896.6515',b'622.179',b'-258.0959',b'1034.6925',b'614.56866',b'-312.74994',b'903.5768',b'619.4853',b'-301.11084',b'1031.1436',b'606.3881',b'-254.3125',b'905.05707',b'611.03046',b'-242.46303',b'1004.2944',b'576.95',b'-6.9707484',b'939.6538',b'579.5375',b'6.9004846',b'1013.82513',b'714.9984',b'-35.790565',b'931.86017',b'716.1355',b'-16.412956',b'1020.5871',b'826.6241',b'154.54123',b'928.97296',b'830.4178',b'152.08167',b'1016.956',b'827.5526',b'163.3208',b'936.1393',b'849.8248',b'159.51303',b'1027.6381',b'870.8876',b'7.7913227',b'922.6441',b'877.3363',b'-1.0036882'
image_092.jpg,b'965.4332',b'338.4241',b'-396.59705',b'973.0868',b'329.29187',b'-379.6002',b'978.17633',b'329.6972',b'-379.64285',b'981.8352',b'330.17862',b'-379.70523',b'958.3784',b'329.45673',b'-377.76044',b'954.21014',b'330.0822',b'-377.81326',b'950.7508',b'330.78152',b'-377.90802',b'987.5817',b'337.22998',b'-261.71506',b'944.99316',b'339.551',b'-252.01938',b'977.2079',b'352.6538',b'-351.4355',b'957.21295',b'353.2009',b'-348.9291',b'1027.5083',b'412.4827',b'-179.87921',b'915.2858',b'416.18518',b'-153.06067',b'1036.9095',b'507.50494',b'-140.48837',b'907.78613',b'507.6153',b'-103.34056',b'1042.1863',b'590.7568',b'-241.03009',b'895.93616',b'593.4931',b'-206.92299',b'1046.6709',b'612.47565',b'-277.0031',b'894.581',b'617.9782',b'-241.2319',b'1039.0529',b'611.3374',b'-314.05338',b'900.90857',b'616.4304',b'-283.11008',b'1035.0479',b'604.7182',b'-256.85175',b'902.8273',b'607.859',b'-225.536',b'1002.95184',b'573.2956',b'-12.004476',b'941.6189',b'574.87494',b'11.831926',b'1014.0113',b'708.3005',b'-36.368702',b'927.82825',b'715.41956',b'-8.992599',b'1025.7062',b'816.31836',b'161.40846',b'926.3851',b'820.78546',b'165.59929',b'1026.7266',b'815.4681',b'171.22816',b'934.34735',b'845.2856',b'173.99738',b'1028.5111',b'863.28033',b'16.157253',b'916.79865',b'871.2488',b'16.924906'
image_093.jpg,b'966.46124',b'334.2598',b'-393.93265',b'974.39954',b'325.9883',b'-375.79034',b'979.4703',b'326.61453',b'-375.84985',b'982.9859',b'327.17175',b'-375.9328',b'958.9868',b'325.60666',b'-375.312',b'954.73126',b'326.07663',b'-375.36035',b'950.9516',b'326.77707',b'-375.45554',b'988.9826',b'334.80362',b'-254.95439',b'944.2743',b'336.2334',b'-251.9129',b'978.4305',b'349.1407',b'-347.87418',b'957.4243',b'349.47937',b'-347.24002',b'1028.1624',b'412.27548',b'-171.41737',b'915.02277',b'417.58936',b'-156.64604',b'1039.266',b'506.29364',b'-132.93652',b'907.8221',b'506.04465',b'-114.63073',b'1051.769',b'591.238',b'-234.35767',b'896.31964',b'593.53064',b'-221.05833',b'1052.8518',b'613.2777',b'-270.9707',b'893.2295',b'617.72284',b'-255.27322',b'1044.9196',b'610.90765',b'-305.75403',b'899.87476',b'615.9349',b'-296.7841',b'1042.5157',b'605.04645',b'-249.90068',b'902.7443',b'608.98206',b'-239.58713',b'1005.18994',b'574.34235',b'-11.032367',b'943.4706',b'575.5925',b'10.858066',b'1015.666',b'712.86487',b'-41.742813',b'928.0246',b'715.7978',b'-15.223846',b'1023.8544',b'799.5583',b'163.19583',b'922.9523',b'804.43427',b'176.18161',b'1027.4294',b'825.88586',b'173.95425',b'937.66394',b'832.3969',b'187.07591',b'1030.4467',b'860.02814',b'22.158043',b'922.0008',b'857.71484',b'35.940598'
image_094.jpg,b'966.3433',b'336.473',b'-415.80957',b'974.6954',b'327.56125',b'-399.03452',b'979.7745',b'328.2509',b'-399.08887',b'983.4843',b'328.95306',b'-399.16818',b'959.0709',b'327.3278',b'-397.47836',b'954.8661',b'327.8906',b'-397.5332',b'951.11774',b'328.61743',b'-397.6192',b'989.83154',b'336.3749',b'-279.61356',b'945.2132',b'337.2689',b'-271.8605',b'978.26794',b'351.3645',b'-369.7094',b'957.4411',b'351.23734',b'-367.73114',b'1028.226',b'413.19016',b'-193.39238',b'915.21735',b'418.9056',b'-167.40297',b'1036.9106',b'506.956',b'-148.80002',b'909.6928',b'508.28018',b'-118.84666',b'1041.962',b'589.01025',b'-238.6902',b'896.2942',b'594.73065',b'-222.28575',b'1048.2062',b'611.8665',b'-273.65863',b'896.29944',b'618.96936',b'-255.14256',b'1040.9261',b'609.8342',b'-309.68173',b'902.82806',b'617.7443',b'-296.1879',b'1036.3237',b'602.93854',b'-254.14693',b'903.92773',b'610.63025',b'-240.36249',b'1004.8207',b'573.7401',b'-14.018649',b'943.8475',b'574.75555',b'13.865487',b'1013.9235',b'711.9884',b'-39.299923',b'929.16907',b'712.41077',b'-7.632681',b'1023.7',b'806.77545',b'168.26593',b'924.1042',b'808.3187',b'177.96628',b'1026.2407',b'824.25635',b'179.3426',b'929.4348',b'836.08636',b'188.21373',b'1029.5562',b'858.37604',b'30.67941',b'910.54407',b'860.05365',b'37.083237'
image_095.jpg,b'965.3587',b'336.79047',b'-389.80453',b'973.54944',b'327.4815',b'-372.7606',b'978.50073',b'328.0788',b'-372.82117',b'982.17444',b'328.76233',b'-372.8924',b'958.4911',b'327.5595',b'-371.71277',b'954.19226',b'328.14615',b'-371.76538',b'950.38354',b'328.92596',b'-371.87463',b'988.42474',b'336.0531',b'-254.27399',b'944.52844',b'337.57193',b'-248.52414',b'977.1103',b'351.61182',b'-344.27826',b'956.7597',b'351.6932',b'-342.8894',b'1027.8387',b'412.7203',b'-171.42477',b'915.27216',b'418.76865',b'-150.83002',b'1036.3291',b'505.95505',b'-130.62936',b'908.8444',b'509.77106',b'-106.559166',b'1043.6066',b'589.78485',b'-224.69197',b'897.92554',b'596.2887',b'-210.34706',b'1051.535',b'610.929',b'-260.28506',b'895.93695',b'619.7363',b'-243.06247',b'1043.7614',b'609.9697',b'-296.0294',b'901.3474',b'618.1177',b'-285.52008',b'1038.6459',b'603.8234',b'-240.4578',b'903.61633',b'610.6794',b'-229.11337',b'1005.4914',b'573.9713',b'-11.898223',b'945.4712',b'575.00354',b'11.7460375',b'1015.65344',b'714.17004',b'-34.80804',b'930.8349',b'712.4943',b'-5.818838',b'1021.8117',b'805.0462',b'170.0456',b'922.8173',b'807.1121',b'180.38313',b'1025.8163',b'825.62537',b'180.64883',b'929.1071',b'836.3593',b'190.55684',b'1027.7383',b'859.8983',b'28.158787',b'911.54364',b'859.74976',b'37.39093'
image_096.jpg,b'967.0192',b'339.76587',b'-408.1429',b'975.1917',b'329.87396',b'-392.73993',b'979.9752',b'330.16394',b'-392.79346',b'983.6602',b'330.50165',b'-392.8695',b'959.636',b'330.36142',b'-390.63928',b'955.25525',b'330.99313',b'-390.69635',b'951.6156',b'331.74643',b'-390.79266',b'990.03894',b'336.88748',b'-278.01837',b'945.5672',b'339.96307',b'-268.03223',b'978.45575',b'353.54434',b'-363.54938',b'958.6841',b'354.77747',b'-360.9567',b'1029.1537',b'413.17102',b'-193.87218',b'916.4491',b'417.79062',b'-163.69391',b'1038.5648',b'506.65256',b'-149.22148',b'908.88696',b'508.32895',b'-115.80814',b'1045.4087',b'590.7531',b'-231.98853',b'897.2531',b'593.0499',b'-215.44414',b'1051.5328',b'612.35944',b'-264.20346',b'893.5678',b'618.68066',b'-246.20119',b'1044.34',b'610.77686',b'-300.0871',b'900.14355',b'617.6461',b'-286.19162',b'1039.927',b'604.4869',b'-247.07416',b'903.2846',b'610.0691',b'-232.8822',b'1005.5535',b'571.9061',b'-14.742428',b'944.4644',b'572.7933',b'14.578481',b'1016.50885',b'709.5047',b'-40.995876',b'929.9509',b'711.31665',b'-7.75383',b'1023.07513',b'803.0157',b'155.14482',b'923.02386',b'806.3302',b'166.64594',b'1027.723',b'822.06104',b'165.19484',b'934.4666',b'834.59357',b'175.81133',b'1031.306',b'856.8997',b'19.834763',b'915.82263',b'859.3932',b'27.711582'
image_097.jpg,b'966.42725',b'335.48312',b'-382.76938',b'974.5745',b'327.0622',b'-365.5402',b'979.3583',b'327.62177',b'-365.6089',b'982.90247',b'328.14468',b'-365.68054',b'959.2219',b'326.86536',b'-363.89157',b'954.7138',b'327.42682',b'-363.93942',b'951.1141',b'328.10703',b'-364.04156',b'989.3412',b'335.3674',b'-248.79796',b'944.723',b'336.73563',b'-240.68579',b'978.3749',b'350.27383',b'-338.15668',b'957.2406',b'350.55505',b'-336.1125',b'1028.7305',b'413.01352',b'-170.46472',b'915.8219',b'418.0908',b'-142.25525',b'1037.4677',b'506.894',b'-130.71284',b'909.25183',b'508.72284',b'-99.22468',b'1046.6626',b'589.65295',b'-223.7946',b'897.78754',b'594.1441',b'-207.34637',b'1050.9531',b'611.4998',b'-259.20865',b'895.7236',b'619.36334',b'-240.93504',b'1042.5854',b'609.895',b'-294.75638',b'901.7669',b'618.0275',b'-282.09457',b'1039.1643',b'603.4924',b'-239.24872',b'904.3397',b'610.1005',b'-225.7575',b'1005.887',b'575.10364',b'-15.649272',b'945.1692',b'575.8507',b'15.520038',b'1014.4107',b'710.0299',b'-34.479393',b'930.23016',b'713.1712',b'-0.6036478',b'1023.0011',b'805.1488',b'160.85402',b'924.3059',b'808.3017',b'173.7545',b'1024.2429',b'827.49506',b'170.48949',b'933.8109',b'839.0225',b'182.65059',b'1026.4463',b'861.488',b'21.351933',b'914.4868',b'862.04675',b'31.636173'
image_098.jpg,b'967.04474',b'338.72794',b'-406.6325',b'975.11847',b'328.75482',b'-391.35883',b'979.77527',b'329.0684',b'-391.40924',b'983.6373',b'329.51285',b'-391.4897',b'959.71704',b'329.259',b'-388.25305',b'955.0616',b'329.97055',b'-388.308',b'951.4468',b'330.82672',b'-388.40433',b'990.0483',b'336.23102',b'-278.7947',b'945.3511',b'338.91364',b'-264.08704',b'978.3872',b'352.4925',b'-363.10873',b'958.5681',b'353.5362',b'-359.1401',b'1028.8652',b'412.6532',b'-200.65799',b'916.2035',b'417.06815',b'-159.13423',b'1037.4921',b'508.46466',b'-159.5115',b'908.6264',b'509.65982',b'-108.50613',b'1044.6287',b'591.95703',b'-241.43048',b'895.3283',b'594.2479',b'-206.7071',b'1047.2527',b'616.0061',b'-274.86545',b'891.24176',b'618.5439',b'-238.60689',b'1039.2302',b'614.7622',b'-310.9284',b'897.1853',b'617.4663',b'-278.35043',b'1035.9158',b'607.6286',b'-256.31277',b'900.1995',b'609.5756',b'-224.34077',b'1005.1355',b'573.7066',b'-17.797562',b'944.1009',b'574.84094',b'17.609842',b'1015.2377',b'710.3243',b'-41.91001',b'927.7359',b'715.45807',b'-3.957395',b'1026.2018',b'812.08',b'147.57721',b'925.6837',b'818.56213',b'164.33218',b'1028.9075',b'831.0546',b'156.96918',b'933.906',b'847.26825',b'172.66585',b'1029.9719',b'865.5981',b'9.873021',b'912.3447',b'872.0759',b'23.367804'
image_099.jpg,b'968.3868',b'339.8044',b'-433.32352',b'975.83234',b'329.8241',b'-416.56714',b'980.3271',b'330.10992',b'-416.61612',b'983.85223',b'330.39282',b'-416.69556',b'961.2587',b'329.9658',b'-414.54138',b'956.64325',b'330.4197',b'-414.6067',b'953.06964',b'330.9366',b'-414.70108',b'989.8356',b'336.68182',b'-292.08926',b'947.1715',b'337.7355',b'-282.22418',b'979.1591',b'354.05725',b'-385.0097',b'959.8765',b'354.74423',b'-382.47046',b'1029.512',b'413.52643',b'-202.77036',b'915.9741',b'416.97052',b'-170.51225',b'1038.0857',b'508.4936',b'-160.67455',b'908.8218',b'509.92123',b'-122.5616',b'1044.6766',b'591.19135',b'-257.43005',b'895.01953',b'596.23145',b'-235.46315',b'1049.8306',b'613.831',b'-294.06888',b'893.15234',b'620.9272',b'-271.06564',b'1042.6377',b'612.40125',b'-332.23273',b'897.4603',b'618.83813',b'-313.39136',b'1038.5405',b'604.99963',b'-273.75397',b'899.6792',b'610.2687',b'-254.18414',b'1004.8574',b'573.4706',b'-17.18467',b'942.6019',b'574.7626',b'17.042482',b'1013.3875',b'707.8856',b'-49.340656',b'928.7109',b'711.53723',b'-14.698637',b'1022.5151',b'825.30914',b'153.9649',b'928.0589',b'828.87714',b'165.30861',b'1022.7514',b'826.43854',b'164.12772',b'935.65076',b'848.14014',b'174.40631',b'1021.0232',b'868.6562',b'8.103369',b'917.5198',b'874.1521',b'17.623133'
image_100.jpg,b'960.76056',b'344.7739',b'-432.3379',b'967.0808',b'332.46075',b'-417.1607',b'971.23755',b'331.9239',b'-417.19553',b'975.0875',b'331.57196',b'-417.2555',b'953.0881',b'334.59927',b'-415.25085',b'948.7084',b'335.47635',b'-415.33246',b'944.697',b'336.5093',b'-415.43448',b'982.54474',b'336.0232',b'-291.57785',b'940.551',b'343.28418',b'-281.82742',b'971.8557',b'356.2764',b'-382.7073',b'954.79285',b'360.14432',b'-380.18488',b'1026.6799',b'413.91302',b'-188.5572',b'914.2415',b'417.2297',b'-176.92029',b'1035.339',b'510.4977',b'-142.19283',b'906.77563',b'510.63248',b'-128.85886',b'1042.5725',b'593.40106',b'-246.11418',b'893.685',b'595.75134',b'-243.0421',b'1047.5876',b'615.12695',b'-282.34592',b'894.42676',b'620.8312',b'-279.0588',b'1040.2931',b'613.8459',b'-321.36166',b'900.3942',b'618.1356',b'-322.1111',b'1036.1144',b'606.3892',b'-263.05548',b'901.1418',b'609.41437',b'-261.85785',b'1000.71484',b'572.30664',b'-6.65115',b'939.20593',b'573.6447',b'6.553508',b'1012.58984',b'709.26044',b'-35.340553',b'927.8484',b'709.5701',b'-24.230223',b'1021.9094',b'828.5625',b'154.60054',b'928.2054',b'834.35284',b'147.2883',b'1018.09625',b'831.03613',b'163.3551',b'932.24335',b'836.4192',b'155.27162',b'1023.9148',b'865.4565',b'4.031075',b'921.7217',b'874.311',b'-6.332721'
