image_001.jpg,b'1024.8003',b'357.59207',b'-238.82281',b'1024.3536',b'347.19257',b'-208.99812',b'1026.3591',b'347.01645',b'-209.00278',b'1028.2607',b'346.866',b'-209.04909',b'1015.0201',b'347.92905',b'-226.21976',b'1010.602',b'348.38458',b'-226.2751',b'1005.79913',b'348.80954',b'-226.31795',b'1022.60754',b'352.19122',b'-44.725403',b'993.1344',b'354.53232',b'-125.32075',b'1027.3448',b'368.75818',b'-177.4137',b'1015.43164',b'368.4689',b'-200.80727',b'1043.2783',b'421.52768',b'114.72785',b'956.82684',b'424.5282',b'-114.16033',b'1048.0315',b'479.80338',b'197.96085',b'897.5974',b'496.73285',b'-279.49142',b'1069.8057',b'431.51947',b'159.80975',b'882.9272',b'418.54993',b'-508.66693',b'1073.8411',b'423.567',b'159.4523',b'877.12366',b'402.48618',b'-557.00745',b'1070.7848',b'420.14627',b'151.1063',b'882.11816',b'396.9946',b'-557.4671',b'1068.0156',b'424.17032',b'154.1936',b'886.77203',b'403.43716',b'-513.6759',b'1022.8698',b'594.2625',b'86.04582',b'973.4507',b'592.69104',b'-86.28221',b'1020.64557',b'724.9925',b'141.61801',b'950.7078',b'729.4196',b'-85.5616',b'1028.0334',b'844.92847',b'301.54587',b'946.32214',b'855.9524',b'28.358126',b'1017.83154',b'863.7424',b'310.39008',b'946.7767',b'873.43677',b'33.874027',b'1075.5887',b'880.13165',b'205.28194',b'980.75',b'897.8399',b'-113.47359'
image_002.jpg,b'1023.6073',b'360.6144',b'-231.38657',b'1023.4457',b'349.53412',b'-202.80052',b'1025.4445',b'349.17044',b'-202.79823',b'1027.3115',b'348.86185',b'-202.83246',b'1014.4876',b'350.7161',b'-219.1906',b'1010.23004',b'351.14218',b'-219.23822',b'1005.70795',b'351.43863',b'-219.26915',b'1022.3593',b'353.54077',b'-43.987602',b'993.77185',b'356.30994',b'-121.1124',b'1026.1285',b'371.2113',b'-172.02766',b'1014.93896',b'371.0186',b'-194.38432',b'1045.1531',b'421.77985',b'105.92574',b'956.88116',b'424.55054',b'-106.51572',b'1052.311',b'479.35498',b'151.27084',b'896.99774',b'496.67233',b'-263.59705',b'1070.5502',b'427.65686',b'75.99544',b'883.7544',b'419.18802',b'-483.78812',b'1073.0667',b'419.25165',b'67.98217',b'878.30853',b'401.3209',b'-530.6159',b'1070.235',b'415.27884',b'64.4749',b'883.579',b'395.77072',b'-529.81195',b'1067.9099',b'420.98175',b'71.40336',b'888.3997',b'402.57822',b'-487.893',b'1022.9323',b'595.46826',b'80.921684',b'972.79004',b'593.5138',b'-81.16884',b'1020.62805',b'725.20447',b'150.96783',b'950.9786',b'730.1423',b'-84.88094',b'1028.3076',b'845.00824',b'313.24988',b'947.4239',b'855.97034',b'16.510612',b'1017.6549',b'864.6482',b'322.73993',b'948.75287',b'873.5885',b'20.995361',b'1074.3058',b'879.27606',b'220.82733',b'974.5944',b'896.1765',b'-124.35855'
image_003.jpg,b'1029.201',b'361.8647',b'-245.45709',b'1027.762',b'350.5702',b'-219.54628',b'1029.162',b'350.11813',b'-219.59622',b'1030.4181',b'349.67178',b'-219.61539',b'1020.3718',b'351.6835',b'-234.98453',b'1016.35126',b'352.00412',b'-235.0298',b'1012.1442',b'352.38135',b'-235.04347',b'1023.8421',b'353.57266',b'-62.356705',b'998.8037',b'357.3778',b'-133.73578',b'1030.1392',b'372.17435',b'-185.64456',b'1021.16876',b'372.73367',b'-206.31367',b'1047.588',b'423.6226',b'73.33727',b'959.2054',b'424.56323',b'-94.20933',b'1054.13',b'490.03088',b'-64.5083',b'897.58246',b'496.59586',b'-220.13074',b'1076.8768',b'434.65155',b'-388.41907',b'877.56555',b'422.4607',b'-433.10892',b'1080.7551',b'423.45258',b'-439.13745',b'870.89685',b'406.17834',b'-478.75687',b'1076.381',b'420.41083',b'-437.9213',b'875.5839',b'399.8275',b'-480.65643',b'1074.8593',b'423.88205',b'-398.76996',b'880.0398',b'405.44644',b'-438.2049',b'1023.19934',b'594.7062',b'69.18123',b'974.224',b'592.771',b'-69.42404',b'1019.3956',b'725.5936',b'146.41795',b'952.41113',b'727.422',b'-68.91918',b'1028.13',b'843.87726',b'308.2899',b'949.5521',b'857.7619',b'31.510645',b'1015.10767',b'865.37024',b'317.56253',b'950.5396',b'875.8418',b'35.007523',b'1073.3455',b'878.03107',b'205.81332',b'975.7676',b'894.80255',b'-118.10212'
image_004.jpg,b'1026.2688',b'355.27042',b'-268.7841',b'1023.60034',b'345.0041',b'-239.71121',b'1024.9736',b'344.72736',b'-239.71552',b'1026.1531',b'344.45526',b'-239.71645',b'1016.0219',b'346.30878',b'-260.1602',b'1011.9452',b'347.11887',b'-260.2011',b'1007.7999',b'347.944',b'-260.1954',b'1018.59125',b'349.52237',b'-72.98982',b'994.45447',b'354.3044',b'-168.12697',b'1027.9169',b'366.5209',b'-205.73636',b'1017.73706',b'366.8417',b'-233.17075',b'1039.0715',b'424.10995',b'79.196556',b'955.40454',b'422.75027',b'-138.3099',b'1041.2205',b'492.24146',b'3.5135098',b'892.28705',b'494.22736',b'-290.6925',b'1072.4187',b'444.371',b'-257.16986',b'875.60205',b'414.27917',b'-509.6992',b'1075.4404',b'425.82147',b'-295.1792',b'871.9248',b'396.50522',b'-556.1392',b'1074.0205',b'421.9554',b'-298.38724',b'878.1438',b'389.09915',b'-552.14276',b'1071.5703',b'429.8096',b'-267.97955',b'881.5861',b'395.19235',b'-511.98468',b'1024.3613',b'594.43524',b'83.630745',b'975.85144',b'592.79803',b'-83.89586',b'1024.4225',b'723.26526',b'170.96045',b'955.66235',b'729.58844',b'-80.04996',b'1029.3522',b'843.47626',b'329.831',b'949.0277',b'860.3427',b'17.836803',b'1017.419',b'862.8859',b'338.5548',b'949.62354',b'878.05646',b'20.933907',b'1073.6475',b'879.4385',b'233.22772',b'979.1653',b'898.41376',b'-129.86856'
image_005.jpg,b'1030.9403',b'356.0601',b'-299.76636',b'1028.61',b'345.27026',b'-270.62592',b'1029.9885',b'345.17963',b'-270.66342',b'1031.2441',b'345.05063',b'-270.689',b'1020.73804',b'346.13846',b'-293.60858',b'1016.7588',b'346.89163',b'-293.68304',b'1012.31165',b'347.75204',b'-293.73114',b'1022.9748',b'350.59314',b'-99.6378',b'997.51764',b'355.66446',b'-205.19551',b'1033.7026',b'368.65237',b'-234.54764',b'1022.6281',b'368.38477',b'-265.10303',b'1042.5916',b'424.48618',b'66.39332',b'959.0921',b'424.30225',b'-183.24222',b'1040.7479',b'495.59494',b'9.230357',b'900.54364',b'494.87387',b'-356.0727',b'1073.2222',b'450.4267',b'-243.67218',b'884.38226',b'420.12143',b'-609.05994',b'1079.5908',b'440.16922',b'-280.81464',b'879.6643',b'405.20374',b'-664.2847',b'1078.0161',b'433.07922',b'-286.3371',b'884.90967',b'398.87305',b'-664.195',b'1072.355',b'438.065',b'-255.51233',b'888.76416',b'404.6939',b'-613.9462',b'1022.53784',b'596.2223',b'95.44201',b'973.21967',b'594.10364',b'-95.69887',b'1031.5402',b'721.3815',b'166.54639',b'962.7833',b'728.7404',b'-92.44779',b'1027.5151',b'843.2616',b'334.92548',b'947.9466',b'858.3446',b'17.334887',b'1017.73694',b'866.4194',b'344.3932',b'943.6972',b'878.9395',b'20.90545',b'1074.3284',b'876.5717',b'239.62065',b'980.41785',b'893.49756',b'-134.37106'
image_006.jpg,b'1025.6436',b'354.28012',b'-266.32834',b'1022.2777',b'345.70633',b'-236.05573',b'1023.55273',b'345.90036',b'-236.0808',b'1024.793',b'346.02213',b'-236.11157',b'1014.78',b'345.9148',b'-257.9486',b'1010.86536',b'346.53186',b'-258.01382',b'1006.23987',b'347.32172',b'-258.07925',b'1017.5164',b'352.02243',b'-68.45968',b'992.31915',b'354.79498',b'-169.23335',b'1028.4489',b'365.5156',b'-203.30144',b'1017.25305',b'366.04965',b'-232.49364',b'1034.4645',b'422.54538',b'97.791756',b'957.2224',b'423.323',b'-165.19926',b'1033.4506',b'493.25385',b'141.67108',b'896.59485',b'493.1472',b'-357.6282',b'1057.6511',b'463.49164',b'17.288427',b'888.0532',b'416.67676',b'-619.5792',b'1064.9',b'455.54443',b'3.4754698',b'882.22394',b'400.3696',b'-675.04443',b'1064.1655',b'446.27206',b'-9.006125',b'887.07916',b'394.86905',b'-674.65155',b'1061.2216',b'454.9585',b'6.6905966',b'892.74097',b'401.41165',b'-624.8082',b'1020.2799',b'596.17883',b'98.2254',b'973.0107',b'593.8553',b'-98.49222',b'1029.8975',b'722.5707',b'169.38347',b'961.8614',b'727.4547',b'-87.13446',b'1026.2363',b'841.64844',b'318.90588',b'948.18134',b'856.29535',b'10.906942',b'1016.2215',b'863.72473',b'326.48843',b'942.4475',b'876.3318',b'14.0636835',b'1072.2252',b'875.264',b'225.2053',b'983.23663',b'892.67426',b'-133.92497'
image_007.jpg,b'1022.3499',b'358.43854',b'-285.04868',b'1020.61237',b'348.6377',b'-253.29744',b'1022.35785',b'348.70786',b'-253.28862',b'1024.0515',b'348.71548',b'-253.31235',b'1011.92004',b'348.65753',b'-273.07938',b'1007.7382',b'349.0816',b'-273.14185',b'1002.97095',b'349.66565',b'-273.2217',b'1017.39856',b'353.4031',b'-78.18924',b'989.2307',b'356.3406',b'-171.00407',b'1025.2341',b'369.7709',b'-219.29515',b'1012.83795',b'370.19177',b'-246.26437',b'1032.6526',b'421.99298',b'105.39186',b'954.27576',b'424.86346',b'-165.89133',b'1034.213',b'485.2816',b'222.13245',b'895.77423',b'493.91678',b'-376.7877',b'1061.2233',b'433.65332',b'208.92076',b'881.8859',b'417.46768',b'-646.06323',b'1064.2987',b'418.60046',b'216.8244',b'876.5306',b'400.98795',b'-699.47906',b'1063.2869',b'416.73636',b'208.7293',b'881.8958',b'394.87054',b'-697.2767',b'1059.4197',b'420.9167',b'204.17157',b'886.7354',b'401.54904',b'-650.5041',b'1018.81726',b'595.936',b'101.228096',b'971.3181',b'593.78894',b'-101.53488',b'1027.3965',b'722.5799',b'190.85483',b'958.45123',b'726.00183',b'-107.98483',b'1028.8297',b'841.7469',b'350.3502',b'949.8847',b'858.9807',b'-16.206663',b'1018.2906',b'862.7395',b'358.88644',b'947.0628',b'878.14',b'-13.269298',b'1074.9634',b'874.1297',b'259.78647',b'984.8071',b'894.2321',b'-161.716'
image_008.jpg,b'1026.0615',b'359.25775',b'-280.31433',b'1023.9391',b'350.01547',b'-249.52681',b'1025.4825',b'350.0668',b'-249.55333',b'1026.9457',b'350.07205',b'-249.59296',b'1015.4475',b'350.1226',b'-270.51257',b'1010.9221',b'350.60803',b'-270.5713',b'1005.8284',b'351.29623',b'-270.61023',b'1019.19214',b'354.8565',b'-77.50432',b'991.33234',b'357.97635',b'-174.10266',b'1027.9043',b'370.55072',b'-215.36552',b'1015.812',b'371.87622',b'-243.33853',b'1034.3391',b'422.06903',b'95.1601',b'956.2024',b'425.0992',b'-163.81177',b'1036.5562',b'493.64532',b'136.13718',b'896.56',b'494.0307',b'-355.23203',b'1064.3367',b'464.79962',b'2.6344376',b'887.1079',b'418.6523',b'-626.492',b'1071.9689',b'457.40152',b'-12.70704',b'882.00903',b'406.0059',b'-682.1422',b'1086.0955',b'450.58035',b'-25.718895',b'887.1155',b'400.3294',b'-682.1086',b'1064.5999',b'455.39072',b'-7.989518',b'891.7006',b'405.29065',b'-631.9689',b'1020.5305',b'594.1354',b'98.803215',b'975.13617',b'593.9239',b'-99.044975',b'1031.8103',b'721.3949',b'165.68478',b'963.2421',b'725.2764',b'-100.899055',b'1026.0972',b'839.7655',b'309.81125',b'948.58014',b'857.16815',b'-15.424819',b'1017.4194',b'860.67816',b'317.075',b'941.49335',b'876.12396',b'-13.337545',b'1074.5966',b'873.8732',b'219.91518',b'982.3768',b'891.9785',b'-160.06464'
image_009.jpg,b'1028.5773',b'360.4528',b'-235.19485',b'1026.1567',b'349.69827',b'-206.74585',b'1027.6741',b'349.67044',b'-206.76051',b'1029.1387',b'349.62933',b'-206.76086',b'1018.27606',b'349.95398',b'-227.19016',b'1013.9425',b'350.28635',b'-227.23152',b'1009.148',b'350.7958',b'-227.24362',b'1022.3634',b'355.0668',b'-47.373806',b'994.66656',b'357.90756',b'-142.38342',b'1030.9025',b'371.80615',b'-175.13324',b'1019.76447',b'371.5439',b'-202.6067',b'1041.2778',b'426.603',b'91.50678',b'956.205',b'427.09546',b'-124.08268',b'1039.8412',b'492.05112',b'20.072525',b'898.15814',b'499.71286',b'-287.38388',b'1061.2028',b'438.08466',b'-215.10167',b'887.26917',b'421.807',b'-517.35925',b'1063.1086',b'421.06866',b'-250.73056',b'881.57184',b'404.76382',b'-566.8882',b'1061.3937',b'415.56082',b'-251.10701',b'887.6747',b'399.8584',b'-564.5107',b'1059.0074',b'423.81348',b'-223.64415',b'892.2926',b'406.4662',b'-520.8013',b'1026.5819',b'597.93976',b'85.816055',b'977.0759',b'596.63513',b'-86.12277',b'1026.9591',b'724.67413',b'177.67178',b'959.375',b'727.3403',b'-77.577065',b'1029.6067',b'845.37',b'343.52924',b'949.33856',b'857.3304',b'24.519674',b'1017.2295',b'867.73706',b'353.27414',b'949.3457',b'875.57007',b'28.023317',b'1073.8021',b'878.35077',b'251.37575',b'974.2239',b'895.1782',b'-119.07393'
image_010.jpg,b'1027.1088',b'358.22482',b'-263.9311',b'1024.6372',b'347.5962',b'-237.43266',b'1026.221',b'347.41867',b'-237.43573',b'1027.6665',b'347.26044',b'-237.48593',b'1016.12756',b'348.824',b'-254.70448',b'1011.6378',b'349.59195',b'-254.77399',b'1007.1167',b'350.4371',b'-254.89658',b'1021.8432',b'353.84586',b'-79.35041',b'995.1633',b'358.13077',b'-159.30826',b'1029.5115',b'369.9997',b'-203.74774',b'1018.89154',b'370.87927',b'-226.97972',b'1041.7809',b'422.16962',b'104.00183',b'961.09875',b'427.01196',b'-150.86543',b'1042.0266',b'481.69812',b'290.38174',b'903.161',b'500.13156',b'-323.35114',b'1064.7592',b'437.99374',b'360.5716',b'891.9357',b'424.7136',b'-565.8825',b'1067.3544',b'427.91232',b'383.08405',b'885.7038',b'410.4117',b'-614.30743',b'1065.7765',b'426.74213',b'369.64374',b'889.2427',b'403.97867',b'-617.3422',b'1063.7972',b'429.4139',b'356.10602',b'894.4128',b'409.23477',b'-572.01105',b'1029.0017',b'596.4596',b'90.49888',b'982.9158',b'595.2486',b'-90.77706',b'1024.2599',b'723.1636',b'150.2239',b'959.5374',b'727.67334',b'-100.49348',b'1028.0544',b'842.52374',b'317.296',b'948.5802',b'856.96564',b'12.219395',b'1015.79956',b'862.18616',b'326.60815',b'945.4487',b'875.69434',b'18.049852',b'1073.7938',b'879.14514',b'224.98404',b'975.6813',b'893.558',b'-126.03107'
image_011.jpg,b'1027.498',b'358.84674',b'-238.42154',b'1026.0498',b'347.87738',b'-211.05345',b'1027.6343',b'347.73383',b'-211.1018',b'1029.159',b'347.64313',b'-211.14151',b'1017.9547',b'348.69177',b'-233.25336',b'1013.92694',b'349.40146',b'-233.28342',b'1009.48083',b'350.32117',b'-233.30989',b'1023.0034',b'353.1864',b'-52.04856',b'996.3905',b'357.958',b'-155.53073',b'1030.5957',b'369.72177',b'-177.8348',b'1019.077',b'370.6199',b'-207.65376',b'1046.0055',b'426.50876',b'96.34336',b'960.7443',b'427.1117',b'-138.70087',b'1049.5707',b'504.81042',b'11.309769',b'909.83',b'503.04672',b'-296.41843',b'1080.5581',b'438.35025',b'-264.30795',b'905.84143',b'420.80814',b'-520.6348',b'1082.4802',b'423.66675',b'-309.9297',b'900.12823',b'407.77518',b'-574.1473',b'1080.7473',b'419.1376',b'-310.77112',b'904.4514',b'404.1295',b'-570.125',b'1078.7107',b'424.2439',b'-274.14584',b'909.2791',b'410.03146',b'-523.5421',b'1032.2458',b'599.55347',b'99.35465',b'984.55457',b'596.7021',b'-99.6202',b'1026.5092',b'725.5892',b'205.93571',b'962.1088',b'726.4787',b'-94.767494',b'1027.2827',b'840.82697',b'399.017',b'948.76556',b'857.10614',b'14.0262165',b'1014.8717',b'862.15155',b'411.6278',b'940.3659',b'875.27905',b'18.523663',b'1078.9603',b'876.5989',b'316.61343',b'973.8152',b'894.2651',b'-125.40421'
image_012.jpg,b'1032.8331',b'357.45453',b'-246.11687',b'1031.4922',b'346.6471',b'-220.72597',b'1032.9575',b'346.31662',b'-220.79213',b'1034.3124',b'346.08514',b'-220.7897',b'1023.80756',b'348.19473',b'-234.95505',b'1019.997',b'349.09854',b'-235.00693',b'1015.8588',b'350.12253',b'-235.04008',b'1030.1173',b'351.02103',b'-68.481735',b'1004.4949',b'356.6809',b'-134.14838',b'1034.9878',b'368.2744',b'-188.7102',b'1025.3308',b'369.60977',b'-207.60066',b'1058.8431',b'420.64502',b'52.876884',b'965.56055',b'424.7421',b'-84.94247',b'1070.508',b'493.38287',b'-79.01201',b'904.0118',b'497.10526',b'-173.70935',b'1085.6637',b'464.05524',b'-422.7938',b'879.4927',b'428.55875',b'-372.87314',b'1078.6049',b'452.7407',b'-481.33524',b'871.2346',b'411.04623',b'-418.70422',b'1076.0919',b'440.8754',b'-484.66238',b'875.36523',b'404.33713',b'-427.17822',b'1070.2516',b'440.83505',b'-434.90018',b'879.754',b'410.93076',b'-380.07526',b'1035.1968',b'597.86707',b'68.32884',b'984.4612',b'593.7651',b'-68.55942',b'1027.1407',b'729.6975',b'141.93245',b'960.99347',b'727.9799',b'-73.05824',b'1028.6184',b'841.79',b'328.2977',b'949.9646',b'857.1966',b'38.568535',b'1016.2212',b'862.12805',b'339.3901',b'945.6925',b'876.2796',b'42.387997',b'1073.145',b'878.0678',b'223.21869',b'976.1397',b'894.8715',b'-115.10701'
image_013.jpg,b'1034.263',b'363.35733',b'-227.93456',b'1032.9365',b'351.89038',b'-202.74217',b'1034.402',b'351.55692',b'-202.80942',b'1035.8412',b'351.22574',b'-202.83246',b'1025.328',b'352.28424',b'-220.77255',b'1021.379',b'352.56567',b'-220.81482',b'1017.1667',b'353.0477',b'-220.8506',b'1030.2064',b'355.64377',b'-48.99521',b'1003.3526',b'359.7938',b'-132.6786',b'1036.0504',b'373.87888',b'-169.0777',b'1025.6322',b'374.02536',b'-193.20174',b'1053.2306',b'422.46613',b'84.999916',b'965.176',b'428.08755',b'-96.25609',b'1056.1879',b'498.95877',b'-17.838495',b'910.24225',b'503.49405',b'-229.48026',b'1075.3375',b'462.9753',b'-330.48035',b'894.1962',b'427.01642',b'-465.95694',b'1077.8695',b'447.7399',b'-383.21878',b'885.99585',b'411.09955',b'-517.4772',b'1074.7405',b'432.8049',b'-388.46246',b'890.04474',b'406.17932',b'-521.0965',b'1072.7211',b'444.93268',b'-342.7618',b'895.9377',b'412.8705',b'-471.92023',b'1035.2306',b'597.7183',b'80.307144',b'984.8975',b'595.7068',b'-80.552795',b'1027.2059',b'728.32794',b'167.34618',b'960.2583',b'728.5487',b'-87.5034',b'1029.114',b'841.1703',b'356.7225',b'951.2595',b'857.23755',b'14.283896',b'1018.22034',b'860.54517',b'368.50815',b'946.3314',b'876.14496',b'17.461954',b'1071.2346',b'877.84247',b'261.11063',b'981.5557',b'894.3164',b'-135.93806'
image_014.jpg,b'1036.0797',b'365.10657',b'-162.39749',b'1035.3302',b'353.12204',b'-139.02472',b'1037.0615',b'352.9185',b'-139.08946',b'1038.7295',b'352.7445',b'-139.12018',b'1027.3947',b'353.39505',b'-157.24461',b'1023.2276',b'353.42892',b'-157.27252',b'1018.54376',b'353.61734',b'-157.2801',b'1033.0659',b'356.7156',b'-3.156356',b'1004.28455',b'359.69028',b'-88.79372',b'1038.1135',b'376.39902',b'-110.73539',b'1028.0469',b'376.26834',b'-135.44316',b'1056.3381',b'424.66776',b'100.21662',b'964.2358',b'427.70734',b'-68.10133',b'1060.3408',b'495.80707',b'-17.239738',b'909.4322',b'500.8525',b'-198.28177',b'1077.2563',b'435.94577',b'-295.10196',b'894.8762',b'427.00842',b'-403.11523',b'1081.6233',b'419.33075',b'-345.77252',b'889.1881',b'410.38376',b'-450.04968',b'1080.0233',b'414.60022',b'-344.78467',b'893.62195',b'404.84802',b'-453.732',b'1077.0283',b'419.87976',b'-303.92795',b'897.3862',b'410.71216',b'-408.96387',b'1032.2206',b'598.1502',b'80.07445',b'981.71594',b'593.4706',b'-80.346146',b'1026.195',b'727.007',b'172.86304',b'959.85974',b'726.9752',b'-91.27229',b'1028.6351',b'840.58264',b'349.4498',b'950.73584',b'854.9495',b'-7.5461545',b'1016.34314',b'860.282',b'361.0178',b'946.56494',b'874.1598',b'-5.317761',b'1076.0077',b'877.4176',b'265.8154',b'980.5974',b'896.1095',b'-146.66188'
image_015.jpg,b'1043.7427',b'377.3161',b'-108.497055',b'1043.035',b'364.26224',b'-90.06938',b'1044.2623',b'363.66028',b'-90.10889',b'1045.4163',b'363.10834',b'-90.12462',b'1036.3401',b'364.50775',b'-111.5374',b'1032.7793',b'364.04608',b'-111.567055',b'1028.8878',b'363.57224',b'-111.59732',b'1037.0388',b'364.29843',b'30.811455',b'1011.082',b'364.89542',b'-70.26365',b'1043.3524',b'387.11905',b'-60.41327',b'1035.0386',b'386.21048',b'-89.728546',b'1055.4282',b'427.81412',b'125.19848',b'963.7215',b'426.96036',b'-43.40647',b'1065.473',b'497.43164',b'-1.3848246',b'899.63654',b'493.68857',b'-146.18231',b'1080.4044',b'433.09973',b'-281.48718',b'895.84937',b'424.84195',b'-299.7232',b'1085.4927',b'417.61523',b'-328.42743',b'890.1306',b'407.9294',b'-336.62973',b'1083.8276',b'413.4032',b'-324.84808',b'896.4364',b'402.717',b'-336.82767',b'1079.814',b'419.4378',b'-288.9207',b'899.7499',b'410.07504',b'-302.0968',b'1032.303',b'597.62994',b'71.35814',b'981.1688',b'594.9198',b'-71.56369',b'1026.5168',b'727.83685',b'161.29056',b'961.99896',b'726.5884',b'-89.92658',b'1027.0989',b'840.5721',b'303.37042',b'950.67053',b'855.65717',b'-38.594013',b'1017.063',b'858.6578',b'312.2624',b'947.10486',b'874.2794',b'-40.02354',b'1069.1763',b'876.45746',b'218.54282',b'980.7948',b'895.0545',b'-178.84843'
image_016.jpg,b'1044.9169',b'383.25928',b'-131.94325',b'1045.111',b'370.12164',b'-113.1288',b'1046.3464',b'369.40704',b'-113.17505',b'1047.4769',b'368.67358',b'-113.18671',b'1038.0135',b'369.88943',b'-136.27147',b'1034.248',b'369.0368',b'-136.29953',b'1030.3165',b'368.1265',b'-136.3229',b'1037.4061',b'368.81836',b'12.996827',b'1012.8912',b'368.27237',b'-95.77074',b'1043.1718',b'392.54883',b'-81.55286',b'1034.4834',b'391.3899',b'-113.18263',b'1053.0475',b'430.193',b'111.36925',b'961.3368',b'425.8826',b'-60.13527',b'1054.7828',b'499.94727',b'-15.990754',b'895.03687',b'489.35745',b'-167.98589',b'1074.4348',b'440.66537',b'-315.47266',b'894.0624',b'420.2541',b'-336.89648',b'1079.5251',b'427.66086',b'-363.45538',b'888.21893',b'402.0751',b'-375.22867',b'1077.8978',b'422.18848',b'-363.35547',b'895.10297',b'396.95233',b'-374.11295',b'1073.6588',b'428.37076',b'-324.71442',b'899.25',b'404.16077',b'-338.90182',b'1031.8026',b'597.9822',b'72.129555',b'979.7474',b'598.1648',b'-72.3548',b'1026.7518',b'728.1255',b'163.14171',b'960.64923',b'728.8342',b'-99.90351',b'1029.3707',b'845.4707',b'309.1594',b'950.6514',b'856.68396',b'-49.195473',b'1019.5379',b'865.3385',b'318.18063',b'949.4278',b'876.06525',b'-51.022717',b'1075.3931',b'876.9406',b'221.88754',b'978.50146',b'893.39746',b'-195.02141'
image_017.jpg,b'1033.3733',b'403.6691',b'-198.69151',b'1038.3812',b'394.54782',b'-182.11925',b'1040.5305',b'394.17206',b'-182.16449',b'1042.9753',b'393.5692',b'-182.1868',b'1030.791',b'391.1697',b'-203.66891',b'1026.7498',b'388.52505',b'-203.70682',b'1022.4012',b'385.74396',b'-203.75105',b'1039.6292',b'387.01334',b'-47.42108',b'1007.2879',b'380.0485',b'-147.25961',b'1032.5737',b'409.49948',b'-142.8331',b'1023.15845',b'404.64865',b'-171.9554',b'1045.7632',b'427.1478',b'70.314705',b'952.0885',b'426.69522',b'-80.625175',b'1048.7633',b'487.31207',b'-57.529236',b'885.85724',b'488.93872',b'-132.01947',b'1073.2993',b'445.0182',b'-394.64597',b'889.02234',b'419.48984',b'-248.35661',b'1075.1171',b'434.73032',b'-445.8022',b'885.8663',b'404.13275',b'-278.7543',b'1073.7385',b'428.334',b'-452.42456',b'893.339',b'399.56018',b'-277.8898',b'1072.5826',b'434.7351',b'-408.18008',b'896.0818',b'406.12234',b'-248.17317',b'1022.51324',b'594.1495',b'58.624683',b'967.4199',b'595.0139',b'-58.722588',b'1019.32837',b'726.2688',b'94.89444',b'953.36163',b'728.3178',b'-108.94607',b'1026.8999',b'843.7512',b'231.694',b'947.6986',b'855.2515',b'-39.81525',b'1015.3002',b'862.84546',b'239.1308',b'948.9775',b'872.60486',b'-39.838253',b'1068.5267',b'877.9264',b'127.0448',b'974.06445',b'896.9484',b'-194.38864'
image_018.jpg,b'1032.3052',b'399.01923',b'-115.4196',b'1036.5563',b'390.42917',b'-97.72429',b'1038.3632',b'390.50513',b'-97.775635',b'1040.3647',b'390.39822',b'-97.812416',b'1029.3657',b'387.29144',b'-122.18118',b'1025.6138',b'385.13623',b'-122.19964',b'1021.7748',b'382.82175',b'-122.23214',b'1034.8833',b'386.07864',b'30.37396',b'1008.001',b'377.32516',b'-83.91173',b'1030.7401',b'405.5065',b'-62.9128',b'1021.3838',b'402.5618',b'-96.12074',b'1037.3096',b'428.21893',b'138.25809',b'951.63116',b'424.16428',b'-44.395252',b'1046.9866',b'494.60522',b'16.089153',b'885.29535',b'488.00452',b'-129.00952',b'1084.966',b'438.23224',b'-301.10855',b'886.10187',b'417.5318',b'-263.2984',b'1090.7028',b'431.0871',b'-348.75964',b'881.35486',b'400.92023',b'-296.4632',b'1086.463',b'424.42682',b'-356.22284',b'887.42236',b'396.56476',b'-295.2569',b'1082.9604',b'428.3927',b'-314.71555',b'890.2006',b'403.88937',b'-264.2111',b'1014.764',b'594.13367',b'72.940544',b'963.15375',b'594.06323',b'-73.02098',b'1022.29395',b'724.4212',b'109.9931',b'950.2211',b'726.25977',b'-108.39128',b'1027.6946',b'843.3844',b'234.25209',b'946.1196',b'855.4579',b'-53.604733',b'1016.79144',b'863.2522',b'240.98543',b'947.68665',b'874.0712',b'-54.917942',b'1072.4381',b'876.5043',b'141.36226',b'972.3633',b'892.01355',b'-200.25027'
image_019.jpg,b'1019.2822',b'355.38275',b'-366.24823',b'1015.7982',b'345.7233',b'-337.92328',b'1016.9718',b'345.73932',b'-337.88126',b'1018.12317',b'345.81982',b'-337.9192',b'1007.8389',b'345.76596',b'-362.67563',b'1002.7784',b'345.91016',b'-362.74075',b'996.77374',b'346.4923',b'-362.84167',b'1007.5211',b'351.42584',b'-172.2162',b'977.56726',b'355.54395',b'-286.3684',b'1020.61365',b'368.91797',b'-302.90378',b'1008.32715',b'370.1233',b'-336.45645',b'1025.7831',b'425.44955',b'28.666704',b'935.20386',b'421.86066',b'-283.6104',b'1027.2576',b'482.28867',b'251.89554',b'881.8286',b'496.96155',b'-523.646',b'1058.2297',b'426.9618',b'376.05157',b'886.4647',b'422.01657',b'-806.4342',b'1064.2534',b'410.65814',b'411.46918',b'883.651',b'401.3505',b'-864.8471',b'1061.0641',b'406.71002',b'403.53378',b'890.3135',b'394.7754',b'-858.4976',b'1057.184',b'412.4799',b'376.69385',b'894.5432',b'403.40536',b'-809.7443',b'995.8175',b'612.204',b'99.04302',b'938.7136',b'610.11743',b'-99.42581',b'1017.9857',b'730.2395',b'246.57266',b'922.43933',b'741.37354',b'-76.28346',b'1022.36273',b'844.34906',b'503.45724',b'904.3689',b'858.0368',b'58.318256',b'1012.183',b'864.90375',b'522.7871',b'892.2957',b'880.7228',b'65.724335',b'1080.4578',b'872.46735',b'433.68393',b'944.04675',b'891.5875',b'-79.836136'
image_020.jpg,b'1022.18994',b'375.9572',b'-156.0853',b'1023.82025',b'363.9631',b'-133.65442',b'1026.015',b'363.82553',b'-133.6788',b'1027.9692',b'363.63196',b'-133.70578',b'1014.66077',b'363.2848',b'-153.7654',b'1010.3721',b'362.85373',b'-153.77345',b'1005.93896',b'362.45557',b'-153.76657',b'1022.4391',b'366.8263',b'8.226907',b'991.48145',b'365.98816',b'-88.22166',b'1023.4569',b'387.65973',b'-100.65919',b'1011.79504',b'386.20566',b'-128.54503',b'1031.1182',b'431.25693',b'131.14624',b'946.4665',b'424.30966',b'-56.055305',b'1040.897',b'499.9726',b'47.600277',b'884.34814',b'494.34885',b'-183.5914',b'1064.771',b'436.67346',b'-200.17444',b'882.65717',b'419.97446',b'-382.19247',b'1069.817',b'424.70236',b'-240.2522',b'876.444',b'405.47192',b'-423.92477',b'1067.9598',b'419.68903',b'-242.03865',b'882.87396',b'400.46362',b'-420.75647',b'1063.8517',b'424.95703',b'-208.91707',b'888.19635',b'406.09033',b'-384.00778',b'1020.9829',b'593.59717',b'76.930695',b'971.54297',b'595.6697',b'-77.114426',b'1023.42145',b'725.1503',b'160.44563',b'954.9524',b'727.75165',b'-102.77644',b'1025.4813',b'842.26917',b'291.9811',b'951.24426',b'855.0591',b'-52.06247',b'1012.9163',b'862.0987',b'299.20862',b'951.09143',b'872.2205',b'-53.146843',b'1070.2834',b'877.117',b'205.03262',b'978.88184',b'896.64056',b'-194.50851'
image_021.jpg,b'1029.9966',b'365.85126',b'-255.08449',b'1030.1344',b'354.59653',b'-228.02731',b'1032.0317',b'354.49802',b'-228.0383',b'1033.7942',b'354.45218',b'-228.05757',b'1022.024',b'354.23303',b'-249.39233',b'1017.9308',b'353.97357',b'-249.42741',b'1013.8258',b'353.98907',b'-249.4332',b'1028.1083',b'358.1267',b'-67.30789',b'1000.8175',b'359.12592',b'-167.52798',b'1031.9714',b'376.49884',b'-193.44861',b'1021.2513',b'375.6792',b'-222.4885',b'1041.7412',b'426.99246',b'81.92599',b'955.6035',b'424.82648',b'-141.67987',b'1044.2312',b'497.98553',b'17.78436',b'897.41144',b'495.64606',b'-298.10623',b'1071.9595',b'428.40796',b'-211.66942',b'888.7518',b'418.29007',b'-515.72614',b'1077.3293',b'413.7865',b'-245.9523',b'883.2066',b'400.2132',b'-563.5552',b'1075.8162',b'408.75684',b'-243.34256',b'889.3461',b'394.37427',b'-559.7621',b'1071.9077',b'415.734',b'-218.75012',b'894.04',b'401.90036',b'-518.13855',b'1023.2641',b'595.27057',b'88.1478',b'973.0791',b'593.30927',b'-88.4482',b'1025.6921',b'726.521',b'201.73807',b'960.1763',b'725.55994',b'-95.466675',b'1028.0585',b'841.89154',b'382.06116',b'949.9825',b'856.0315',b'-8.583509',b'1018.3863',b'861.91296',b'393.6278',b'945.5759',b'875.4525',b'-6.146961',b'1071.2041',b'875.0859',b'298.30774',b'983.6945',b'892.0823',b'-152.90982'
image_022.jpg,b'1034.3787',b'365.14157',b'-247.38647',b'1033.2548',b'354.0996',b'-220.80489',b'1034.7089',b'353.86685',b'-220.81451',b'1036.0161',b'353.59372',b'-220.83147',b'1025.8076',b'353.96',b'-245.46318',b'1021.7364',b'353.79797',b'-245.50539',b'1017.3934',b'353.77756',b'-245.54247',b'1027.9082',b'356.39026',b'-64.86988',b'1001.7779',b'358.83798',b'-178.91972',b'1035.3909',b'375.79236',b'-187.0196',b'1025.1085',b'376.0113',b'-220.04887',b'1040.4181',b'420.25125',b'91.92266',b'958.1815',b'424.59018',b'-167.20488',b'1042.9478',b'487.67953',b'84.68117',b'899.03656',b'492.6603',b'-336.44336',b'1073.9224',b'424.7615',b'-77.15175',b'893.20447',b'420.07455',b'-556.7792',b'1080.0054',b'410.90256',b'-97.548965',b'885.92847',b'402.35495',b'-604.2412',b'1077.995',b'404.7936',b'-98.86702',b'891.66675',b'396.56757',b'-602.31964',b'1073.7598',b'411.4964',b'-84.154816',b'897.6608',b'404.09775',b'-559.79486',b'1021.3449',b'593.3369',b'96.12228',b'973.79083',b'593.3662',b'-96.414215',b'1029.8479',b'722.15936',b'196.0999',b'961.60284',b'726.83167',b'-106.708046',b'1025.4386',b'839.72284',b'350.86234',b'951.9741',b'856.64557',b'-28.833225',b'1014.98016',b'862.12915',b'359.8941',b'944.9487',b'875.4516',b'-27.230185',b'1076.0753',b'875.081',b'272.37546',b'983.8716',b'893.75415',b'-167.47006'
image_023.jpg,b'1021.05835',b'362.96475',b'-242.91936',b'1020.56433',b'350.6483',b'-214.17757',b'1022.4052',b'350.2458',b'-214.17897',b'1024.1615',b'349.84677',b'-214.23285',b'1011.62134',b'351.6084',b'-235.59389',b'1007.06714',b'351.91086',b'-235.6464',b'1002.2018',b'352.20074',b'-235.70535',b'1017.3983',b'354.02744',b'-53.82238',b'988.5749',b'357.49612',b'-153.55334',b'1023.0271',b'374.0731',b'-182.1486',b'1011.53894',b'373.7248',b'-211.12918',b'1030.7582',b'422.04642',b'118.771774',b'954.403',b'426.09717',b'-143.52274',b'1046.6812',b'480.68347',b'253.82326',b'900.7127',b'500.23108',b'-303.76627',b'1067.3654',b'420.8719',b'278.28928',b'889.1481',b'424.25385',b'-521.0106',b'1071.5714',b'404.9561',b'291.08807',b'881.4925',b'406.22397',b'-566.8792',b'1070.11',b'401.37625',b'286.16138',b'886.00903',b'401.04138',b'-566.27576',b'1067.1719',b'407.73315',b'275.95898',b'892.1785',b'409.19357',b'-525.06165',b'1022.06805',b'594.9224',b'90.384285',b'973.50836',b'594.90454',b'-90.599754',b'1019.6021',b'725.30634',b'143.68832',b'951.48',b'731.10876',b'-72.78709',b'1028.3138',b'846.2599',b'290.42572',b'948.2497',b'857.0941',b'46.70864',b'1016.4891',b'867.30493',b'298.19986',b'950.1477',b'874.68585',b'52.80233',b'1074.6525',b'876.73975',b'194.05482',b'975.9992',b'896.0968',b'-89.84817'
image_024.jpg,b'1025.2638',b'363.3912',b'-161.7793',b'1023.31305',b'353.39383',b'-137.80542',b'1024.6088',b'353.3431',b'-137.83473',b'1025.8726',b'353.15945',b'-137.85548',b'1015.8482',b'353.03815',b'-161.2121',b'1012.0349',b'353.0611',b'-161.2517',b'1007.8889',b'353.20767',b'-161.26381',b'1019.1529',b'356.20624',b'5.3536887',b'994.28217',b'358.35062',b'-104.00061',b'1026.3345',b'373.9601',b'-106.61386',b'1016.43365',b'373.63956',b'-138.2601',b'1036.5386',b'424.26178',b'130.75238',b'954.065',b'423.38953',b'-90.345245',b'1040.7942',b'494.94098',b'39.668835',b'897.8252',b'496.0047',b'-226.10667',b'1066.0752',b'439.05432',b'-212.62404',b'886.36304',b'422.49313',b'-415.42838',b'1069.8678',b'425.3185',b'-252.23756',b'880.111',b'406.21124',b'-459.88248',b'1068.4806',b'417.81854',b'-252.61308',b'885.4663',b'399.72147',b'-458.4965',b'1065.5035',b'424.225',b'-222.08759',b'891.0582',b'406.6816',b'-418.38342',b'1021.2063',b'593.418',b'83.15968',b'970.8452',b'591.80176',b'-83.393326',b'1018.6608',b'725.13995',b'157.52496',b'951.10693',b'727.9509',b'-70.552765',b'1028.4757',b'845.10785',b'288.30652',b'948.79944',b'857.0116',b'21.395403',b'1016.4556',b'867.1757',b'295.0856',b'950.3356',b'874.0848',b'24.236326',b'1075.1204',b'877.01337',b'192.79553',b'970.7451',b'896.019',b'-119.65079'
image_025.jpg,b'1018.0957',b'347.5868',b'-185.95033',b'1012.7706',b'338.4453',b'-160.70073',b'1013.8804',b'338.239',b'-160.70055',b'1014.937',b'338.14194',b'-160.7452',b'1006.061',b'340.75415',b'-186.27522',b'1002.13934',b'342.34445',b'-186.3312',b'997.95514',b'344.1201',b'-186.4438',b'1007.496',b'347.7286',b'-22.074247',b'984.9964',b'355.83072',b'-139.91559',b'1022.1813',b'359.77582',b'-133.22719',b'1012.35065',b'360.97556',b'-167.62128',b'1032.2961',b'420.59308',b'145.54517',b'962.0809',b'425.08066',b'-167.81465',b'1041.2601',b'486.12906',b'318.7763',b'904.294',b'496.07117',b'-363.03644',b'1070.4738',b'430.54333',b'394.67026',b'896.2885',b'419.1114',b'-587.6928',b'1074.4033',b'417.20538',b'420.3732',b'888.6691',b'405.50815',b'-637.3356',b'1073.4589',b'411.90164',b'410.8925',b'892.1325',b'401.40973',b'-635.1682',b'1070.3274',b'417.47046',b'392.0842',b'897.92944',b'407.7039',b'-591.84717',b'1018.4967',b'593.6956',b'105.43543',b'971.74414',b'591.53394',b'-105.73444',b'1019.15485',b'723.58167',b'196.62239',b'952.0756',b'727.25916',b'-102.776886',b'1027.35',b'841.94806',b'354.65015',b'949.3607',b'858.05963',b'-9.806163',b'1014.76904',b'862.24207',b'363.54324',b'948.3989',b'877.1775',b'-6.266777',b'1079.4321',b'876.17175',b'268.50006',b'979.2595',b'895.23',b'-148.04854'
image_026.jpg,b'1022.85693',b'351.18686',b'-235.70187',b'1019.653',b'341.5855',b'-211.17125',b'1021.0725',b'341.66318',b'-211.1884',b'1022.4108',b'341.76187',b'-211.1903',b'1011.9839',b'343.09845',b'-227.50716',b'1008.0169',b'344.5014',b'-227.56403',b'1003.68085',b'346.02',b'-227.62753',b'1016.5882',b'349.6164',b'-65.94139',b'992.3792',b'356.20505',b'-139.47102',b'1026.3015',b'362.27853',b'-180.58836',b'1015.4824',b'363.40363',b'-201.83444',b'1045.6382',b'421.08597',b'79.68261',b'961.49915',b'425.96725',b'-134.13588',b'1048.9696',b'487.02347',b'27.874443',b'904.59515',b'497.98563',b'-295.89102',b'1071.756',b'434.38718',b'-179.19589',b'893.95544',b'426.04605',b'-508.2007',b'1078.9902',b'417.19037',b'-207.62991',b'888.2181',b'411.40265',b'-556.0435',b'1077.6012',b'413.08655',b'-212.60962',b'892.4275',b'404.75275',b'-555.0439',b'1072.9362',b'418.8852',b'-188.5912',b'897.6021',b'411.28738',b'-512.2988',b'1021.7017',b'596.33936',b'82.59743',b'973.41925',b'594.10297',b'-82.86826',b'1020.6656',b'726.32733',b'167.19556',b'951.2352',b'729.374',b'-71.59259',b'1027.7097',b'843.8557',b'335.33136',b'949.44226',b'856.9455',b'32.48885',b'1017.1004',b'863.2737',b'344.9685',b'947.9194',b'875.7228',b'36.666824',b'1074.9006',b'876.7024',b'239.34198',b'981.6865',b'893.9216',b'-110.73872'
image_027.jpg,b'1021.2742',b'347.2464',b'-234.79897',b'1018.209',b'337.69962',b'-209.7097',b'1019.9567',b'337.4733',b'-209.7655',b'1021.6256',b'337.3529',b'-209.76634',b'1010.20135',b'340.03464',b'-222.11296',b'1006.27954',b'341.62537',b'-222.16855',b'1001.95874',b'343.34314',b'-222.21268',b'1017.5945',b'345.19678',b'-60.15182',b'990.2339',b'354.6913',b'-115.8931',b'1026.8641',b'358.91193',b'-178.61829',b'1015.07574',b'360.98102',b'-194.59242',b'1050.8801',b'418.85797',b'74.38978',b'962.49963',b'424.4367',b'-98.27925',b'1055.2135',b'488.48074',b'-65.558464',b'903.8762',b'498.8878',b'-239.61386',b'1075.2577',b'438.9215',b'-388.88092',b'892.4183',b'424.36316',b'-450.10806',b'1080.6389',b'422.89615',b'-441.60556',b'886.3302',b'409.07224',b'-497.92987',b'1079.6113',b'415.74945',b'-444.816',b'889.39795',b'402.36502',b'-500.71066',b'1074.9574',b'423.10736',b'-401.46097',b'894.5382',b'409.04587',b'-455.59293',b'1023.11896',b'594.17535',b'77.43021',b'974.49963',b'592.5084',b'-77.68668',b'1021.3647',b'726.2075',b'164.27785',b'952.84247',b'729.9592',b'-68.43425',b'1029.1971',b'845.1461',b'301.21387',b'948.4845',b'858.6278',b'17.577862',b'1017.35583',b'865.0996',b'306.91406',b'947.8175',b'876.2703',b'19.451084',b'1076.5643',b'876.0346',b'194.27446',b'976.5895',b'895.7925',b'-130.44283'
image_028.jpg,b'1018.0345',b'350.5773',b'-229.13069',b'1016.9777',b'342.02975',b'-202.50557',b'1018.93304',b'342.09604',b'-202.53835',b'1020.8763',b'342.2785',b'-202.55759',b'1008.2938',b'343.82367',b'-214.1322',b'1004.1373',b'345.26324',b'-214.18434',b'999.7084',b'346.6951',b'-214.21484',b'1018.40356',b'350.6355',b'-46.516678',b'988.73395',b'356.24155',b'-99.794365',b'1022.87317',b'362.03983',b'-170.7692',b'1010.38275',b'363.8664',b'-186.10936',b'1047.9518',b'421.1452',b'93.384964',b'960.5676',b'422.9656',b'-93.80862',b'1052.2145',b'486.9058',b'0.97428334',b'909.0262',b'495.20895',b'-253.28891',b'1072.5664',b'436.65363',b'-241.09781',b'897.50995',b'418.45654',b'-475.3222',b'1079.4009',b'419.5903',b'-279.97556',b'885.9269',b'405.62778',b'-526.4793',b'1078.4587',b'416.1524',b'-284.72858',b'890.0599',b'400.43536',b'-526.7557',b'1073.7839',b'423.63528',b'-252.19586',b'897.69763',b'405.41663',b'-480.53897',b'1026.8424',b'594.43164',b'72.15369',b'975.0301',b'593.79047',b'-72.33328',b'1021.8963',b'724.4097',b'130.76996',b'951.8373',b'729.644',b'-68.73625',b'1028.0312',b'844.9937',b'297.17838',b'950.0634',b'855.1302',b'45.396095',b'1016.42096',b'863.85944',b'306.6666',b'949.79987',b'872.0347',b'50.826744',b'1077.4695',b'876.774',b'194.56187',b'975.39954',b'896.1158',b'-101.0485'
image_029.jpg,b'1026.2229',b'349.85034',b'-262.3535',b'1022.9781',b'340.48053',b'-235.14444',b'1024.4069',b'340.4546',b'-235.1779',b'1025.7333',b'340.45267',b'-235.18832',b'1015.71967',b'342.09775',b'-251.98145',b'1012.12897',b'343.47922',b'-252.03741',b'1008.0597',b'345.17328',b'-252.0987',b'1020.0774',b'347.73615',b'-74.1131',b'995.4164',b'355.57034',b'-150.87532',b'1030.474',b'362.31345',b'-201.33954',b'1019.90063',b'362.96906',b'-223.40712',b'1047.5067',b'421.0816',b'84.2326',b'964.30023',b'423.1163',b'-138.96088',b'1045.0143',b'490.7046',b'24.876074',b'908.8594',b'495.9878',b'-298.96283',b'1078.2926',b'449.76816',b'-217.48021',b'893.75616',b'425.8087',b'-524.1115',b'1084.0344',b'435.50656',b'-252.76117',b'887.22235',b'411.31454',b'-573.322',b'1082.5382',b'431.6922',b'-260.4907',b'890.8651',b'406.3523',b'-573.88574',b'1078.2401',b'436.16986',b'-229.89409',b'895.9787',b'411.78445',b'-528.63947',b'1024.5549',b'595.64056',b'88.88285',b'976.8899',b'592.07294',b'-89.15091',b'1020.15576',b'724.25824',b'161.55656',b'958.74194',b'725.2238',b'-62.474735',b'1026.847',b'841.6724',b'305.02493',b'949.76514',b'854.1452',b'62.016937',b'1013.85406',b'863.5794',b'311.69724',b'943.9667',b'872.9322',b'68.25595',b'1076.6696',b'875.2958',b'204.41853',b'977.3116',b'893.11896',b'-75.86076'
image_030.jpg,b'1026.7065',b'348.51694',b'-260.99554',b'1022.35266',b'339.347',b'-233.65599',b'1023.41',b'339.247',b'-233.69472',b'1024.3461',b'339.1515',b'-233.70786',b'1016.00464',b'341.08917',b'-251.10901',b'1012.687',b'342.48584',b'-251.16783',b'1008.8325',b'344.1897',b'-251.23254',b'1017.4998',b'346.87964',b'-74.615425',b'995.2611',b'355.19873',b'-153.78177',b'1030.4031',b'360.88162',b'-200.99594',b'1020.8234',b'361.7083',b'-223.75662',b'1047.7916',b'420.7157',b'81.06911',b'964.44086',b'424.21143',b'-144.80443',b'1045.3365',b'490.43594',b'10.392328',b'909.0332',b'496.3545',b'-306.4389',b'1078.5211',b'450.83133',b'-243.03941',b'893.79114',b'425.20038',b'-531.2528',b'1084.0742',b'435.43503',b'-280.58762',b'887.0429',b'410.8022',b'-581.066',b'1082.972',b'427.43314',b'-288.04422',b'890.0393',b'405.85904',b'-581.8394',b'1078.7311',b'436.28586',b'-255.85608',b'895.26404',b'411.20596',b'-536.11865',b'1024.3491',b'595.9851',b'90.15107',b'976.77246',b'592.7233',b'-90.41365',b'1020.5101',b'724.6772',b'168.55574',b'958.445',b'725.30554',b'-64.75883',b'1027.3252',b'841.5045',b'314.96237',b'949.73303',b'854.35944',b'55.180782',b'1014.56335',b'863.1282',b'321.801',b'944.12646',b'873.7587',b'60.76741',b'1076.8859',b'875.8929',b'213.26465',b'978.73694',b'892.9907',b'-84.97155'
image_031.jpg,b'1024.4679',b'344.87326',b'-234.65326',b'1021.3911',b'337.38766',b'-208.00206',b'1022.7857',b'337.56717',b'-207.99298',b'1024.0255',b'337.83237',b'-208.00696',b'1014.1481',b'339.35342',b'-228.45341',b'1010.17584',b'341.0342',b'-228.51067',b'1005.85474',b'343.0158',b'-228.62428',b'1018.4556',b'346.08575',b'-58.49636',b'995.3455',b'352.6558',b'-152.92795',b'1028.6849',b'356.79123',b'-178.27013',b'1017.9453',b'358.7369',b'-205.65736',b'1046.2739',b'423.09937',b'103.12723',b'964.5591',b'421.30954',b'-167.1254',b'1047.1367',b'490.6836',b'151.3361',b'907.4967',b'491.16595',b'-363.82642',b'1079.8936',b'437.09158',b'66.552704',b'895.81274',b'417.61844',b'-590.8576',b'1086.1683',b'421.59155',b'61.5109',b'887.5143',b'400.17807',b'-642.224',b'1085.9172',b'416.30057',b'54.54505',b'893.528',b'395.07095',b'-637.26984',b'1082.2637',b'421.96808',b'59.591156',b'899.68805',b'400.91205',b'-594.03815',b'1018.1155',b'595.7492',b'98.222244',b'969.72473',b'592.22125',b'-98.526306',b'1026.6941',b'721.4874',b'176.10458',b'956.63824',b'730.0026',b'-86.670975',b'1027.3109',b'841.8991',b'368.46384',b'947.4975',b'856.3418',b'43.316917',b'1014.4286',b'862.83905',b'380.44125',b'943.6501',b'873.53625',b'50.41447',b'1078.411',b'875.9405',b'279.19394',b'971.8077',b'894.0435',b'-96.72357'
image_032.jpg,b'1027.4697',b'351.16748',b'-267.20764',b'1022.8698',b'341.779',b'-238.46498',b'1023.8555',b'341.5844',b'-238.42372',b'1024.7346',b'341.365',b'-238.44817',b'1015.7403',b'343.05743',b'-264.4016',b'1011.79663',b'343.96008',b'-264.4445',b'1007.4863',b'344.97675',b'-264.5141',b'1017.1557',b'346.42358',b'-79.50863',b'994.01526',b'352.32684',b'-199.9242',b'1030.0009',b'362.26907',b'-206.88062',b'1020.3984',b'362.8929',b'-241.93831',b'1038.1273',b'413.97025',b'106.6727',b'957.20264',b'421.34537',b'-203.32774',b'1050.5806',b'474.81885',b'318.2928',b'898.5549',b'491.91132',b'-409.19025',b'1085.1637',b'433.8395',b'405.41455',b'890.18536',b'414.66385',b'-657.9913',b'1091.9757',b'424.81815',b'436.07065',b'883.8404',b'398.17093',b'-710.734',b'1091.65',b'419.66812',b'422.0802',b'889.9435',b'392.17816',b'-704.63354',b'1087.8522',b'425.33405',b'401.61',b'894.92126',b'399.18912',b'-660.3508',b'1025.3127',b'592.14703',b'98.34603',b'974.8351',b'592.7154',b'-98.72209',b'1027.6798',b'722.40234',b'182.05621',b'957.9678',b'728.0277',b'-108.68781',b'1027.3055',b'843.7349',b'369.80658',b'947.5303',b'856.9125',b'10.192796',b'1015.4748',b'864.67474',b'381.4507',b'946.54895',b'878.13214',b'16.43742',b'1076.0061',b'878.92426',b'279.09525',b'976.359',b'893.9533',b'-132.77618'
image_033.jpg,b'1023.536',b'349.62628',b'-180.80016',b'1019.67474',b'339.72693',b'-153.46985',b'1021.04254',b'339.8901',b'-153.4857',b'1022.31024',b'340.09576',b'-153.50957',b'1012.21686',b'340.36588',b'-175.16327',b'1008.214',b'341.0946',b'-175.19728',b'1003.7095',b'342.1012',b'-175.23152',b'1016.0304',b'347.0914',b'-5.2907243',b'989.1067',b'352.25198',b'-106.14991',b'1028.0514',b'362.44827',b'-124.98155',b'1017.30914',b'361.7806',b'-154.2265',b'1036.7545',b'423.0108',b'123.61708',b'957.1681',b'422.82275',b'-115.27211',b'1037.182',b'488.34464',b'79.252',b'897.50586',b'491.0118',b'-293.11493',b'1060.4453',b'423.5211',b'-93.12321',b'890.1345',b'416.51343',b'-498.8502',b'1065.0304',b'408.3085',b'-117.85495',b'883.7859',b'400.2663',b'-546.2886',b'1063.7134',b'404.3718',b'-116.135994',b'888.80927',b'396.3333',b'-541.9213',b'1060.4261',b'410.0322',b'-99.35947',b'894.52844',b'403.23425',b'-501.3023',b'1018.2771',b'593.68994',b'90.36087',b'969.7738',b'592.10114',b'-90.71345',b'1024.7705',b'722.888',b'172.74158',b'957.59',b'727.51715',b'-85.11646',b'1027.1333',b'841.56793',b'336.86264',b'948.6634',b'857.18207',b'13.934105',b'1016.8336',b'861.729',b'346.87158',b'943.7811',b'874.65247',b'18.080418',b'1076.5524',b'876.3475',b'250.078',b'974.5356',b'894.4021',b'-122.09296'
image_034.jpg,b'1026.9297',b'353.98425',b'-221.35158',b'1026.0802',b'344.1469',b'-195.92508',b'1028.0007',b'344.39807',b'-195.94516',b'1029.6676',b'344.685',b'-195.96942',b'1017.7223',b'344.2165',b'-217.36829',b'1013.58997',b'344.7046',b'-217.4073',b'1009.34326',b'345.46906',b'-217.43309',b'1024.4424',b'350.46115',b'-44.485863',b'996.6051',b'352.9826',b'-144.35953',b'1030.8357',b'365.1599',b'-163.14676',b'1019.0408',b'365.03378',b'-192.02272',b'1043.3182',b'420.4473',b'104.016945',b'961.1388',b'420.8184',b'-137.36499',b'1045.1354',b'495.00885',b'63.845436',b'902.508',b'492.76526',b'-304.59232',b'1078.8334',b'435.73746',b'-140.67924',b'893.207',b'416.42493',b'-529.92163',b'1083.3656',b'420.29758',b'-169.91154',b'886.40356',b'399.03424',b'-580.7181',b'1080.6301',b'412.6747',b'-171.8134',b'892.01636',b'393.7737',b'-576.82166',b'1078.6995',b'420.37457',b'-149.01491',b'897.29407',b'401.08847',b'-533.0407',b'1023.16705',b'596.2177',b'92.3407',b'974.8319',b'593.14514',b'-92.62826',b'1023.22174',b'724.49457',b'203.43547',b'955.55',b'727.03516',b'-94.47824',b'1027.4323',b'840.4492',b'372.60962',b'951.5928',b'859.2926',b'-14.568053',b'1015.5993',b'860.1377',b'383.20422',b'948.98285',b'876.7942',b'-12.653042',b'1074.3212',b'874.4218',b'292.1843',b'985.1737',b'895.6499',b'-155.19347'
image_035.jpg,b'1027.946',b'356.18173',b'-267.45303',b'1025.8201',b'346.93744',b'-241.42908',b'1027.6763',b'346.85815',b'-241.45148',b'1029.4084',b'346.85388',b'-241.4564',b'1017.0677',b'348.76193',b'-261.74075',b'1012.94324',b'349.9462',b'-261.79105',b'1008.63043',b'351.27872',b'-261.845',b'1024.8711',b'352.99368',b'-86.24886',b'998.73175',b'358.19608',b'-180.21272',b'1032.8992',b'366.72366',b'-208.2725',b'1020.24615',b'368.5263',b'-235.49176',b'1050.587',b'423.62833',b'67.784645',b'966.6654',b'424.86673',b'-170.01625',b'1053.661',b'491.50552',b'-16.6919',b'907.6808',b'496.7505',b'-349.3918',b'1086.0344',b'442.03656',b'-278.2615',b'896.9538',b'420.82565',b'-593.8471',b'1091.5502',b'424.6763',b'-318.76236',b'889.7592',b'406.88284',b'-649.80725',b'1088.3896',b'419.20682',b'-319.5605',b'895.2639',b'400.90134',b'-646.75',b'1085.9528',b'425.753',b'-287.86288',b'900.3878',b'405.65683',b'-597.69543',b'1023.78937',b'596.9377',b'97.45728',b'976.0662',b'595.5066',b'-97.7465',b'1039.677',b'722.6304',b'207.50462',b'966.0796',b'727.95135',b'-126.739296',b'1028.1216',b'841.4833',b'412.41986',b'951.2772',b'857.7498',b'-44.11965',b'1017.6243',b'860.96875',b'425.59717',b'944.39343',b'876.94183',b'-42.821682',b'1076.502',b'875.0824',b'326.6356',b'981.5395',b'893.58295',b'-200.385'
image_036.jpg,b'1031.2374',b'357.45068',b'-329.38803',b'1028.6279',b'346.56042',b'-298.19678',b'1029.8646',b'346.27173',b'-298.1399',b'1030.9005',b'346.01718',b'-298.18973',b'1021.5221',b'347.75598',b'-320.91425',b'1017.74506',b'348.46713',b'-320.97025',b'1013.57104',b'349.2547',b'-321.06152',b'1022.8585',b'351.3163',b'-123.873184',b'999.64154',b'356.7918',b'-229.09418',b'1032.9803',b'369.37854',b'-264.01434',b'1022.64026',b'369.52756',b'-294.82477',b'1036.468',b'422.50598',b'88.14287',b'963.55865',b'425.2305',b'-237.3169',b'1034.3707',b'476.41318',b'359.6488',b'906.7929',b'497.2061',b'-463.9683',b'1066.7002',b'426.45825',b'532.28345',b'896.1677',b'418.29205',b'-728.52405',b'1068.8241',b'414.4871',b'582.41064',b'888.51465',b'403.09592',b'-780.5444',b'1071.7449',b'412.32553',b'569.7143',b'891.1409',b'397.7463',b'-779.1859',b'1067.8372',b'415.98312',b'531.21155',b'896.3921',b'404.5581',b'-733.0025',b'1020.4974',b'599.06696',b'105.74108',b'975.2575',b'595.41077',b'-106.18324',b'1020.6533',b'726.05945',b'190.6406',b'957.29224',b'727.2364',b'-102.12102',b'1029.1824',b'840.7551',b'370.53696',b'947.73846',b'857.31067',b'13.221555',b'1016.6131',b'861.9335',b'380.9927',b'939.92926',b'875.93994',b'19.577288',b'1080.0044',b'875.88434',b'281.2107',b'977.1676',b'893.4471',b'-124.36054'
image_037.jpg,b'1031.6158',b'362.88794',b'-254.15019',b'1029.3423',b'351.32513',b'-228.34499',b'1030.4333',b'350.98883',b'-228.34409',b'1031.5383',b'350.6822',b'-228.3533',b'1022.5296',b'352.166',b'-251.56294',b'1018.5465',b'352.6056',b'-251.6152',b'1014.23334',b'353.2155',b'-251.71251',b'1023.9781',b'354.0973',b'-75.75872',b'999.80383',b'358.7266',b'-183.1105',b'1032.5856',b'373.5052',b'-195.38594',b'1023.10706',b'373.31378',b'-226.51398',b'1038.4857',b'423.70456',b'87.51989',b'959.4869',b'425.8175',b'-173.85828',b'1046.4652',b'489.52615',b'108.01339',b'904.57935',b'499.97943',b'-345.7528',b'1068.2001',b'428.26334',b'-17.236885',b'888.4978',b'423.62302',b'-562.8183',b'1074.8656',b'412.15234',b'-29.791967',b'884.15405',b'406.34012',b'-610.9794',b'1072.3961',b'407.16656',b'-31.346748',b'889.4423',b'400.24393',b'-606.9678',b'1067.59',b'413.34976',b'-22.831903',b'893.6779',b'407.1097',b'-565.00616',b'1020.92236',b'599.48724',b'97.05894',b'974.12524',b'596.8214',b'-97.35724',b'1021.64014',b'726.7205',b'198.26308',b'954.8444',b'727.98065',b'-98.79927',b'1027.9114',b'840.7218',b'376.3955',b'949.2618',b'857.72546',b'9.353328',b'1015.4846',b'862.0986',b'387.34634',b'941.53',b'876.74945',b'14.149968',b'1077.2174',b'874.52325',b'292.06168',b'975.34424',b'893.10944',b'-130.85255'
image_038.jpg,b'1029.5785',b'360.33514',b'-200.99498',b'1028.0192',b'349.04898',b'-174.46371',b'1029.4438',b'348.77307',b'-174.47539',b'1030.8184',b'348.57193',b'-174.48383',b'1020.4408',b'349.7088',b'-196.97643',b'1016.52765',b'349.94125',b'-197.02435',b'1012.4151',b'350.21057',b'-197.06934',b'1024.3429',b'353.00436',b'-26.085512',b'999.0491',b'355.5592',b'-130.89719',b'1030.5587',b'371.0252',b'-144.89493',b'1021.3424',b'370.2469',b'-175.29208',b'1043.4757',b'425.1908',b'113.055',b'959.2267',b'427.28003',b'-128.90282',b'1046.8046',b'491.62762',b'79.297714',b'902.415',b'499.9185',b'-283.99066',b'1067.0544',b'428.65536',b'-84.30457',b'888.547',b'421.79892',b'-477.27713',b'1070.6099',b'414.4534',b'-106.322464',b'882.9939',b'404.79163',b'-520.1578',b'1069.338',b'409.37332',b'-101.83385',b'887.8172',b'401.24588',b'-519.9724',b'1066.4261',b'416.1173',b'-89.10227',b'892.0157',b'408.16818',b'-480.53192',b'1023.0436',b'597.88275',b'93.72306',b'975.24365',b'593.9765',b'-94.02873',b'1021.0682',b'727.67126',b'192.85454',b'957.7481',b'726.90283',b'-104.49715',b'1028.0245',b'842.6101',b'320.09558',b'949.7749',b'858.07367',b'-39.558758',b'1016.1417',b'863.6951',b'326.03333',b'943.5542',b'877.72546',b'-39.181725',b'1077.5597',b'875.6577',b'231.78783',b'980.6683',b'894.8537',b'-179.88112'
image_039.jpg,b'1026.6183',b'359.8095',b'-237.69267',b'1025.2819',b'349.8493',b'-209.20398',b'1026.8824',b'349.9203',b'-209.20282',b'1028.3224',b'350.0006',b'-209.23724',b'1017.1907',b'349.87308',b'-232.36752',b'1012.9456',b'350.13675',b'-232.42198',b'1008.5029',b'350.7455',b'-232.48145',b'1020.9142',b'354.6891',b'-50.51313',b'993.72345',b'358.0365',b'-158.36989',b'1028.6473',b'370.87204',b'-177.4841',b'1017.2134',b'370.01486',b'-208.72433',b'1035.9486',b'421.89798',b'116.97011',b'955.8623',b'425.62643',b'-159.90623',b'1038.5729',b'484.3428',b'210.18968',b'900.4669',b'499.90836',b'-346.84647',b'1067.5032',b'427.63196',b'177.64207',b'889.56665',b'424.9492',b'-583.0641',b'1071.8075',b'414.24243',b'182.51665',b'880.2837',b'410.79492',b'-631.17694',b'1071.5695',b'409.00934',b'178.04904',b'884.55255',b'406.22943',b'-628.93866',b'1067.5266',b'414.9488',b'172.8826',b'891.31793',b'412.13104',b'-587.1904',b'1022.63605',b'597.05237',b'94.723495',b'974.16595',b'594.88934',b'-95.01173',b'1021.2418',b'727.21747',b'162.27705',b'954.1269',b'727.4175',b'-71.00842',b'1027.8821',b'842.60596',b'306.20715',b'949.3574',b'856.4259',b'41.726852',b'1015.52765',b'863.96246',b'314.06213',b'949.1958',b'874.9209',b'47.522316',b'1075.2458',b'876.65106',b'216.66736',b'975.03674',b'893.01825',b'-90.80754'
image_040.jpg,b'1024.6101',b'363.6253',b'-246.13',b'1022.7951',b'353.74152',b'-216.8815',b'1024.1974',b'353.79327',b'-216.8851',b'1025.5928',b'353.80966',b'-216.93407',b'1015.0143',b'353.01306',b'-241.17337',b'1010.95905',b'352.87677',b'-241.2136',b'1006.7876',b'353.01562',b'-241.25919',b'1018.1561',b'357.78287',b'-53.712387',b'992.5237',b'359.44238',b'-167.75774',b'1025.4043',b'374.70355',b'-184.17921',b'1015.11707',b'373.68478',b'-217.20163',b'1028.81',b'422.92065',b'118.24707',b'954.634',b'428.21866',b'-162.89226',b'1037.8793',b'481.62012',b'263.25827',b'900.2717',b'499.2793',b'-353.67587',b'1062.4698',b'433.073',b'282.4985',b'885.6431',b'426.39822',b'-605.43134',b'1068.1279',b'418.49203',b'295.29172',b'876.3892',b'410.72818',b'-655.919',b'1067.149',b'415.1556',b'285.40375',b'879.7328',b'405.34445',b'-654.98755',b'1063.8038',b'419.85492',b'277.62747',b'885.7738',b'411.98395',b'-610.55286',b'1021.3173',b'596.50793',b'94.00534',b'972.4673',b'597.08496',b'-94.26293',b'1020.4281',b'725.99677',b'152.89368',b'952.64105',b'732.15826',b'-71.393585',b'1028.1528',b'844.8004',b'304.0508',b'950.0837',b'858.00775',b'54.031723',b'1016.6289',b'865.9774',b'312.62396',b'951.44415',b'875.8039',b'61.102974',b'1076.1051',b'879.06335',b'213.26765',b'976.38495',b'897.6172',b'-78.10132'
image_041.jpg,b'1025.646',b'366.35324',b'-244.16273',b'1024.6724',b'354.53415',b'-214.61285',b'1026.1769',b'354.1362',b'-214.59106',b'1027.5461',b'353.6783',b'-214.61966',b'1016.5962',b'354.5991',b'-239.08334',b'1012.6085',b'354.4351',b'-239.12883',b'1008.1023',b'354.42114',b'-239.1927',b'1019.54095',b'356.88336',b'-49.39982',b'994.2002',b'359.39148',b'-163.91727',b'1026.5538',b'376.9757',b'-181.32535',b'1015.9948',b'376.81583',b'-214.69243',b'1028.6646',b'423.96857',b'130.23158',b'950.59247',b'425.91208',b'-160.66869',b'1035.8358',b'485.86636',b'298.40894',b'893.594',b'499.4041',b'-350.54968',b'1064.7437',b'426.27008',b'353.18478',b'885.195',b'425.1785',b'-589.7525',b'1069.3962',b'414.1958',b'375.5536',b'878.654',b'409.16028',b'-637.0323',b'1068.224',b'408.55237',b'369.3389',b'884.2687',b'404.68607',b'-635.3146',b'1064.6151',b'414.5395',b'351.37936',b'889.5038',b'411.07068',b'-593.3447',b'1015.1792',b'596.96814',b'98.02736',b'968.2417',b'595.87366',b'-98.32994',b'1019.3981',b'725.3022',b'166.56161',b'950.50854',b'728.5828',b'-85.723976',b'1029.3606',b'845.7356',b'288.20715',b'948.5031',b'856.43823',b'4.285305',b'1018.65314',b'866.78394',b'293.23734',b'949.0598',b'874.3856',b'7.27626',b'1076.6482',b'875.5774',b'192.60365',b'975.90405',b'893.89685',b'-134.41074'
image_042.jpg,b'1032.5042',b'393.56363',b'-155.06425',b'1034.9489',b'384.17764',b'-135.7871',b'1035.8359',b'383.88312',b'-135.8033',b'1036.8815',b'383.52066',b'-135.8103',b'1029.7019',b'382.9905',b'-166.65215',b'1026.5317',b'381.94745',b'-166.71695',b'1023.2525',b'380.78864',b'-166.80632',b'1027.7753',b'379.8893',b'-7.631745',b'1007.6745',b'375.90826',b'-150.29037',b'1029.3533',b'400.62604',b'-102.755745',b'1021.1008',b'399.1308',b'-144.36363',b'1024.495',b'428.29074',b'116.19245',b'950.2143',b'423.5868',b'-136.4599',b'1031.3547',b'489.67206',b'69.224174',b'886.76685',b'489.51788',b'-267.8817',b'1056.0635',b'438.70468',b'-134.7078',b'879.5127',b'421.7286',b'-420.39792',b'1061.6458',b'424.42062',b'-155.50043',b'873.97375',b'405.48544',b'-455.08456',b'1060.939',b'418.96802',b'-157.10655',b'880.47174',b'400.25513',b'-446.7858',b'1056.8878',b'425.26068',b'-142.63742',b'884.70404',b'407.03754',b'-418.59894',b'1007.0572',b'595.5586',b'91.08053',b'955.605',b'592.8097',b'-91.256134',b'1017.04236',b'722.6408',b'100.79569',b'943.4126',b'726.30383',b'-117.598274',b'1029.3795',b'840.6009',b'186.7431',b'947.87555',b'854.864',b'-52.79609',b'1018.4206',b'862.086',b'189.63898',b'943.1219',b'874.89386',b'-53.28733',b'1074.438',b'873.8709',b'94.31927',b'979.5402',b'889.65814',b'-192.40254'
image_043.jpg,b'1042.5488',b'389.45392',b'-140.42644',b'1043.7102',b'380.03427',b'-121.010826',b'1044.1725',b'379.65875',b'-121.01332',b'1044.7432',b'379.16418',b'-121.02412',b'1039.2451',b'378.36096',b'-155.70927',b'1036.1929',b'376.9133',b'-155.76625',b'1032.9152',b'375.48114',b'-155.85191',b'1031.9149',b'375.70526',b'-0.55751276',b'1014.852',b'373.07516',b'-161.36438',b'1037.2719',b'397.27188',b'-91.49191',b'1030.6401',b'395.25528',b'-138.28342',b'1028.6033',b'424.05673',b'116.63104',b'953.91187',b'423.9236',b'-155.36234',b'1040.53',b'486.0587',b'96.22956',b'891.20654',b'493.11295',b'-288.874',b'1061.9003',b'429.1709',b'-73.724045',b'883.5117',b'421.20444',b'-434.2969',b'1064.579',b'417.33398',b'-87.989395',b'877.99304',b'403.96063',b'-468.10318',b'1063.5231',b'412.84204',b'-88.0168',b'884.7531',b'398.80408',b'-457.68155',b'1060.9481',b'418.36792',b'-79.82088',b'889.81384',b'405.62665',b'-431.31458',b'1016.28217',b'593.7664',b'91.74634',b'962.2861',b'592.05164',b'-91.95683',b'1014.53394',b'722.23706',b'133.0191',b'947.524',b'728.21075',b'-118.099945',b'1026.933',b'842.01025',b'231.23845',b'949.91064',b'858.0278',b'-55.561565',b'1013.96313',b'862.8504',b'235.71793',b'946.9296',b'876.62427',b'-55.623295',b'1076.1766',b'878.3644',b'145.88025',b'973.8931',b'895.1295',b'-190.55501'
image_044.jpg,b'1044.8655',b'391.74387',b'-126.27509',b'1045.106',b'382.1006',b'-109.4765',b'1045.6481',b'381.5128',b'-109.50039',b'1046.3733',b'380.83514',b'-109.51241',b'1040.3345',b'381.41733',b'-143.49532',b'1037.1997',b'380.37448',b'-143.57698',b'1034.0145',b'379.27243',b'-143.67384',b'1034.8381',b'377.8147',b'2.7577744',b'1018.1399',b'376.50232',b'-153.19666',b'1040.7887',b'398.6214',b'-79.77924',b'1033.8885',b'397.77426',b'-125.198235',b'1029.7302',b'423.57733',b'115.90266',b'958.3933',b'426.88098',b'-148.78996',b'1040.4595',b'488.2277',b'85.52887',b'897.445',b'492.85916',b'-266.2776',b'1064.6655',b'430.72992',b'-86.99903',b'887.98895',b'425.7099',b'-389.97433',b'1069.1237',b'414.64603',b'-103.40486',b'882.20337',b'408.65393',b'-420.506',b'1067.8002',b'410.55783',b'-105.91627',b'888.9684',b'402.51633',b'-414.41998',b'1064.7484',b'418.06888',b'-94.50656',b'892.6681',b'408.74896',b'-388.57562',b'1018.43536',b'594.97125',b'91.646576',b'969.471',b'593.02783',b'-91.77972',b'1017.8826',b'724.38074',b'96.19346',b'953.9761',b'724.8324',b'-109.174065',b'1030.5166',b'842.40955',b'171.28456',b'947.0272',b'852.83844',b'-44.660976',b'1018.64056',b'865.1049',b'173.26593',b'939.9262',b'873.3107',b'-45.17471',b'1076.8419',b'874.7975',b'82.38238',b'977.2564',b'887.584',b'-179.8558'
image_045.jpg,b'1035.5988',b'398.0454',b'-134.37784',b'1038.0037',b'388.78098',b'-118.59003',b'1039.0604',b'388.51788',b'-118.588005',b'1040.2565',b'388.20145',b'-118.62157',b'1032.0508',b'387.19012',b'-152.9981',b'1028.5958',b'385.70804',b'-153.09277',b'1025.0474',b'384.1213',b'-153.22662',b'1030.1138',b'383.5729',b'-6.4734545',b'1009.5574',b'378.92566',b'-165.41095',b'1031.9619',b'404.66574',b'-87.09189',b'1023.57184',b'402.65387',b'-133.56377',b'1023.84143',b'425.34988',b'129.29164',b'949.5489',b'425.8864',b'-163.86816',b'1033.6111',b'484.65836',b'234.29683',b'887.3019',b'491.7432',b'-300.7372',b'1052.6647',b'427.02554',b'230.75763',b'879.8307',b'423.2003',b'-444.59366',b'1056.7574',b'414.0943',b'245.95073',b'875.4504',b'406.7538',b'-475.8181',b'1056.2224',b'413.36783',b'239.25235',b'882.4563',b'401.71826',b'-468.42294',b'1052.4082',b'417.512',b'227.09117',b'885.27234',b'407.72144',b'-442.8668',b'1008.27313',b'594.43146',b'98.207085',b'957.20416',b'592.91437',b'-98.302315',b'1010.93494',b'721.84326',b'103.091194',b'945.5692',b'725.67804',b'-127.70868',b'1026.8622',b'839.5272',b'184.33786',b'947.166',b'855.5837',b'-73.22294',b'1015.1919',b'863.4178',b'186.67117',b'944.3871',b'874.7983',b'-74.493195',b'1078.6914',b'871.0697',b'94.81751',b'977.8861',b'890.7481',b'-210.87291'
image_046.jpg,b'1043.4683',b'397.68655',b'-135.78214',b'1045.7437',b'388.106',b'-118.20998',b'1046.3553',b'387.63763',b'-118.20047',b'1047.0858',b'387.08527',b'-118.22603',b'1041.4401',b'387.38376',b'-150.81477',b'1038.7423',b'386.3744',b'-150.88841',b'1035.8901',b'385.17685',b'-151.01875',b'1035.6472',b'382.34808',b'-3.647738',b'1018.8739',b'379.18427',b'-154.61813',b'1039.444',b'403.4118',b'-88.3764',b'1032.6097',b'401.90674',b'-132.5336',b'1032.8074',b'426.33148',b'131.43982',b'957.18805',b'425.78134',b'-155.28134',b'1037.7076',b'483.29022',b'253.9187',b'895.2039',b'494.2933',b'-282.13068',b'1065.2927',b'421.7218',b'267.2654',b'890.80194',b'425.2725',b'-415.20465',b'1066.5396',b'408.92786',b'286.55444',b'884.6927',b'410.05704',b'-444.435',b'1065.5292',b'408.0574',b'278.1815',b'890.36053',b'405.52548',b'-437.6894',b'1064.0173',b'411.9387',b'263.10162',b'895.509',b'411.8614',b'-413.59726',b'1015.6502',b'596.09247',b'95.89669',b'966.0054',b'594.47034',b'-96.07364',b'1017.704',b'723.2774',b'116.058044',b'952.1851',b'729.083',b'-102.369484',b'1029.222',b'841.5184',b'217.09543',b'946.5664',b'853.1961',b'-22.715435',b'1019.14215',b'862.0233',b'221.71898',b'940.58014',b'870.1602',b'-21.055624',b'1078.4305',b'874.3362',b'133.02013',b'970.3981',b'891.077',b'-152.37785'
image_047.jpg,b'1042.3208',b'397.53317',b'-136.44458',b'1044.9802',b'388.08716',b'-117.70711',b'1045.7783',b'387.642',b'-117.727005',b'1046.5796',b'387.19946',b'-117.72073',b'1039.9053',b'386.74792',b'-149.22913',b'1036.9943',b'385.42215',b'-149.29527',b'1033.9025',b'384.1469',b'-149.38919',b'1035.9705',b'382.32257',b'10.255153',b'1018.2272',b'378.92926',b'-135.03918',b'1038.4594',b'403.229',b'-83.65846',b'1030.8641',b'400.9149',b'-125.990166',b'1034.8824',b'426.15024',b'131.7346',b'956.08374',b'421.70236',b'-113.82291',b'1036.4438',b'489.3923',b'52.029263',b'894.3162',b'490.646',b'-206.73343',b'1060.306',b'439.1054',b'-203.08218',b'886.68054',b'419.9255',b'-324.73087',b'1065.534',b'419.66727',b'-233.88086',b'878.0564',b'403.83347',b'-353.51828',b'1063.0883',b'417.22778',b'-236.7018',b'885.2399',b'399.15164',b'-349.6863',b'1059.2955',b'421.65942',b'-213.14172',b'891.0506',b'406.2437',b'-323.32028',b'1015.1072',b'594.0557',b'94.702446',b'967.19653',b'593.29236',b'-94.84523',b'1022.7222',b'721.49164',b'98.14262',b'954.30475',b'724.4257',b'-124.52641',b'1030.8745',b'839.8987',b'175.60014',b'942.77264',b'854.1541',b'-72.26449',b'1018.78705',b'862.99146',b'177.51175',b'936.2306',b'874.94',b'-74.15655',b'1077.7192',b'874.5256',b'84.43393',b'975.91486',b'889.81366',b'-213.46082'
image_048.jpg,b'1017.7358',b'367.49133',b'-200.96974',b'1016.60474',b'356.6857',b'-174.55539',b'1018.06506',b'356.51187',b'-174.58127',b'1019.43005',b'356.31494',b'-174.61124',b'1008.21454',b'356.3792',b'-199.66736',b'1003.94476',b'356.24265',b'-199.7062',b'999.3499',b'356.2044',b'-199.70795',b'1011.5808',b'358.2471',b'-17.709328',b'985.5097',b'360.43536',b'-134.95314',b'1019.12177',b'378.59573',b'-140.64922',b'1008.3362',b'379.0637',b'-174.5769',b'1024.5768',b'421.47388',b'123.211716',b'947.8756',b'426.31287',b'-116.794495',b'1040.5417',b'491.5543',b'50.407417',b'891.5059',b'500.0838',b'-258.94754',b'1060.784',b'431.01752',b'-183.64766',b'872.6668',b'427.16833',b'-463.1958',b'1061.133',b'415.76193',b'-221.06248',b'865.02563',b'409.9373',b'-509.46082',b'1059.4514',b'410.83374',b'-220.2893',b'869.9291',b'404.4309',b'-511.45917',b'1057.5632',b'415.94922',b'-191.9229',b'874.3794',b'410.84714',b'-467.9029',b'1016.8157',b'594.2885',b'90.3898',b'969.38916',b'593.307',b'-90.61621',b'1018.7289',b'726.7255',b'161.64886',b'947.46106',b'726.8848',b'-79.367',b'1031.3923',b'845.00934',b'295.53998',b'941.6836',b'857.2248',b'17.429613',b'1019.92896',b'865.0851',b'302.29395',b'942.86505',b'874.115',b'20.662338',b'1077.953',b'876.803',b'200.05339',b'964.26086',b'896.167',b'-126.141556'
image_049.jpg,b'1017.38226',b'366.61493',b'-225.84991',b'1016.41614',b'356.3564',b'-196.60071',b'1017.9432',b'356.2638',b'-196.6399',b'1019.3811',b'356.1338',b'-196.67043',b'1007.79553',b'355.74496',b'-220.10469',b'1003.4214',b'355.50058',b'-220.14902',b'998.64325',b'355.36765',b'-220.14485',b'1011.84393',b'358.26892',b'-27.854668',b'984.9528',b'359.54602',b'-136.78249',b'1018.7345',b'377.0816',b'-161.701',b'1007.69635',b'377.2135',b'-193.1461',b'1025.2446',b'421.77765',b'122.37509',b'948.5047',b'427.86768',b'-113.47034',b'1036.0624',b'489.12225',b'51.05897',b'890.7901',b'499.5129',b'-259.05524',b'1059.2986',b'444.38007',b'-199.04437',b'875.2495',b'426.4755',b'-482.6936',b'1061.7866',b'428.37726',b'-237.9859',b'868.9803',b'409.38773',b'-531.5621',b'1060.9261',b'420.50226',b'-243.42859',b'872.9641',b'404.30313',b'-533.5669',b'1057.7318',b'428.58868',b'-210.66663',b'878.2525',b'411.04346',b'-487.81152',b'1017.3672',b'593.1664',b'89.7426',b'969.2552',b'593.3096',b'-89.92103',b'1019.47003',b'725.0938',b'138.58609',b'947.6959',b'726.93994',b'-73.74344',b'1032.8978',b'844.9986',b'246.50037',b'941.73755',b'856.41205',b'25.711237',b'1020.2473',b'865.06067',b'249.8426',b'943.80695',b'872.8187',b'28.695692',b'1080.9656',b'878.6564',b'140.30478',b'961.09735',b'896.5223',b'-121.06975'
image_050.jpg,b'1033.1455',b'362.75443',b'-226.70332',b'1031.0804',b'351.926',b'-199.88966',b'1032.2385',b'351.54245',b'-199.92676',b'1033.3748',b'351.18918',b'-199.9331',b'1024.6626',b'352.54205',b'-222.45387',b'1021.0589',b'352.63702',b'-222.50417',b'1016.9964',b'352.82526',b'-222.5334',b'1025.6753',b'355.043',b'-43.926796',b'1001.798',b'358.53705',b'-148.70187',b'1033.1064',b'373.37082',b'-167.327',b'1024.3846',b'372.78732',b'-197.58289',b'1046.4237',b'425.63446',b'94.23442',b'958.0147',b'427.19342',b'-124.0016',b'1048.5836',b'495.20074',b'-10.302164',b'901.2649',b'498.6453',b'-266.21027',b'1077.3696',b'450.49728',b'-307.97937',b'885.5352',b'424.8438',b'-480.93173',b'1071.6128',b'426.79404',b'-355.42346',b'880.2548',b'408.4146',b'-529.7462',b'1071.2015',b'421.06732',b'-356.17603',b'886.3219',b'403.06927',b'-529.88666',b'1068.5376',b'427.24594',b'-319.22723',b'890.5669',b'409.6167',b'-484.63446',b'1027.0067',b'595.7546',b'85.596375',b'975.73645',b'594.11914',b'-85.855354',b'1025.4584',b'725.4602',b'179.53983',b'952.4371',b'726.8262',b'-97.100464',b'1028.3453',b'841.3367',b'345.1052',b'942.5435',b'857.1985',b'-15.483255',b'1015.2238',b'861.05414',b'354.53748',b'940.7592',b'874.53754',b'-14.449253',b'1075.3784',b'872.7141',b'250.23763',b'962.4871',b'896.5178',b'-168.85196'
image_051.jpg,b'1031.6199',b'366.66916',b'-291.54236',b'1029.37',b'355.50293',b'-261.47162',b'1030.6206',b'355.35077',b'-261.47644',b'1031.7313',b'355.2229',b'-261.5128',b'1021.9762',b'355.42075',b'-286.72418',b'1018.0363',b'355.40915',b'-286.7837',b'1013.69556',b'355.59198',b'-286.85312',b'1022.7515',b'358.7636',b'-90.11816',b'1000.86127',b'360.4014',b'-207.57298',b'1033.4153',b'377.5534',b'-225.8906',b'1023.3387',b'377.48947',b'-260.06705',b'1033.3202',b'422.59933',b'87.62441',b'958.3386',b'426.27597',b'-190.704',b'1041.7253',b'484.14767',b'155.00629',b'898.04614',b'492.24893',b'-374.82098',b'1071.8591',b'430.87228',b'70.756325',b'887.6924',b'420.21454',b'-621.12524',b'1077.3927',b'416.7854',b'63.44902',b'881.88226',b'404.7851',b'-675.27313',b'1075.6702',b'411.6478',b'54.83525',b'886.8865',b'400.19937',b'-674.7369',b'1073.0542',b'416.3474',b'63.398266',b'891.3952',b'406.3708',b'-625.8722',b'1013.64856',b'595.5369',b'102.29821',b'965.5197',b'594.9026',b'-102.583694',b'1034.5376',b'721.3214',b'189.92834',b'952.981',b'728.6751',b'-122.77645',b'1029.7019',b'842.56134',b'376.1096',b'940.8476',b'857.1149',b'-23.94771',b'1018.07385',b'864.14624',b'387.47446',b'939.5915',b'874.63226',b'-20.688433',b'1078.8584',b'873.187',b'289.17206',b'963.0061',b'894.5346',b'-174.26276'
image_052.jpg,b'1027.473',b'363.3054',b'-263.33063',b'1025.8464',b'353.41617',b'-233.02682',b'1027.2354',b'353.4454',b'-233.0191',b'1028.5471',b'353.40253',b'-233.08705',b'1018.136',b'352.41476',b'-256.7111',b'1013.7942',b'352.0035',b'-256.75494',b'1009.1956',b'351.84662',b'-256.81024',b'1020.4805',b'356.79144',b'-61.638866',b'994.3736',b'357.44745',b'-173.12701',b'1027.7697',b'374.2368',b'-198.18932',b'1017.3205',b'373.17334',b'-230.60394',b'1028.661',b'423.32413',b'127.21609',b'954.3628',b'426.07385',b'-163.0997',b'1039.9583',b'480.15445',b'356.13852',b'899.5043',b'500.0842',b'-350.8531',b'1063.5415',b'444.53116',b'455.19238',b'879.57654',b'427.0684',b'-610.53894',b'1079.5702',b'439.62012',b'484.7497',b'872.7782',b'412.08026',b'-661.6655',b'1082.2089',b'436.03113',b'466.63284',b'876.91547',b'406.12494',b'-665.0845',b'1078.5952',b'440.49774',b'450.01804',b'881.5066',b'411.68115',b'-617.0866',b'1021.7769',b'594.38214',b'93.54281',b'972.72363',b'593.58575',b'-93.83795',b'1023.38965',b'721.8652',b'152.71332',b'948.55096',b'729.04443',b'-106.14205',b'1030.8643',b'840.40515',b'342.5194',b'942.87177',b'855.72754',b'16.465519',b'1020.13965',b'859.6328',b'354.74738',b'942.9665',b'870.70526',b'23.565992',b'1078.5701',b'876.4009',b'253.39708',b'964.129',b'898.1779',b'-124.98841'
image_053.jpg,b'1028.8615',b'360.8273',b'-230.64207',b'1026.6885',b'350.84067',b'-200.51617',b'1028.1382',b'350.78503',b'-200.57626',b'1029.5288',b'350.7104',b'-200.60614',b'1019.17834',b'351.07852',b'-223.08777',b'1015.34283',b'351.43552',b'-223.14218',b'1011.18256',b'351.97433',b'-223.1651',b'1022.7428',b'354.95407',b'-32.26346',b'997.32056',b'358.01645',b'-136.82614',b'1030.9036',b'371.87674',b'-167.11057',b'1020.4542',b'372.09708',b'-197.31987',b'1039.932',b'425.46506',b'114.76418',b'956.79785',b'425.05212',b'-112.51809',b'1034.9384',b'495.79446',b'49.779182',b'897.4439',b'495.3561',b'-264.19232',b'1064.9344',b'468.63812',b'-220.12726',b'882.9942',b'423.11514',b'-503.14838',b'1070.4015',b'454.64087',b'-262.45673',b'876.6305',b'405.37915',b'-555.3228',b'1070.4342',b'448.2089',b'-274.7413',b'881.96625',b'399.09332',b'-558.01263',b'1066.7156',b'451.9063',b'-235.32535',b'886.94037',b'406.22784',b'-508.59094',b'1021.4889',b'595.65454',b'89.337234',b'971.8018',b'593.44745',b'-89.56415',b'1023.572',b'726.8754',b'174.9869',b'951.4484',b'725.69666',b'-101.81957',b'1031.3625',b'843.5732',b'340.29825',b'941.701',b'856.9667',b'-18.80874',b'1019.2987',b'863.4662',b'349.27063',b'941.95276',b'875.2155',b'-17.81866',b'1078.0923',b'875.949',b'242.27652',b'963.5171',b'894.74097',b'-175.73456'
image_054.jpg,b'1023.91425',b'364.61996',b'-160.86827',b'1021.8126',b'352.96375',b'-136.93921',b'1023.2927',b'352.5248',b'-136.98364',b'1024.7017',b'352.06458',b'-137.0052',b'1014.3274',b'353.65268',b'-157.43185',b'1010.48517',b'353.80606',b'-157.45473',b'1006.1768',b'353.92657',b'-157.45515',b'1018.2014',b'356.10754',b'1.8138683',b'992.59973',b'359.43588',b'-94.93955',b'1026.005',b'375.07346',b'-108.302734',b'1016.4102',b'374.65457',b'-136.20769',b'1040.2548',b'425.79562',b'110.2802',b'953.2686',b'427.3035',b'-75.080734',b'1053.2385',b'491.95248',b'-15.096347',b'894.2876',b'500.9333',b'-196.17087',b'1064.8707',b'427.20038',b'-296.52716',b'878.1403',b'425.04846',b'-381.77527',b'1066.4697',b'410.81378',b'-346.69073',b'871.8137',b'407.76694',b'-425.64938',b'1066.0763',b'406.17947',b'-343.4014',b'876.7622',b'402.71527',b'-429.44162',b'1063.5409',b'414.47565',b'-304.89734',b'880.3859',b'409.4072',b'-387.06876',b'1022.0283',b'597.254',b'79.93673',b'971.5663',b'595.5288',b'-80.21435',b'1022.155',b'725.69',b'174.5733',b'951.16547',b'729.9535',b'-82.53862',b'1028.3323',b'841.5492',b'327.62027',b'943.0145',b'855.388',b'-1.2878511',b'1017.13885',b'860.5731',b'336.4983',b'942.5285',b'869.97363',b'0.429616',b'1076.9746',b'879.07324',b'236.77702',b'961.32544',b'895.7075',b'-142.35368'
image_055.jpg,b'1025.2225',b'361.6286',b'-170.92787',b'1021.99963',b'349.92508',b'-145.70515',b'1022.9353',b'349.42465',b'-145.71892',b'1023.74945',b'348.8957',b'-145.73923',b'1015.41846',b'350.84967',b'-167.72798',b'1011.7031',b'351.19986',b'-167.7565',b'1007.4195',b'351.63586',b'-167.7554',b'1014.63007',b'353.13388',b'-4.9484973',b'992.01404',b'358.53613',b'-108.482445',b'1026.5002',b'372.93127',b'-117.856224',b'1017.46045',b'372.67673',b'-147.708',b'1034.175',b'424.44',b'114.62701',b'954.3056',b'426.21338',b'-101.1022',b'1047.6296',b'482.13187',b'59.40479',b'897.7598',b'500.0031',b'-244.37619',b'1063.6456',b'423.24744',b'-128.7945',b'878.91364',b'425.93555',b'-435.74948',b'1064.1987',b'406.52866',b'-159.43048',b'873.9072',b'409.0181',b'-478.66754',b'1063.963',b'404.43335',b'-158.39626',b'879.45605',b'403.50146',b'-479.34915',b'1061.8506',b'412.19968',b'-135.54416',b'883.67645',b'410.00262',b'-439.63516',b'1023.40784',b'596.17236',b'81.34256',b'973.04877',b'594.1614',b'-81.62269',b'1022.62494',b'726.9165',b'162.6909',b'948.8906',b'728.825',b'-79.677826',b'1029.1372',b'844.075',b'311.48068',b'941.9463',b'855.77057',b'8.756902',b'1017.43274',b'861.7058',b'320.25287',b'941.38965',b'871.6999',b'12.251993',b'1074.801',b'879.9853',b'225.94652',b'961.9201',b'896.1811',b'-125.67552'
image_056.jpg,b'1025.9954',b'362.00482',b'-233.50308',b'1023.14496',b'350.01373',b'-203.59969',b'1024.2261',b'349.54413',b'-203.61487',b'1025.156',b'348.9915',b'-203.65735',b'1015.91595',b'350.81757',b'-224.93224',b'1012.0413',b'351.1833',b'-224.98584',b'1007.7903',b'351.60965',b'-225.01906',b'1015.2126',b'353.0104',b'-38.83935',b'992.5224',b'358.23236',b'-138.65457',b'1027.0137',b'372.9234',b'-171.61423',b'1017.5634',b'372.84653',b'-200.46468',b'1033.3036',b'422.75928',b'116.45372',b'953.9224',b'427.67328',b'-127.28843',b'1041.8326',b'481.73648',b'190.54471',b'896.6913',b'501.26566',b'-294.91238',b'1066.4723',b'440.98676',b'122.17734',b'879.8124',b'424.7979',b'-531.347',b'1070.7269',b'429.8444',b'115.685196',b'873.80945',b'408.80457',b'-581.3886',b'1070.1831',b'425.94086',b'102.33386',b'879.08875',b'404.09683',b'-583.6017',b'1067.7335',b'429.92987',b'112.89879',b'882.8935',b'410.22345',b'-537.233',b'1024.0813',b'597.2086',b'87.713196',b'972.72284',b'596.5749',b'-87.922356',b'1022.2666',b'728.24664',b'124.36765',b'949.4397',b'729.29254',b'-79.843025',b'1031.006',b'845.7315',b'260.9677',b'941.39465',b'856.70844',b'37.96231',b'1020.0782',b'864.8998',b'267.5116',b'942.38513',b'873.00543',b'44.11224',b'1077.726',b'880.1626',b'163.50206',b'963.1454',b'896.3713',b'-98.48309'
image_057.jpg,b'1021.38965',b'363.24838',b'-265.07278',b'1019.4088',b'353.6711',b'-233.34615',b'1020.9426',b'353.65118',b'-233.36296',b'1022.3393',b'353.49863',b'-233.43954',b'1010.75055',b'353.3279',b'-254.19774',b'1006.50995',b'353.46292',b'-254.24623',b'1001.87634',b'353.77576',b'-254.30403',b'1015.1509',b'357.08765',b'-62.0528',b'988.8844',b'359.26743',b'-159.53651',b'1023.3085',b'373.79318',b'-201.02156',b'1011.77374',b'373.99225',b'-229.29086',b'1028.528',b'422.19745',b'117.87581',b'952.96405',b'428.07986',b'-146.96489',b'1034.7305',b'476.04602',b'334.6849',b'897.5147',b'500.34998',b'-317.19336',b'1074.374',b'448.92923',b'428.37115',b'879.13586',b'429.54318',b'-558.93445',b'1066.8196',b'435.95523',b'455.47272',b'873.0034',b'414.85382',b'-607.62695',b'1087.1372',b'438.01355',b'433.43845',b'876.7689',b'409.59424',b'-613.2256',b'1081.9077',b'442.5625',b'420.58295',b'880.41394',b'415.41132',b'-566.36334',b'1021.3486',b'596.48566',b'85.67658',b'971.1956',b'596.1455',b'-85.89264',b'1021.49414',b'725.988',b'106.7536',b'946.584',b'730.19934',b'-82.10244',b'1029.845',b'845.76385',b'267.932',b'943.34924',b'855.16504',b'54.383373',b'1017.47815',b'865.57745',b'276.75436',b'945.5731',b'870.10986',b'62.3592',b'1077.8855',b'876.34515',b'165.5856',b'957.90875',b'896.144',b'-86.44083'
image_058.jpg,b'1020.80945',b'362.8593',b'-207.5226',b'1018.6803',b'352.80612',b'-177.83081',b'1020.42456',b'352.94354',b'-177.85669',b'1022.01184',b'353.1231',b'-177.91505',b'1009.23865',b'352.4596',b'-200.04301',b'1004.229',b'352.62714',b'-200.07031',b'999.24005',b'353.0303',b'-200.06525',b'1013.6167',b'357.1736',b'-13.883307',b'986.16473',b'357.94183',b'-118.89448',b'1022.4403',b'375.19766',b'-145.88008',b'1009.9635',b'375.28195',b'-176.21165',b'1029.2202',b'419.22134',b'144.12701',b'950.42725',b'426.1539',b'-116.80657',b'1037.1046',b'482.09717',b'197.43452',b'896.65344',b'498.6735',b'-314.524',b'1059.8816',b'441.39334',b'101.451965',b'883.38763',b'428.5996',b'-589.0033',b'1065.3173',b'430.2576',b'92.78993',b'873.4931',b'414.4561',b'-642.71686',b'1064.1152',b'421.24686',b'82.019714',b'877.3505',b'408.12195',b'-641.0777',b'1061.6007',b'428.7172',b'92.536476',b'883.2305',b'413.9401',b'-594.632',b'1021.2131',b'592.5738',b'90.29547',b'970.5254',b'593.43286',b'-90.48351',b'1020.1903',b'726.079',b'155.67882',b'947.65625',b'732.11487',b'-91.46713',b'1029.8855',b'844.1847',b'298.56693',b'940.3416',b'857.24475',b'3.7118263',b'1020.28436',b'863.9957',b'306.42618',b'939.03613',b'875.23694',b'7.8690963',b'1079.1624',b'875.2763',b'208.40588',b'961.5669',b'895.2873',b'-135.82053'
image_059.jpg,b'1014.78357',b'364.86337',b'-224.6628',b'1016.26764',b'355.40454',b'-196.19052',b'1018.1829',b'355.57227',b'-196.24718',b'1019.9548',b'355.71664',b'-196.28035',b'1006.81744',b'354.66824',b'-215.38014',b'1002.3522',b'354.48163',b'-215.41376',b'997.4639',b'354.41776',b'-215.405',b'1014.7496',b'358.76132',b'-30.094206',b'985.1206',b'358.49237',b'-120.2313',b'1015.95496',b'375.85382',b'-161.7666',b'1004.31964',b'375.0065',b'-187.71564',b'1030.885',b'422.03696',b'113.56221',b'950.9016',b'425.66138',b'-88.86275',b'1041.8284',b'491.84454',b'6.2855473',b'895.2553',b'497.82013',b'-231.64519',b'1067.2607',b'440.06714',b'-299.75388',b'879.478',b'427.19977',b'-473.91647',b'1070.5312',b'426.02237',b'-350.5463',b'873.2154',b'411.8849',b'-526.6177',b'1069.0721',b'418.81384',b'-357.3417',b'877.31104',b'406.45908',b'-528.4686',b'1062.9857',b'424.79413',b'-313.55798',b'882.3719',b'412.72913',b'-479.7379',b'1019.4219',b'593.8068',b'81.06756',b'970.2136',b'593.51355',b'-81.2586',b'1019.72156',b'725.90625',b'146.15536',b'947.8779',b'728.856',b'-62.408108',b'1030.8997',b'846.7127',b'286.52115',b'942.18646',b'857.665',b'53.68126',b'1018.9193',b'866.85065',b'293.06238',b'944.0843',b'872.8678',b'58.233295',b'1078.3926',b'877.4746',b'177.6992',b'957.7139',b'896.1716',b'-96.87051'
image_060.jpg,b'1013.7195',b'358.4083',b'-227.95232',b'1011.977',b'349.05734',b'-196.13327',b'1013.66034',b'348.92224',b'-196.18031',b'1015.11786',b'348.73495',b'-196.24611',b'1002.7439',b'349.6517',b'-216.75734',b'998.1188',b'350.2293',b'-216.8121',b'993.0439',b'351.00842',b'-216.82285',b'1007.7856',b'352.76328',b'-23.25002',b'979.66736',b'357.141',b'-119.58833',b'1016.32245',b'368.9389',b'-163.45868',b'1003.34863',b'370.6734',b'-191.20618',b'1022.31116',b'417.97144',b'134.33142',b'950.4623',b'424.02698',b'-105.33127',b'1028.4188',b'483.42322',b'187.96313',b'896.8666',b'496.45035',b'-280.7045',b'1075.6577',b'464.87436',b'69.33626',b'882.8824',b'423.90683',b'-545.56006',b'1088.7417',b'458.42096',b'52.660126',b'874.1042',b'409.24338',b'-601.182',b'1091.0559',b'454.20587',b'30.261576',b'878.1023',b'405.38278',b'-605.4231',b'1083.6459',b'457.90955',b'54.527115',b'883.4617',b'410.9788',b'-553.31323',b'1021.0594',b'591.82416',b'87.133385',b'972.5728',b'591.761',b'-87.26259',b'1018.8514',b'725.6939',b'130.9035',b'949.669',b'728.1447',b'-83.64645',b'1031.3402',b'844.8297',b'287.7679',b'941.9165',b'858.8524',b'36.85648',b'1020.54346',b'864.8484',b'295.91608',b'943.23346',b'878.1157',b'42.348793',b'1076.3567',b'878.27234',b'183.02492',b'968.18445',b'896.9987',b'-113.702324'
image_061.jpg,b'1022.7798',b'380.2591',b'-152.64102',b'1023.51355',b'371.33807',b'-128.77142',b'1024.823',b'371.3118',b'-128.81444',b'1026.1113',b'371.24808',b'-128.88312',b'1016.50073',b'369.82706',b'-151.53043',b'1012.6617',b'368.89542',b'-151.56131',b'1008.3869',b'367.93573',b'-151.60144',b'1019.8177',b'371.30313',b'15.709609',b'993.7232',b'367.17947',b'-93.10116',b'1021.1824',b'388.2858',b'-96.24253',b'1010.9874',b'387.2434',b'-127.653854',b'1027.5524',b'426.93298',b'159.63794',b'947.39923',b'423.9312',b'-76.03607',b'1037.576',b'492.11185',b'244.79478',b'890.98914',b'497.56165',b'-236.08476',b'1105.1821',b'470.7086',b'161.08142',b'872.09424',b'430.17383',b'-479.36804',b'1125.1976',b'468.45618',b'154.69742',b'867.4448',b'413.50485',b'-527.73566',b'1130.2725',b'460.98163',b'128.07831',b'871.7414',b'406.95496',b'-526.92267',b'1122.9742',b'464.86728',b'145.72401',b'876.0762',b'412.9982',b'-484.4309',b'1018.323',b'592.6503',b'83.0808',b'968.00916',b'590.64984',b'-83.1128',b'1019.85486',b'720.29016',b'110.20182',b'946.04803',b'727.635',b'-99.59881',b'1029.3257',b'842.07916',b'246.10931',b'943.11346',b'854.21844',b'15.758713',b'1019.8717',b'862.3089',b'253.0731',b'943.59546',b'871.22205',b'21.45995',b'1078.7958',b'876.4071',b'146.49796',b'964.5901',b'892.75543',b'-126.7913'
image_062.jpg,b'1031.2283',b'392.05853',b'-128.05833',b'1033.503',b'382.8881',b'-107.29116',b'1034.4403',b'382.6932',b'-107.320946',b'1035.5009',b'382.4508',b'-107.35597',b'1028.6144',b'380.9581',b'-137.88213',b'1025.8771',b'379.493',b'-137.94887',b'1023.069',b'378.01956',b'-138.03778',b'1028.8273',b'379.3375',b'24.352343',b'1009.43445',b'374.21637',b'-117.29722',b'1028.3169',b'398.43292',b'-74.9449',b'1021.0945',b'397.01196',b'-116.14442',b'1024.1177',b'426.23685',b'148.99802',b'950.2694',b'420.7584',b'-101.06666',b'1025.0681',b'485.92648',b'132.575',b'888.7347',b'489.7403',b'-215.43848',b'1050.5789',b'460.11853',b'-54.95818',b'876.00085',b'417.37466',b'-362.3027',b'1057.8574',b'450.48508',b'-78.15853',b'873.2358',b'400.6111',b'-398.49435',b'1059.4176',b'444.54086',b'-89.44983',b'878.0728',b'395.61905',b'-397.93915',b'1054.27',b'448.40222',b'-67.016426',b'879.7228',b'402.46957',b'-363.74677',b'1016.4846',b'592.4053',b'93.87079',b'965.3858',b'590.89154',b'-94.000595',b'1023.7767',b'719.5358',b'125.732346',b'943.8613',b'724.7615',b'-143.34416',b'1030.2228',b'842.6242',b'242.94308',b'938.56616',b'856.42944',b'-91.74841',b'1018.1152',b'864.6523',b'248.3693',b'938.7371',b'875.09595',b'-93.72522',b'1080.5883',b'872.4074',b'151.72041',b'963.7373',b'893.598',b'-244.92133'
image_063.jpg,b'1069.19',b'399.89484',b'-240.05977',b'1073.1019',b'391.10287',b'-223.02159',b'1074.7551',b'390.76236',b'-223.01387',b'1076.4789',b'390.42966',b'-223.03114',b'1065.8394',b'389.8186',b'-251.62837',b'1062.0695',b'388.61526',b'-251.71973',b'1058.3285',b'387.49594',b'-251.81119',b'1069.2018',b'385.9987',b'-89.81076',b'1044.3212',b'383.3084',b'-222.55884',b'1066.7764',b'405.12558',b'-184.33035',b'1056.5426',b'404.0935',b'-222.94188',b'1068.4475',b'426.87247',b'70.72648',b'982.7268',b'424.16843',b'-180.6483',b'1061.0803',b'489.20148',b'160.1725',b'918.517',b'487.7',b'-271.42395',b'1092.1317',b'470.64807',b'84.723076',b'911.6967',b'417.10385',b'-407.8973',b'1101.7367',b'462.25284',b'87.188896',b'908.7158',b'402.5089',b'-436.65933',b'1093.0123',b'448.24194',b'72.07423',b'916.44104',b'396.7806',b'-436.58582',b'1100.0713',b'461.46268',b'75.36444',b'919.43713',b'401.91223',b'-408.2834',b'1041.5084',b'595.88715',b'86.54306',b'988.6775',b'590.8226',b'-86.64387',b'1031.3087',b'721.7099',b'147.30011',b'961.47363',b'720.3134',b'-152.35277',b'1030.4642',b'843.0921',b'268.54166',b'939.3046',b'853.963',b'-123.51365',b'1019.3191',b'864.77563',b'274.4282',b'933.666',b'872.2673',b'-127.407776',b'1080.2416',b'874.2977',b'181.62384',b'966.39026',b'893.02734',b'-279.09747'
image_064.jpg,b'1044.1143',b'390.634',b'-207.8837',b'1046.7407',b'381.77338',b'-187.91898',b'1047.9753',b'381.64832',b'-187.9634',b'1049.2808',b'381.42447',b'-187.96268',b'1041.0035',b'380.04337',b'-212.54707',b'1037.7268',b'378.7936',b'-212.61539',b'1034.1431',b'377.43878',b'-212.68626',b'1043.4597',b'378.45566',b'-47.625366',b'1019.76917',b'373.91974',b'-161.81644',b'1042.3398',b'397.12448',b'-151.10207',b'1034.3215',b'395.84537',b'-184.21217',b'1049.2267',b'427.24402',b'79.83678',b'964.3783',b'423.60754',b'-115.985535',b'1042.8438',b'497.7327',b'-9.146448',b'904.6526',b'492.2681',b'-195.67888',b'1082.2352',b'475.05768',b'-325.60474',b'893.6507',b'419.98358',b'-332.25058',b'1094.587',b'465.6397',b'-369.9723',b'888.6343',b'403.1376',b'-364.89578',b'1097.7117',b'459.80835',b'-382.13705',b'895.2493',b'397.77725',b'-365.37225',b'1089.2753',b'463.47748',b'-341.56903',b'898.7995',b'403.74954',b'-333.10648',b'1029.5295',b'595.33057',b'76.65361',b'978.26843',b'593.32806',b'-76.8329',b'1026.6154',b'723.69904',b'143.30748',b'952.3141',b'724.94965',b'-123.31624',b'1028.8906',b'840.9906',b'299.779',b'939.68896',b'853.0998',b'-59.93084',b'1018.373',b'860.92975',b'309.44275',b'937.00024',b'871.2654',b'-60.333015',b'1079.0454',b'874.0491',b'209.88039',b'961.20795',b'890.4941',b'-215.43118'
image_065.jpg,b'1015.5134',b'360.75818',b'-258.14462',b'1013.61646',b'351.06757',b'-227.28935',b'1015.1659',b'350.96536',b'-227.34605',b'1016.5233',b'350.8839',b'-227.37328',b'1004.6177',b'351.60867',b'-247.23006',b'999.95544',b'352.16467',b'-247.26477',b'994.90186',b'352.8872',b'-247.24379',b'1008.16705',b'355.0863',b'-51.688644',b'981.70624',b'358.45068',b'-144.73373',b'1017.2335',b'371.86108',b'-192.08354',b'1005.3857',b'373.58405',b'-218.79002',b'1025.0272',b'420.1613',b'103.602234',b'949.47784',b'426.66724',b'-110.934204',b'1034.797',b'490.2628',b'38.8839',b'897.729',b'501.4138',b'-265.22922',b'1055.782',b'461.97522',b'-243.50775',b'878.3716',b'431.2629',b'-535.24457',b'1064.6458',b'455.04306',b'-288.8771',b'870.3048',b'418.65063',b'-591.48126',b'1064.1879',b'446.67648',b'-302.92847',b'874.968',b'412.74854',b'-595.0044',b'1057.7217',b'454.55356',b'-259.3252',b'879.8272',b'418.5323',b'-542.35376',b'1020.6321',b'593.9611',b'82.42842',b'971.7844',b'593.2424',b'-82.58562',b'1021.51416',b'724.4705',b'164.99403',b'947.6811',b'727.8819',b'-68.573875',b'1030.9539',b'844.1542',b'318.21988',b'939.6038',b'857.73334',b'37.979656',b'1019.8131',b'864.3228',b'325.6057',b'940.1529',b'874.86896',b'41.330864',b'1076.7952',b'875.67346',b'211.5886',b'963.24146',b'895.3941',b'-116.73987'
image_066.jpg,b'1015.6221',b'361.44876',b'-236.25818',b'1015.44666',b'352.17957',b'-206.16553',b'1017.18304',b'352.24255',b'-206.23889',b'1018.7464',b'352.2919',b'-206.2695',b'1006.3838',b'351.96716',b'-225.3199',b'1001.7636',b'352.18613',b'-225.36261',b'996.6151',b'352.5611',b'-225.34137',b'1012.24115',b'355.70102',b'-35.127487',b'982.95435',b'357.8417',b'-124.77739',b'1017.14594',b'372.2687',b'-171.99135',b'1005.1672',b'372.73474',b'-197.71696',b'1027.5094',b'420.7918',b'109.282265',b'949.7563',b'425.8083',b'-84.36866',b'1039.438',b'491.23517',b'18.69971',b'896.5301',b'500.1956',b'-193.86499',b'1080.4567',b'463.49536',b'-291.833',b'877.95526',b'430.51508',b'-407.2612',b'1069.2516',b'442.44397',b'-344.39243',b'869.32153',b'415.0807',b'-455.22665',b'1092.9316',b'447.1546',b'-358.84433',b'873.1363',b'409.2451',b'-463.16638',b'1084.7418',b'452.02808',b'-309.19165',b'878.89343',b'415.19122',b'-414.545',b'1020.50146',b'592.85364',b'76.89392',b'971.44617',b'592.78015',b'-76.99851',b'1021.03503',b'724.6977',b'138.96198',b'946.1421',b'726.39636',b'-63.386658',b'1031.8241',b'846.3333',b'288.06094',b'939.7038',b'854.6328',b'55.73952',b'1019.73724',b'867.63586',b'294.97736',b'942.19025',b'871.3919',b'60.398125',b'1078.4874',b'877.9911',b'175.96269',b'962.1715',b'894.33844',b'-98.573975'
image_067.jpg,b'1020.519',b'361.3694',b'-257.21567',b'1018.95605',b'350.63046',b'-226.71642',b'1020.4225',b'350.41388',b'-226.7592',b'1021.7421',b'350.16043',b'-226.83246',b'1010.5353',b'350.7365',b'-246.53117',b'1006.16235',b'350.95184',b'-246.5837',b'1001.59766',b'351.38254',b'-246.62067',b'1014.2679',b'354.35416',b'-57.832726',b'987.5107',b'357.52036',b'-150.74673',b'1021.7076',b'372.39566',b'-193.8374',b'1010.5962',b'372.09256',b'-220.70296',b'1029.7529',b'421.68164',b'100.7693',b'951.1887',b'425.76746',b'-128.94267',b'1039.2905',b'485.10034',b'190.8907',b'897.1009',b'500.55426',b'-298.84183',b'1060.7551',b'450.9179',b'128.6251',b'879.03986',b'425.44717',b'-559.81696',b'1089.0118',b'448.55084',b'122.152176',b'869.9131',b'410.6526',b'-613.6826',b'1090.7837',b'443.5796',b'104.20257',b'873.4217',b'405.62463',b'-617.42426',b'1085.0391',b'447.96512',b'117.71556',b'879.20135',b'411.59726',b'-567.49005',b'1019.401',b'595.3568',b'78.5635',b'970.0567',b'594.55963',b'-78.724205',b'1019.7131',b'724.4601',b'113.60102',b'943.8485',b'728.8149',b'-69.91585',b'1029.5884',b'843.025',b'287.15103',b'942.7021',b'853.5087',b'80.48845',b'1017.31946',b'863.2072',b'297.33322',b'943.91003',b'870.9074',b'89.772064',b'1079.4004',b'876.418',b'184.35466',b'960.4224',b'894.86743',b'-59.954308'
image_068.jpg,b'1029.3289',b'359.2186',b'-274.85974',b'1026.7108',b'347.93756',b'-246.12746',b'1027.8126',b'347.37637',b'-246.08064',b'1028.7406',b'346.8538',b'-246.11879',b'1019.29266',b'349.49515',b'-272.70563',b'1015.13513',b'350.19052',b'-272.75888',b'1010.3718',b'350.89883',b'-272.83105',b'1018.391',b'350.5992',b'-84.01196',b'995.032',b'356.80948',b'-207.4637',b'1029.849',b'370.57248',b'-212.74506',b'1020.0324',b'370.81818',b'-248.7578',b'1033.5415',b'418.0239',b'109.10887',b'958.00055',b'423.86993',b'-208.28337',b'1047.6885',b'470.3946',b'339.0033',b'898.1343',b'495.65033',b'-408.5308',b'1068.1492',b'415.7032',b'464.8651',b'883.81476',b'419.67453',b'-646.06085',b'1075.2493',b'402.75055',b'503.07156',b'877.7903',b'402.0637',b'-694.8403',b'1073.4711',b'399.27075',b'492.8808',b'883.2544',b'395.32758',b'-691.29913',b'1069.945',b'405.6673',b'463.72833',b'887.2516',b'402.24536',b'-649.1245',b'1029.1959',b'593.1106',b'100.48352',b'980.3073',b'592.53784',b'-100.858734',b'1029.4932',b'724.4059',b'202.86185',b'954.0368',b'726.62335',b'-138.2606',b'1029.8861',b'841.0657',b'388.62155',b'941.3537',b'856.6336',b'-59.303505',b'1018.0665',b'861.34985',b'400.15765',b'940.0642',b'875.1157',b'-57.03581',b'1076.2452',b'875.1779',b'305.56662',b'965.9761',b'894.46484',b'-206.67386'
image_069.jpg,b'1028.5908',b'361.32346',b'-269.58554',b'1026.9948',b'350.12387',b'-238.45401',b'1028.7108',b'350.03833',b'-238.46945',b'1030.3358',b'349.99533',b'-238.52808',b'1018.3502',b'350.47687',b'-258.40942',b'1013.89594',b'350.82623',b'-258.481',b'1009.24554',b'351.2804',b'-258.54898',b'1024.0182',b'355.12653',b'-65.740265',b'995.21405',b'357.6034',b'-158.42691',b'1030.2566',b'373.30322',b'-204.599',b'1019.183',b'373.1317',b'-231.5209',b'1036.6237',b'423.97607',b'103.753075',b'957.94745',b'427.1177',b'-136.56406',b'1045.4004',b'482.90424',b'194.24242',b'900.9735',b'498.66943',b'-295.07227',b'1060.1005',b'432.73242',b'153.27596',b'883.6544',b'424.50027',b'-526.0047',b'1065.4697',b'421.20407',b'152.13269',b'877.2843',b'407.17007',b'-575.52606',b'1063.5891',b'413.80002',b'142.12311',b'882.0797',b'402.26202',b'-578.40845',b'1058.7502',b'422.90237',b'146.40683',b'885.7814',b'409.42108',b'-532.1455',b'1026.8383',b'596.2566',b'87.39523',b'976.74994',b'594.59204',b'-87.59645',b'1028.437',b'726.2715',b'123.84121',b'953.0653',b'729.4532',b'-86.1041',b'1031.773',b'845.70386',b'296.61774',b'940.7509',b'856.2833',b'42.503784',b'1018.38293',b'863.929',b'306.34665',b'940.51056',b'872.5227',b'48.970146',b'1077.0103',b'878.92737',b'194.09404',b'958.35126',b'895.4365',b'-104.51211'
image_070.jpg,b'1032.0619',b'357.309',b'-272.56573',b'1029.7499',b'346.99396',b'-244.06177',b'1030.7153',b'346.7743',b'-244.01164',b'1031.6595',b'346.62308',b'-244.03996',b'1023.5273',b'348.14023',b'-269.88876',b'1019.828',b'348.802',b'-269.95364',b'1015.7966',b'349.66357',b'-270.04767',b'1023.8854',b'351.5046',b'-87.40237',b'1001.3237',b'356.8116',b'-207.3707',b'1033.3011',b'368.654',b'-212.86931',b'1024.7186',b'368.8197',b'-248.04588',b'1034.7549',b'423.468',b'95.49842',b'963.1609',b'422.88007',b'-215.56604',b'1050.6296',b'476.79282',b'289.8872',b'900.7152',b'489.26477',b'-419.77594',b'1076.4288',b'413.61652',b'389.28802',b'890.9697',b'413.14343',b'-653.0206',b'1083.0529',b'397.44318',b'420.85132',b'888.0731',b'397.16708',b'-703.45996',b'1079.9922',b'395.11963',b'415.33667',b'895.47925',b'391.1078',b'-696.85803',b'1077.0688',b'402.33926',b'389.36182',b'899.02216',b'397.9638',b'-655.11835',b'1016.4995',b'595.5694',b'104.73488',b'968.5897',b'594.4111',b'-105.12506',b'1033.3484',b'720.7145',b'198.51184',b'955.2172',b'728.7848',b'-136.49588',b'1029.0844',b'842.91315',b'400.84613',b'941.08203',b'857.3806',b'-42.571148',b'1019.7439',b'864.278',b'414.42203',b'936.3163',b'875.60785',b'-38.760387',b'1079.2876',b'873.0048',b'325.26553',b'968.3228',b'894.1625',b'-185.72678'
image_071.jpg,b'1023.7707',b'355.62778',b'-280.31693',b'1020.90686',b'344.7839',b'-248.60037',b'1022.3392',b'344.41333',b'-248.57355',b'1023.5878',b'344.09464',b'-248.61803',b'1013.07184',b'346.71848',b'-270.63953',b'1008.8754',b'347.90784',b'-270.68466',b'1004.5803',b'349.19522',b'-270.74606',b'1015.82495',b'349.3294',b'-76.32916',b'990.40717',b'357.43845',b'-178.84532',b'1025.9203',b'367.66638',b'-216.11583',b'1014.824',b'368.35764',b'-245.9176',b'1029.7307',b'421.04977',b'120.22834',b'957.1708',b'425.5777',b'-182.10315',b'1034.4633',b'478.03433',b'354.2425',b'901.4819',b'500.0976',b'-384.57346',b'1068.9271',b'437.06375',b'466.68497',b'883.94745',b'426.01382',b'-639.2043',b'1075.0385',b'422.58118',b'503.61536',b'876.5822',b'408.85583',b'-689.09766',b'1073.2051',b'411.9425',b'486.09512',b'880.95044',b'403.76074',b'-690.1798',b'1072.2043',b'422.67404',b'461.53995',b'885.3821',b'410.5609',b'-644.78125',b'1027.1971',b'596.84924',b'100.076',b'979.97107',b'594.20135',b'-100.460175',b'1024.755',b'727.9373',b'168.44449',b'952.9496',b'726.9182',b'-103.46634',b'1029.9789',b'842.8949',b'331.69357',b'942.3064',b'859.65607',b'2.8581932',b'1015.9077',b'863.22656',b'340.1942',b'939.8553',b'878.94696',b'7.9833045',b'1078.2764',b'875.8662',b'239.30762',b'964.70605',b'896.4657',b'-137.00806'
image_072.jpg,b'1024.4722',b'360.44513',b'-238.36389',b'1022.84045',b'350.83054',b'-207.91025',b'1024.2776',b'350.8901',b'-207.90347',b'1025.7023',b'350.94687',b'-207.9304',b'1015.158',b'350.55148',b'-227.55266',b'1011.0332',b'350.67264',b'-227.60318',b'1006.8187',b'350.98572',b'-227.63847',b'1018.8653',b'355.67984',b'-42.109684',b'992.9748',b'357.37155',b'-135.69626',b'1025.5902',b'372.0667',b'-176.47015',b'1014.9957',b'371.36542',b'-203.52527',b'1035.2324',b'424.67114',b'119.81669',b'953.2799',b'427.2192',b'-123.22362',b'1039.2427',b'480.09427',b'228.41951',b'895.37146',b'499.05038',b'-298.06708',b'1069.6367',b'431.41425',b'204.56464',b'877.9335',b'424.08157',b'-540.623',b'1076.3083',b'420.6373',b'207.99213',b'873.7812',b'406.17615',b'-588.30817',b'1076.6355',b'418.20813',b'194.33308',b'879.65985',b'400.08694',b'-588.7079',b'1084.1488',b'429.84793',b'196.59944',b'883.84735',b'407.2349',b'-545.46545',b'1023.9369',b'593.49554',b'86.455536',b'973.31793',b'592.19354',b'-86.66946',b'1024.1808',b'722.99976',b'150.41422',b'950.4773',b'725.9205',b'-101.51587',b'1030.2634',b'843.1007',b'285.6357',b'941.16614',b'859.0246',b'-15.611622',b'1017.4934',b'862.3738',b'292.08234',b'940.168',b'876.3764',b'-12.444497',b'1077.5997',b'878.94214',b'192.59839',b'959.703',b'897.1604',b'-157.02417'
image_073.jpg,b'1015.3975',b'373.2886',b'-158.52309',b'1014.9614',b'362.30234',b'-135.22607',b'1016.2033',b'362.15753',b'-135.29675',b'1017.3566',b'361.90924',b'-135.3321',b'1007.378',b'361.32852',b'-158.65276',b'1003.42804',b'360.67838',b'-158.6805',b'999.41504',b'360.0288',b'-158.6888',b'1008.65295',b'363.16367',b'2.415073',b'986.02637',b'362.09116',b'-107.534096',b'1014.6239',b'384.60223',b'-105.57135',b'1004.6423',b'384.13104',b'-137.49133',b'1025.3348',b'425.34897',b'103.322044',b'940.3047',b'424.34982',b'-75.54096',b'1032.8556',b'495.58054',b'-24.136745',b'881.3554',b'494.2806',b'-204.99487',b'1060.2343',b'450.28537',b'-332.16824',b'866.47314',b'419.41248',b'-412.474',b'1064.6898',b'435.3035',b'-384.44812',b'862.0167',b'400.99698',b'-458.37134',b'1062.1418',b'425.5424',b'-385.9677',b'868.56036',b'395.71915',b'-457.13333',b'1068.3884',b'435.58054',b'-343.09048',b'872.16455',b'402.30908',b'-416.14807',b'1011.1844',b'592.75555',b'68.75745',b'957.8505',b'591.84283',b'-68.89154',b'1019.6508',b'722.22925',b'105.33965',b'939.8734',b'725.9015',b'-88.19931',b'1030.8583',b'842.82935',b'247.81752',b'938.0109',b'856.20654',b'23.853441',b'1020.2383',b'863.5392',b'255.29875',b'938.73126',b'874.67676',b'28.175282',b'1075.8287',b'877.0713',b'145.30893',b'956.8524',b'892.86194',b'-117.6408'
image_074.jpg,b'1019.50824',b'379.23938',b'-106.28836',b'1019.80145',b'368.63434',b'-83.06393',b'1021.60516',b'368.6705',b'-83.087296',b'1023.27155',b'368.6111',b'-83.10099',b'1011.40814',b'367.31708',b'-104.41886',b'1007.2538',b'366.57788',b'-104.4448',b'1002.9725',b'365.84293',b'-104.450455',b'1016.07605',b'370.44077',b'53.800446',b'990.73193',b'367.7574',b'-47.820084',b'1020.2009',b'390.3021',b'-53.795994',b'1010.5353',b'387.91052',b'-83.13681',b'1030.1832',b'432.1174',b'159.28561',b'943.83276',b'427.65048',b'-33.931263',b'1030.1104',b'488.6642',b'24.103859',b'877.278',b'490.72302',b'-169.78738',b'1062.1462',b'423.83',b'-269.1816',b'872.4701',b'416.6802',b'-349.82346',b'1070.3267',b'408.8978',b'-316.625',b'872.44214',b'401.3939',b'-392.2764',b'1067.4307',b'404.1901',b'-317.84845',b'880.79865',b'396.8176',b'-387.90286',b'1063.113',b'411.544',b'-280.67773',b'883.62463',b'403.19687',b'-351.23788',b'1012.3017',b'594.6775',b'78.99088',b'961.6269',b'594.2624',b'-79.15599',b'1022.0241',b'724.8585',b'118.64943',b'950.0331',b'728.66406',b'-104.21508',b'1031.7349',b'845.74756',b'211.88654',b'942.5476',b'859.26556',b'-47.510693',b'1019.7251',b'865.40356',b'214.39662',b'940.8282',b'875.605',b'-48.507698',b'1079.7096',b'877.63354',b'108.257385',b'964.45074',b'897.7959',b'-193.43007'
image_075.jpg,b'1024.074',b'379.04288',b'-207.08856',b'1024.2885',b'368.73373',b'-177.12033',b'1025.4894',b'368.50977',b'-177.12578',b'1026.6587',b'368.2608',b'-177.13171',b'1017.8167',b'367.99042',b'-199.3508',b'1013.96484',b'367.23138',b'-199.38573',b'1010.0328',b'366.57254',b'-199.40425',b'1018.78015',b'370.27304',b'-14.0933075',b'995.0172',b'368.64804',b'-118.649536',b'1022.73615',b'389.0147',b'-145.20255',b'1014.6129',b'388.183',b'-175.52588',b'1028.1862',b'427.52896',b'116.39781',b'944.87946',b'426.00815',b'-91.29011',b'1036.9954',b'466.0885',b'63.709473',b'876.062',b'483.42993',b'-248.83215',b'1061.0825',b'413.62296',b'-138.57777',b'877.5792',b'412.4569',b'-453.62808',b'1069.6515',b'403.0617',b'-166.38147',b'877.28064',b'397.06113',b'-497.37906',b'1067.6416',b'401.5545',b'-172.65302',b'887.32715',b'393.23962',b'-491.31564',b'1063.4838',b'407.6365',b'-148.45483',b'890.61035',b'399.80954',b'-454.0822',b'1009.6897',b'591.36176',b'78.05208',b'957.62646',b'592.85754',b'-78.24699',b'1021.3059',b'719.4095',b'122.36266',b'941.91516',b'724.062',b'-127.23747',b'1030.4506',b'842.24054',b'222.9024',b'939.17554',b'858.5218',b'-88.394775',b'1020.69385',b'865.9447',b'225.49895',b'940.3014',b'877.9299',b'-91.84664',b'1079.7362',b'871.01935',b'119.62662',b'960.147',b'892.0262',b'-243.8821'
image_076.jpg,b'994.8285',b'362.2174',b'-164.80441',b'994.354',b'354.04645',b'-142.79875',b'996.80786',b'353.6441',b'-142.84782',b'999.2591',b'353.28806',b'-142.8653',b'986.3928',b'356.44788',b'-155.63158',b'983.5262',b'357.62878',b'-155.67267',b'980.78375',b'358.7622',b'-155.73473',b'999.2005',b'359.97983',b'-5.4778795',b'974.6377',b'366.00528',b'-65.03397',b'1003.7092',b'371.5262',b'-112.59979',b'991.64325',b'372.89627',b'-129.77113',b'1032.7719',b'426.61877',b'117.829315',b'954.81854',b'429.19485',b'-55.642754',b'1036.7229',b'492.8832',b'-7.5686398',b'891.0017',b'490.1608',b'-205.33891',b'1062.3815',b'441.89725',b'-294.6414',b'883.52826',b'415.714',b'-427.9765',b'1067.5051',b'424.85037',b'-343.95868',b'878.8973',b'402.28088',b'-478.7513',b'1066.924',b'419.33768',b'-349.44626',b'885.2609',b'397.81827',b'-479.0295',b'1063.8696',b'425.4919',b'-306.85956',b'888.7183',b'404.04062',b'-433.46863',b'1011.16266',b'596.2745',b'79.644806',b'966.27893',b'594.31476',b'-79.78767',b'1018.3564',b'726.17975',b'120.78372',b'951.95',b'728.7799',b'-99.01334',b'1028.213',b'844.0313',b'235.06242',b'940.0311',b'861.6117',b'-19.147667',b'1016.81177',b'865.89624',b'238.4765',b'937.6412',b'878.9417',b'-18.611734',b'1075.4125',b'876.1957',b'121.62748',b'961.6227',b'895.83795',b'-171.2151'
image_077.jpg,b'1013.92053',b'345.00925',b'-231.18275',b'1009.3129',b'335.86865',b'-201.73904',b'1010.5311',b'335.587',b'-201.71353',b'1011.6259',b'335.414',b'-201.73859',b'1002.5037',b'338.46457',b'-223.13007',b'998.74133',b'340.14072',b'-223.16856',b'994.5283',b'341.93332',b'-223.2605',b'1004.703',b'345.25052',b'-46.764824',b'981.59863',b'353.90265',b'-146.00844',b'1018.964',b'356.97406',b'-173.86258',b'1008.87335',b'358.93002',b'-202.77571',b'1028.4976',b'421.41306',b'121.13143',b'956.705',b'425.22864',b'-172.366',b'1036.758',b'475.64163',b'339.353',b'900.5063',b'494.59894',b'-400.85568',b'1064.3489',b'425.52142',b'476.3358',b'888.51294',b'419.59686',b'-647.877',b'1070.4475',b'412.3522',b'513.27686',b'883.83997',b'403.68918',b'-699.7962',b'1070.6133',b'406.86624',b'498.3585',b'889.6911',b'397.5479',b'-695.66095',b'1065.6868',b'415.80356',b'473.7362',b'893.84326',b'403.89987',b'-651.69037',b'1020.44574',b'599.4564',b'97.604416',b'971.7888',b'597.15906',b'-98.01264',b'1021.6894',b'728.272',b'152.38493',b'948.98413',b'730.55664',b'-82.387726',b'1030.9836',b'846.8264',b'316.13672',b'937.7873',b'858.60376',b'53.630627',b'1018.4428',b'867.06683',b'324.8801',b'935.78125',b'873.5351',b'61.62816',b'1079.281',b'878.28564',b'220.33769',b'953.37476',b'897.6097',b'-80.883484'
image_078.jpg,b'1013.12555',b'346.29517',b'-254.82416',b'1009.29816',b'338.04428',b'-225.01831',b'1010.97266',b'337.9022',b'-225.00906',b'1012.5657',b'337.88623',b'-225.0409',b'1001.2597',b'340.7366',b'-245.34793',b'996.97345',b'342.62454',b'-245.39142',b'992.4582',b'344.54382',b'-245.48026',b'1006.33246',b'348.29193',b'-64.96141',b'980.74744',b'355.87442',b'-159.4046',b'1018.7835',b'358.125',b'-195.32451',b'1007.0432',b'360.21173',b'-222.7431',b'1030.4717',b'422.4685',b'105.80024',b'956.26624',b'424.2235',b'-169.13072',b'1035.8594',b'484.385',b'277.65952',b'900.64124',b'493.98538',b'-379.3512',b'1067.8177',b'439.64117',b'340.60522',b'887.40283',b'421.20514',b'-631.26025',b'1073.8177',b'420.1396',b'360.40262',b'883.3712',b'404.43887',b'-684.3402',b'1072.8856',b'414.87668',b'344.03787',b'888.8209',b'398.25113',b'-683.0278',b'1083.5591',b'427.78793',b'334.9681',b'892.787',b'404.88333',b'-636.41205',b'1019.684',b'599.52856',b'97.02249',b'971.7645',b'596.03754',b'-97.333984',b'1022.22894',b'728.04956',b'174.84389',b'949.1312',b'728.47784',b'-88.74568',b'1030.8428',b'844.7739',b'346.148',b'937.6328',b'860.35925',b'33.779575',b'1017.6319',b'865.00946',b'355.53275',b'934.95996',b'877.1987',b'40.048138',b'1077.6088',b'875.73914',b'252.9318',b'957.60266',b'897.8238',b'-105.81155'
image_079.jpg,b'1015.06384',b'353.3456',b'-226.05424',b'1012.6626',b'345.4976',b'-198.92476',b'1014.7952',b'345.58563',b'-198.92328',b'1016.7953',b'345.80408',b'-198.9363',b'1003.5187',b'347.62494',b'-216.19504',b'999.2904',b'349.39703',b'-216.23807',b'995.0115',b'351.3218',b'-216.29865',b'1011.7907',b'355.03632',b'-43.05839',b'985.6498',b'361.98193',b'-122.85164',b'1020.70996',b'364.89304',b'-167.27489',b'1007.74854',b'366.98428',b'-190.329',b'1034.6548',b'426.96454',b'115.254456',b'960.1102',b'425.49445',b'-129.54948',b'1039.3252',b'485.1903',b'138.13992',b'899.06805',b'493.13812',b'-303.00845',b'1070.5486',b'431.6427',b'37.034843',b'890.1561',b'418.20105',b'-507.2011',b'1076.6204',b'415.22116',b'25.881298',b'884.4679',b'403.5268',b'-553.4973',b'1075.4111',b'411.43073',b'19.576477',b'890.74646',b'397.1442',b'-550.7657',b'1072.4467',b'418.0602',b'29.682806',b'895.09174',b'402.9793',b'-510.374',b'1018.1934',b'597.5373',b'92.933586',b'969.79456',b'596.41547',b'-93.17753',b'1023.3923',b'727.2829',b'145.24986',b'951.43866',b'730.0219',b'-77.176056',b'1031.5328',b'845.9328',b'270.96967',b'937.2204',b'856.2524',b'36.854614',b'1019.37146',b'865.6503',b'275.936',b'932.96375',b'872.1473',b'42.799614',b'1078.7018',b'880.06525',b'170.52615',b'956.5967',b'894.7163',b'-99.49133'
image_080.jpg,b'1025.9886',b'347.77438',b'-287.08615',b'1022.16376',b'339.75006',b'-253.40541',b'1023.59204',b'339.7104',b'-253.39711',b'1024.949',b'339.81543',b'-253.40776',b'1014.2583',b'341.85013',b'-273.86185',b'1009.8626',b'343.42926',b'-273.907',b'1005.07715',b'345.2652',b'-273.94775',b'1018.939',b'348.49838',b'-76.96924',b'992.3031',b'354.94495',b'-172.33992',b'1029.1161',b'359.67853',b'-221.81117',b'1017.45166',b'360.70782',b'-249.38722',b'1040.2919',b'420.9774',b'86.710045',b'959.2551',b'421.86322',b'-163.65547',b'1048.8809',b'481.53415',b'99.01922',b'898.391',b'491.24384',b'-360.10104',b'1072.4276',b'414.76132',b'-33.87207',b'886.8257',b'415.30466',b'-600.90137',b'1077.0171',b'395.14127',b'-50.484154',b'880.7957',b'397.5729',b'-654.0145',b'1075.5155',b'392.806',b'-54.819927',b'887.87115',b'389.7354',b'-647.0',b'1072.72',b'399.99197',b'-41.011',b'891.89844',b'397.49747',b'-603.05',b'1021.0358',b'595.5219',b'96.549225',b'970.7975',b'593.8186',b'-96.86609',b'1032.0311',b'723.84955',b'181.59126',b'955.1642',b'728.6541',b'-85.0286',b'1032.0576',b'844.5022',b'385.81442',b'940.1047',b'856.1118',b'49.453648',b'1019.2652',b'865.19434',b'398.96738',b'938.2306',b'872.4905',b'56.760437',b'1079.7483',b'876.3463',b'295.60718',b'955.2098',b'897.06024',b'-94.754654'
image_081.jpg,b'1033.0916',b'364.5464',b'-196.47815',b'1030.2031',b'355.16592',b'-166.7066',b'1031.5896',b'355.13422',b'-166.71875',b'1033.0242',b'355.2467',b'-166.7359',b'1023.0137',b'356.0132',b'-190.03314',b'1018.97894',b'356.7228',b'-190.0581',b'1014.54895',b'357.7096',b'-190.06512',b'1026.9271',b'361.5562',b'-6.694154',b'1001.2688',b'364.68982',b'-116.62497',b'1035.475',b'375.22375',b'-136.17563',b'1025.8893',b'375.37894',b'-168.01855',b'1043.9962',b'431.87048',b'134.08755',b'959.61847',b'427.1362',b'-106.3205',b'1049.6102',b'490.91754',b'63.74266',b'894.0756',b'489.70804',b'-272.84738',b'1081.8737',b'420.1545',b'-171.98845',b'890.1976',b'418.273',b'-493.34924',b'1089.081',b'404.28452',b'-206.37195',b'886.1826',b'402.5254',b'-541.0863',b'1086.428',b'399.4565',b'-206.08954',b'894.8237',b'396.2275',b'-535.24',b'1082.5695',b'407.3973',b'-180.63963',b'898.96313',b'403.28012',b'-494.78085',b'1015.6556',b'594.9078',b'95.72879',b'966.58057',b'592.18756',b'-95.993355',b'1032.5387',b'725.3822',b'160.83653',b'958.02734',b'728.65894',b'-131.75925',b'1031.5028',b'843.1918',b'294.77078',b'941.066',b'856.6776',b'-76.3983',b'1019.9299',b'863.5602',b'301.16803',b'938.10864',b'875.5688',b'-76.93483',b'1078.6654',b'876.0331',b'206.15277',b'960.2862',b'896.2865',b'-224.44136'
image_082.jpg,b'1017.64996',b'346.51486',b'-259.64798',b'1015.75415',b'337.31107',b'-229.54094',b'1017.761',b'337.12875',b'-229.54106',b'1019.6789',b'337.07312',b'-229.54944',b'1007.4122',b'339.03305',b'-246.82202',b'1003.32324',b'340.14252',b'-246.87581',b'998.8734',b'341.30188',b'-246.93404',b'1014.13605',b'344.81375',b'-66.83608',b'985.3861',b'351.8201',b'-146.3255',b'1022.081',b'358.0203',b'-199.54774',b'1010.8479',b'359.20178',b'-222.49004',b'1040.0703',b'420.58124',b'92.72145',b'958.7613',b'426.331',b'-145.96806',b'1052.785',b'483.5412',b'117.96151',b'903.2895',b'499.42148',b'-323.5254',b'1071.8525',b'428.8869',b'18.498516',b'886.40643',b'421.70828',b'-540.7247',b'1075.7582',b'407.89932',b'8.104461',b'879.74786',b'403.44482',b'-588.0281',b'1074.2698',b'404.278',b'5.9653234',b'884.5812',b'396.7771',b'-587.3317',b'1070.7017',b'411.61536',b'13.348654',b'888.9234',b'402.90652',b'-544.90546',b'1025.9872',b'596.4713',b'92.210686',b'977.50806',b'593.96765',b'-92.467224',b'1023.9939',b'727.5908',b'180.88762',b'954.0654',b'727.8605',b'-76.56964',b'1030.4763',b'844.0148',b'327.34122',b'939.5667',b'859.93054',b'29.81061',b'1018.9602',b'865.01654',b'334.13367',b'936.3802',b'877.32135',b'34.203323',b'1079.2042',b'877.36035',b'230.1744',b'960.3463',b'894.848',b'-108.941635'
image_083.jpg,b'1032.8528',b'352.87964',b'-234.74165',b'1030.1328',b'342.83984',b'-204.86604',b'1031.4592',b'342.45395',b'-204.86522',b'1032.6909',b'342.17957',b'-204.90312',b'1022.9155',b'345.17178',b'-226.85332',b'1019.32184',b'346.47537',b'-226.90051',b'1015.28845',b'347.96283',b'-226.96785',b'1027.1768',b'348.37808',b'-43.58692',b'1001.337',b'356.70337',b'-146.56503',b'1035.2985',b'364.33667',b'-174.42392',b'1025.3567',b'365.7982',b'-204.17244',b'1046.9069',b'418.9925',b'120.658134',b'963.999',b'424.6201',b'-143.84215',b'1053.4004',b'482.76932',b'261.4111',b'906.60394',b'498.1894',b'-319.73993',b'1080.5732',b'429.73062',b'280.5268',b'892.2242',b'418.63858',b'-547.50586',b'1087.851',b'412.2782',b'291.81287',b'884.8202',b'401.4765',b'-596.3582',b'1085.243',b'405.27383',b'278.16583',b'891.08563',b'393.96567',b'-595.5134',b'1081.2078',b'417.47485',b'273.93234',b'896.4712',b'400.74915',b'-552.1265',b'1029.8185',b'595.39355',b'91.67366',b'978.31305',b'593.0213',b'-91.88609',b'1028.3032',b'727.71454',b'154.56836',b'954.88947',b'728.309',b'-86.694664',b'1031.982',b'843.58575',b'314.59998',b'940.2208',b'859.5666',b'35.989956',b'1017.4267',b'864.80524',b'322.98706',b'938.69653',b'874.99603',b'42.461643',b'1080.3937',b'878.29645',b'217.09537',b'951.90515',b'898.69855',b'-104.8637'
image_084.jpg,b'1027.9215',b'355.93365',b'-202.05559',b'1026.1664',b'346.53122',b'-176.61958',b'1027.9502',b'346.50842',b'-176.65063',b'1029.608',b'346.47797',b'-176.66875',b'1017.77814',b'348.008',b'-195.38873',b'1013.5463',b'349.27234',b'-195.43501',b'1008.9814',b'350.6682',b'-195.48627',b'1024.116',b'352.95386',b'-26.201717',b'997.3148',b'358.7165',b'-113.34955',b'1031.0167',b'367.00458',b'-144.7719',b'1020.1664',b'368.12262',b'-169.87338',b'1048.435',b'423.922',b'106.34293',b'962.1218',b'423.26804',b'-101.65682',b'1053.6481',b'485.59113',b'18.34595',b'904.60095',b'493.76608',b'-250.30318',b'1077.6229',b'441.79993',b'-242.33794',b'887.0832',b'421.47433',b'-459.52734',b'1081.2728',b'423.1337',b'-283.17947',b'882.62067',b'405.58792',b'-507.8982',b'1079.413',b'419.5377',b'-289.9318',b'888.2721',b'400.42395',b'-508.32773',b'1091.1952',b'427.14624',b'-255.0973',b'892.47723',b'407.17712',b'-464.065',b'1028.9044',b'596.36993',b'80.07621',b'977.1728',b'592.27026',b'-80.32044',b'1028.4725',b'726.1997',b'138.38493',b'954.4115',b'727.2534',b'-74.00805',b'1030.1002',b'840.332',b'292.55768',b'941.0009',b'855.4301',b'42.897114',b'1018.16113',b'861.6959',b'300.98434',b'938.0086',b'871.3574',b'48.80386',b'1076.331',b'875.43115',b'194.95335',b'956.49695',b'895.315',b'-95.5381'
image_085.jpg,b'1027.3593',b'356.58023',b'-247.54277',b'1024.9275',b'345.23462',b'-217.49155',b'1026.3727',b'344.53912',b'-217.48709',b'1027.7438',b'343.88736',b'-217.5213',b'1016.82416',b'347.66608',b'-238.25493',b'1012.7663',b'348.76703',b'-238.30005',b'1008.3927',b'349.88754',b'-238.33774',b'1020.6257',b'348.6523',b'-54.41997',b'994.7524',b'357.37408',b'-151.41324',b'1029.3031',b'367.3107',b'-186.5405',b'1019.45526',b'368.01846',b'-214.59541',b'1037.6621',b'422.72833',b'106.99733',b'958.0992',b'424.76535',b'-146.41013',b'1043.8704',b'479.99863',b'206.52777',b'899.13165',b'495.01074',b'-329.34064',b'1073.8765',b'424.9839',b'182.93347',b'885.07623',b'420.46594',b'-564.3077',b'1078.0806',b'408.26935',b'186.03804',b'880.67065',b'403.2581',b'-613.53546',b'1077.2682',b'406.09116',b'175.79529',b'886.6008',b'398.17834',b'-612.6984',b'1073.6782',b'414.58844',b'176.6812',b'890.6611',b'405.41025',b'-569.00635',b'1023.40405',b'595.99176',b'93.37343',b'974.3233',b'594.2457',b'-93.6425',b'1023.5415',b'728.5465',b'162.71185',b'950.56024',b'727.9285',b'-82.94502',b'1030.8164',b'844.6615',b'318.01074',b'939.1342',b'855.3655',b'30.021385',b'1017.67065',b'865.9286',b'326.31842',b'937.85626',b'871.0882',b'35.611923',b'1077.7134',b'877.6953',b'225.94527',b'956.41736',b'895.97327',b'-105.97504'
image_086.jpg,b'1034.5524',b'361.50742',b'-224.78842',b'1030.8801',b'349.98938',b'-197.88455',b'1031.6965',b'349.6103',b'-197.8907',b'1032.5133',b'349.30054',b'-197.93465',b'1024.7433',b'351.0276',b'-220.68027',b'1021.0438',b'351.5112',b'-220.74689',b'1016.95184',b'352.14832',b'-220.87094',b'1023.9977',b'353.74826',b'-47.905293',b'1001.51733',b'358.55853',b'-153.75966',b'1034.5219',b'372.28427',b'-167.90242',b'1026.0228',b'372.565',b'-198.62112',b'1037.9873',b'424.6114',b'118.784485',b'962.46423',b'427.61185',b'-156.9799',b'1042.6509',b'477.58432',b'278.78',b'903.73627',b'497.6169',b'-325.74896',b'1068.3485',b'421.52698',b'331.75974',b'893.1971',b'420.95853',b'-534.79285',b'1072.0516',b'407.47482',b'351.05554',b'886.87537',b'403.62125',b'-580.3831',b'1072.5331',b'402.6975',b'339.37738',b'890.8353',b'398.33386',b'-580.3042',b'1067.934',b'411.74655',b'326.634',b'895.33685',b'405.92648',b'-538.93665',b'1024.9424',b'599.20825',b'93.98515',b'975.4651',b'596.9716',b'-94.248924',b'1025.0891',b'729.6302',b'171.11525',b'952.4224',b'729.907',b'-88.31888',b'1030.2855',b'844.7415',b'320.7923',b'940.1201',b'860.2005',b'19.033531',b'1016.6939',b'865.9596',b'328.39896',b'937.8455',b'875.76385',b'24.33515',b'1079.7806',b'877.2975',b'227.7767',b'954.08325',b'898.534',b'-116.61774'
image_087.jpg,b'1036.628',b'363.15442',b'-241.1658',b'1032.0042',b'350.97018',b'-213.73506',b'1032.4442',b'350.41232',b'-213.72643',b'1032.8562',b'349.85886',b'-213.76234',b'1026.4667',b'352.29034',b'-239.50122',b'1022.9174',b'352.6857',b'-239.56085',b'1018.885',b'353.03976',b'-239.62605',b'1019.97424',b'353.78314',b'-60.404663',b'1002.03',b'358.04742',b'-180.48557',b'1036.2986',b'374.3384',b'-183.05264',b'1028.8083',b'375.22562',b'-217.83339',b'1039.0474',b'424.38947',b'98.878265',b'960.3509',b'429.20258',b'-174.9465',b'1049.143',b'483.4385',b'211.9639',b'901.8308',b'499.56964',b'-348.91357',b'1074.021',b'430.17184',b'210.39888',b'888.7403',b'423.21103',b'-564.33704',b'1077.7756',b'411.26767',b'218.16759',b'884.487',b'405.67212',b'-611.5729',b'1076.2422',b'407.99063',b'210.95554',b'888.7345',b'401.25677',b'-609.05444',b'1074.0392',b'417.27658',b'205.8068',b'892.0002',b'408.0479',b'-567.8018',b'1026.9269',b'599.61084',b'93.19938',b'977.9654',b'598.3877',b'-93.440895',b'1025.0499',b'731.5414',b'169.15358',b'953.2411',b'731.3314',b'-75.52752',b'1032.0204',b'846.30676',b'325.3537',b'938.8094',b'860.09283',b'47.52298',b'1018.23645',b'865.06036',b'333.90387',b'937.96686',b'874.05634',b'54.048782',b'1078.1736',b'881.04694',b'234.20686',b'954.12177',b'899.4357',b'-88.184166'
image_088.jpg,b'1032.6536',b'365.23706',b'-226.4695',b'1029.2252',b'353.17392',b'-200.38527',b'1030.0735',b'352.54822',b'-200.38991',b'1030.863',b'351.9227',b'-200.40486',b'1022.7309',b'354.54248',b'-223.03769',b'1018.8413',b'354.9532',b'-223.09286',b'1014.77734',b'355.36487',b'-223.15773',b'1021.2713',b'355.52',b'-50.41315',b'1000.57263',b'360.51514',b'-155.59454',b'1031.8451',b'375.1005',b'-169.40607',b'1023.5235',b'375.4167',b'-199.87526',b'1037.048',b'426.5778',b'97.35973',b'958.89594',b'429.93842',b'-147.15807',b'1039.9381',b'487.78513',b'119.58855',b'898.6255',b'496.63208',b'-309.45273',b'1083.2319',b'441.8128',b'-4.2845473',b'889.3007',b'419.63153',b'-517.6329',b'1077.6143',b'424.64404',b'-18.154285',b'885.0309',b'401.9854',b'-564.2758',b'1074.4095',b'416.35425',b'-26.637049',b'889.2358',b'397.1159',b'-562.6173',b'1088.3575',b'427.4244',b'-13.249818',b'892.9128',b'404.39047',b'-521.2382',b'1027.8408',b'600.26807',b'89.36878',b'978.91284',b'599.22974',b'-89.602554',b'1026.0092',b'730.8493',b'183.18855',b'953.7656',b'729.2514',b'-81.090385',b'1032.6979',b'846.21606',b'346.3882',b'940.58795',b'859.4835',b'20.961468',b'1021.00024',b'866.62164',b'355.90973',b'939.10297',b'874.1509',b'25.21685',b'1077.1367',b'878.794',b'257.75223',b'958.54083',b'898.23676',b'-118.65822'
image_089.jpg,b'1042.0483',b'381.5719',b'-110.38928',b'1041.8264',b'370.7352',b'-90.49919',b'1042.7046',b'370.2242',b'-90.53837',b'1043.6492',b'369.61743',b'-90.54683',b'1036.2667',b'369.91037',b'-118.1656',b'1032.8966',b'368.94455',b'-118.19731',b'1029.2532',b'367.92053',b'-118.24832',b'1033.5491',b'367.9902',b'36.416553',b'1011.9732',b'368.06848',b'-92.76624',b'1039.2585',b'391.00497',b'-59.78602',b'1032.1753',b'389.3735',b'-97.30798',b'1038.08',b'428.9639',b'132.57423',b'957.9744',b'427.6769',b'-76.08298',b'1038.7152',b'487.17877',b'-3.3592205',b'891.069',b'488.87405',b'-210.29564',b'1066.6895',b'427.44983',b'-315.7459',b'887.3731',b'414.57043',b'-372.66568',b'1074.2167',b'413.47818',b'-362.32996',b'883.70984',b'398.44998',b'-412.85074',b'1071.8829',b'407.58936',b'-366.9697',b'891.07477',b'394.455',b'-407.42197',b'1068.751',b'415.4336',b'-328.57074',b'893.66364',b'401.36475',b'-373.10458',b'1022.8868',b'597.4709',b'81.723755',b'972.7966',b'597.8909',b'-81.95958',b'1024.0912',b'729.327',b'137.3502',b'953.7909',b'730.23615',b'-105.034935',b'1031.0016',b'843.7962',b'265.53284',b'940.3223',b'859.69574',b'-36.98081',b'1016.23535',b'864.2795',b'272.16412',b'937.73553',b'876.38776',b'-36.718365',b'1076.9971',b'878.96484',b'170.20854',b'956.0632',b'897.7735',b'-180.5512'
image_090.jpg,b'1036.2207',b'397.38998',b'-125.13256',b'1038.5916',b'388.28088',b'-103.4301',b'1039.4531',b'387.94836',b'-103.41325',b'1040.5305',b'387.43732',b'-103.44584',b'1033.9478',b'386.25836',b'-134.43958',b'1031.0314',b'384.48868',b'-134.49445',b'1027.9631',b'382.54498',b'-134.60355',b'1032.7683',b'382.2007',b'26.152464',b'1012.73175',b'377.88086',b'-118.886765',b'1033.1218',b'403.58856',b'-73.538185',b'1026.6869',b'401.57117',b'-115.79792',b'1027.0312',b'429.9038',b'170.34177',b'954.3547',b'427.23862',b'-116.65061',b'1035.4528',b'477.92627',b'298.8203',b'888.75336',b'487.91504',b'-253.0735',b'1056.0562',b'415.0084',b'316.26492',b'885.6222',b'415.23367',b'-397.90103',b'1059.9366',b'401.95944',b'330.29822',b'880.7112',b'400.2812',b'-432.2114',b'1060.2275',b'399.4963',b'320.0965',b'887.8643',b'395.1676',b'-425.10083',b'1057.7881',b'405.703',b'310.9428',b'891.9723',b'402.08316',b'-397.09277',b'1016.8834',b'596.74445',b'102.16991',b'970.8086',b'596.0616',b'-102.2961',b'1021.7536',b'726.38763',b'117.90502',b'954.43976',b'726.5459',b'-148.8458',b'1029.5994',b'843.488',b'189.42874',b'939.2093',b'860.3706',b'-106.2001',b'1018.14185',b'865.29034',b'190.00127',b'936.2918',b'876.6485',b'-107.869255',b'1077.7771',b'876.5014',b'98.602',b'957.0447',b'896.1669',b'-241.87311'
image_091.jpg,b'1036.3041',b'406.04916',b'-170.36148',b'1040.3402',b'397.32184',b'-150.04121',b'1041.4932',b'396.8405',b'-150.0688',b'1042.8298',b'396.30283',b'-150.09404',b'1034.8948',b'395.75604',b'-172.95042',b'1031.7273',b'394.16544',b'-173.02231',b'1028.3047',b'392.57812',b'-173.14523',b'1036.6444',b'389.59998',b'-15.571248',b'1014.20435',b'386.39764',b'-122.62818',b'1033.0399',b'411.54532',b'-116.10879',b'1025.8491',b'408.60907',b'-147.42767',b'1033.0728',b'432.2893',b'102.24047',b'954.56177',b'426.2951',b'-77.072975',b'1032.6066',b'473.3833',b'82.601715',b'887.8435',b'483.46704',b'-92.12149',b'1043.1787',b'414.5193',b'-94.78044',b'883.164',b'416.77258',b'-116.19419',b'1042.9117',b'400.30856',b'-115.550026',b'878.53595',b'404.6315',b'-133.07237',b'1041.4856',b'398.90265',b'-125.58753',b'884.8788',b'399.46503',b'-134.44025',b'1040.9362',b'400.95157',b'-105.63244',b'888.0029',b'405.08994',b'-115.49264',b'1010.456',b'595.7854',b'67.79569',b'965.1756',b'598.5188',b'-67.87753',b'1015.5344',b'724.6556',b'78.10151',b'945.51324',b'727.9419',b'-125.53628',b'1029.743',b'844.1027',b'211.77234',b'939.2988',b'857.953',b'-47.34073',b'1020.2225',b'864.7422',b'219.13138',b'940.0485',b'872.6247',b'-45.985703',b'1075.5593',b'874.3706',b'116.38355',b'952.4081',b'892.8539',b'-194.2757'
image_092.jpg,b'1043.7865',b'395.896',b'-101.71564',b'1046.7104',b'387.3967',b'-84.722725',b'1047.6345',b'387.343',b'-84.75551',b'1048.7441',b'387.2911',b'-84.75658',b'1041.4741',b'385.63123',b'-111.46518',b'1038.4966',b'384.41138',b'-111.52742',b'1035.489',b'383.30646',b'-111.63266',b'1040.6973',b'383.8382',b'30.74161',b'1021.25024',b'379.72922',b'-93.71619',b'1040.0211',b'401.65622',b'-54.334198',b'1032.6127',b'399.73752',b'-90.57741',b'1042.6992',b'431.53568',b'125.38005',b'959.0216',b'423.69775',b'-62.630238',b'1034.7126',b'488.4633',b'2.840775',b'893.2536',b'485.4243',b'-97.6231',b'1058.3031',b'421.01614',b'-298.1671',b'885.0982',b'418.3881',b'-128.40697',b'1066.318',b'407.36737',b'-338.81332',b'882.69916',b'399.7368',b'-146.7699',b'1064.5852',b'405.78696',b'-343.2965',b'890.0064',b'394.74023',b'-143.0211',b'1058.8333',b'409.23178',b'-310.80035',b'892.81683',b'402.8428',b'-125.50474',b'1018.532',b'591.89386',b'75.02352',b'967.9476',b'590.1697',b'-75.1649',b'1019.90454',b'723.5912',b'121.77962',b'951.3341',b'725.5246',b'-142.85815',b'1030.2651',b'841.59015',b'251.21664',b'935.688',b'856.4955',b'-108.012405',b'1020.53595',b'862.24335',b'258.92346',b'933.8283',b'876.19824',b'-111.7471',b'1075.4148',b'873.6359',b'161.0155',b'962.29456',b'890.8475',b'-266.15698'
image_093.jpg,b'1058.6471',b'400.0149',b'-186.90479',b'1061.3412',b'390.85294',b'-168.5766',b'1062.4473',b'390.4839',b'-168.57483',b'1063.7863',b'390.10022',b'-168.60522',b'1055.3784',b'389.67245',b'-200.29247',b'1052.0201',b'388.53473',b'-200.37193',b'1048.8506',b'387.39105',b'-200.48195',b'1054.8074',b'385.90317',b'-43.75163',b'1034.7875',b'383.19577',b'-191.23546',b'1054.9216',b'405.8897',b'-135.65569',b'1046.5466',b'404.115',b'-178.56792',b'1049.1741',b'430.2531',b'93.09446',b'970.21326',b'429.40097',b'-163.80139',b'1057.8779',b'488.70865',b'162.47075',b'905.10266',b'485.10028',b'-231.51582',b'1083.8993',b'454.70435',b'65.37497',b'901.1911',b'419.95364',b'-304.88593',b'1081.8795',b'438.08838',b'63.864464',b'896.2474',b'405.75214',b'-328.33298',b'1081.0935',b'430.86124',b'45.306458',b'903.0398',b'401.09808',b'-325.25443',b'1090.8796',b'443.2735',b'53.833984',b'905.49054',b'406.36362',b'-303.3267',b'1031.1102',b'592.8132',b'85.695526',b'977.127',b'592.4771',b'-85.77125',b'1025.5807',b'725.00116',b'131.02773',b'958.29944',b'726.19305',b'-134.15672',b'1032.189',b'844.9421',b'259.47845',b'942.7117',b'857.8305',b'-80.63892',b'1021.2862',b'864.56903',b'266.33945',b'940.7064',b'875.2843',b'-82.33378',b'1075.9915',b'877.3937',b'166.10393',b'955.13684',b'894.9652',b'-237.36118'
image_094.jpg,b'1022.97284',b'402.4097',b'-160.44003',b'1027.4634',b'395.08737',b'-143.73177',b'1028.8641',b'395.19296',b'-143.78964',b'1030.469',b'395.36414',b'-143.82578',b'1021.9805',b'392.57767',b'-163.69528',b'1019.21735',b'391.07175',b'-163.74902',b'1016.4259',b'389.71097',b'-163.84697',b'1024.6699',b'391.18015',b'-19.108793',b'1005.0442',b'385.12762',b'-112.12232',b'1020.3448',b'407.11865',b'-109.19442',b'1012.73303',b'404.33792',b'-136.44499',b'1022.1081',b'436.7426',b'84.91347',b'945.06964',b'425.8577',b'-59.1698',b'1021.0177',b'487.32632',b'-15.604688',b'878.0603',b'478.93066',b'-124.23856',b'1047.7169',b'422.1339',b'-275.98755',b'877.1653',b'418.43985',b'-235.41386',b'1048.7356',b'411.89938',b'-313.14948',b'870.6298',b'405.59467',b'-261.96872',b'1046.8132',b'407.30304',b'-315.73615',b'878.69275',b'401.21448',b'-258.0685',b'1045.3551',b'414.4174',b'-285.93658',b'882.07733',b'406.46063',b'-234.80266',b'990.37054',b'592.8406',b'62.877052',b'953.57635',b'591.15796',b'-62.86148',b'1004.54614',b'720.5201',b'21.613499',b'939.53613',b'724.75226',b'-96.56764',b'1026.3539',b'843.61255',b'91.842804',b'938.76794',b'857.2543',b'-27.891697',b'1016.26624',b'867.78265',b'92.585304',b'939.0508',b'875.1677',b'-28.65982',b'1080.7203',b'870.32385',b'-16.952288',b'962.1064',b'889.58575',b'-170.31145'
image_095.jpg,b'1008.39526',b'393.8587',b'-211.62508',b'1014.0779',b'384.8076',b'-193.34885',b'1016.2913',b'384.8953',b'-193.43744',b'1018.5476',b'384.99756',b'-193.50533',b'1005.83734',b'382.34848',b'-205.08882',b'1002.1633',b'380.9107',b'-205.14543',b'998.3828',b'379.4504',b'-205.20078',b'1014.4694',b'382.44388',b'-49.905888',b'987.1742',b'376.76242',b'-104.9742',b'1007.2372',b'400.37802',b'-153.83516',b'997.1971',b'397.49075',b'-169.9631',b'1026.2869',b'432.39975',b'61.90876',b'933.04175',b'426.16623',b'-32.721138',b'1016.23584',b'490.68292',b'-85.38819',b'871.66504',b'489.93588',b'-134.99948',b'1057.5177',b'460.23853',b'-405.52426',b'865.9076',b'418.93948',b'-345.10934',b'1066.1746',b'448.36057',b'-458.74658',b'861.6694',b'408.79337',b'-388.7363',b'1044.8575',b'431.498',b'-462.50638',b'867.68823',b'402.3025',b'-388.8225',b'1059.0226',b'449.0915',b'-417.76862',b'870.58856',b'407.81985',b'-349.17538',b'996.377',b'594.58527',b'45.06224',b'953.25287',b'594.24506',b'-45.017487',b'1011.2803',b'720.6585',b'25.300173',b'939.9119',b'725.347',b'-82.5753',b'1031.5118',b'842.35785',b'158.81447',b'941.77454',b'859.60126',b'23.81051',b'1020.0416',b'864.291',b'165.5705',b'940.7179',b'875.2181',b'27.124205',b'1076.7009',b'875.0693',b'47.20273',b'964.83295',b'891.0632',b'-124.25447'
image_096.jpg,b'1020.5094',b'362.37222',b'-135.72205',b'1019.9517',b'352.91537',b'-111.90841',b'1021.93427',b'353.15945',b'-111.95921',b'1023.7997',b'353.3382',b'-111.97676',b'1011.373',b'352.5299',b'-132.21892',b'1007.4781',b'352.69763',b'-132.25562',b'1003.18243',b'353.0233',b'-132.25114',b'1018.50885',b'357.5929',b'29.022705',b'990.74286',b'358.7702',b'-67.21816',b'1023.7871',b'373.3998',b'-82.24162',b'1012.5956',b'373.17917',b'-109.93271',b'1038.4218',b'429.4379',b'136.62517',b'952.57916',b'424.7917',b'-44.97115',b'1036.6598',b'500.25223',b'13.527523',b'894.7513',b'495.92722',b'-169.69376',b'1070.1641',b'463.2887',b'-292.51282',b'883.2859',b'422.49594',b'-365.07098',b'1077.4796',b'449.37262',b'-345.98035',b'877.71545',b'405.44656',b'-411.609',b'1089.4128',b'444.4107',b'-353.9245',b'883.83075',b'399.5224',b'-411.70728',b'1081.489',b'450.0066',b'-306.7779',b'888.38495',b'406.59003',b'-368.94077',b'1021.83325',b'593.1149',b'76.4856',b'970.7071',b'590.4036',b'-76.61179',b'1023.1049',b'725.9406',b'127.58383',b'949.3688',b'727.4387',b'-78.03741',b'1033.1859',b'844.8616',b'262.12436',b'939.6369',b'859.83093',b'25.942568',b'1020.5753',b'864.9464',b'268.46576',b'939.8962',b'875.6156',b'29.570465',b'1078.9977',b'876.86554',b'158.07524',b'955.95935',b'899.49945',b'-119.083336'
image_097.jpg,b'1020.3503',b'365.64682',b'-183.93088',b'1020.7842',b'355.37204',b'-158.81746',b'1022.886',b'355.4457',b'-158.87852',b'1024.8767',b'355.4171',b'-158.89789',b'1011.5268',b'354.7907',b'-177.44731',b'1007.4623',b'354.7061',b'-177.48924',b'1003.3176',b'354.7633',b'-177.51018',b'1020.05286',b'358.89993',b'-6.880632',b'991.83997',b'360.04428',b'-94.78105',b'1023.4446',b'376.2245',b'-126.21339',b'1011.6665',b'375.7599',b'-151.5355',b'1039.0706',b'428.69812',b'119.046814',b'953.0818',b'425.15878',b'-68.133125',b'1038.1108',b'497.28033',b'-9.091464',b'894.6505',b'496.12546',b'-201.23846',b'1085.3215',b'456.46143',b'-334.29114',b'884.02655',b'420.03534',b'-413.1225',b'1096.7333',b'440.78522',b'-389.4479',b'877.1172',b'403.29132',b'-462.47363',b'1099.4125',b'434.21878',b'-397.95212',b'882.7522',b'398.12292',b'-463.06323',b'1090.768',b'440.68918',b'-349.57022',b'887.59406',b'405.0249',b'-417.4714',b'1019.16583',b'594.814',b'79.326775',b'969.9519',b'591.8951',b'-79.47414',b'1022.72736',b'726.09705',b'137.93016',b'949.2098',b'727.34515',b'-80.89067',b'1033.045',b'844.8729',b'279.36707',b'940.4612',b'859.9114',b'20.095648',b'1020.2705',b'865.1926',b'285.78482',b'939.0862',b'876.5428',b'23.062115',b'1079.2211',b'874.7723',b'169.49165',b'960.98364',b'898.5223',b'-132.40639'
image_098.jpg,b'1033.6805',b'368.6281',b'-200.65433',b'1030.9913',b'358.1944',b'-171.88336',b'1032.2305',b'358.05997',b'-171.93999',b'1033.3984',b'357.98608',b'-171.9653',b'1023.61975',b'358.59055',b'-195.52684',b'1019.8216',b'358.8839',b'-195.57126',b'1015.67883',b'359.27197',b'-195.61702',b'1025.976',b'362.2269',b'-9.343109',b'1002.8048',b'363.3757',b'-120.23459',b'1035.8215',b'379.02325',b'-138.92056',b'1026.1963',b'379.54306',b'-171.06735',b'1039.5581',b'432.66855',b'131.44623',b'959.7761',b'423.96384',b'-99.49386',b'1034.2676',b'492.03494',b'33.566544',b'894.4929',b'487.22946',b'-256.5998',b'1079.829',b'447.25705',b'-270.20032',b'888.5575',b'417.7971',b'-487.4131',b'1087.2869',b'435.58102',b'-316.86566',b'882.89197',b'401.7627',b'-538.7639',b'1083.6177',b'425.85294',b'-328.20486',b'889.3138',b'397.03235',b'-537.82794',b'1081.0768',b'434.8812',b'-286.13678',b'894.3033',b'404.32892',b'-491.46927',b'1012.5033',b'594.9645',b'94.16458',b'964.7959',b'592.419',b'-94.38298',b'1026.0775',b'725.6453',b'164.74994',b'954.21313',b'727.85046',b'-112.898766',b'1032.5704',b'845.49316',b'288.87808',b'940.84216',b'858.2023',b'-51.43126',b'1020.5484',b'868.5411',b'293.46613',b'939.6351',b'876.60016',b'-53.251877',b'1081.1334',b'875.86194',b'182.53883',b'961.1814',b'897.486',b'-213.31024'
image_099.jpg,b'1033.585',b'357.82654',b'-267.74954',b'1031.0684',b'346.83893',b'-238.72986',b'1032.159',b'346.44785',b'-238.7315',b'1033.0773',b'346.073',b'-238.73215',b'1024.1508',b'347.8117',b'-258.69055',b'1020.1826',b'348.17368',b'-258.7325',b'1016.089',b'348.54776',b'-258.78107',b'1023.73535',b'350.33768',b'-74.51772',b'1001.5123',b'354.8078',b'-168.02687',b'1034.0839',b'369.17416',b'-205.94188',b'1024.7043',b'368.67517',b'-232.8997',b'1046.8992',b'425.30026',b'82.29853',b'959.88635',b'427.10822',b'-149.83736',b'1043.0948',b'490.96643',b'83.68569',b'903.54175',b'496.43845',b'-321.95062',b'1077.099',b'438.52396',b'-83.033',b'887.861',b'420.6612',b'-554.24835',b'1082.0857',b'421.48657',b'-104.6334',b'883.94666',b'402.24026',b'-603.5617',b'1078.4672',b'411.17117',b'-113.73367',b'890.359',b'396.5929',b'-601.90063',b'1092.6229',b'426.30276',b'-93.59873',b'893.42834',b'403.09583',b'-557.98456',b'1027.3505',b'599.5326',b'87.78862',b'976.3346',b'596.3081',b'-88.09448',b'1029.876',b'725.38336',b'179.68933',b'957.1444',b'728.0167',b'-73.0429',b'1033.8159',b'840.5493',b'374.56686',b'941.30896',b'854.4639',b'59.00525',b'1019.7544',b'859.5895',b'387.04465',b'935.0066',b'871.05304',b'66.40365',b'1082.0753',b'874.2105',b'286.5264',b'956.5242',b'896.6896',b'-77.86339'
image_100.jpg,b'1033.0372',b'362.34854',b'-229.09375',b'1029.7378',b'351.84827',b'-200.9476',b'1030.7821',b'351.75555',b'-200.99294',b'1031.6482',b'351.5509',b'-201.00914',b'1022.9219',b'351.47595',b'-223.88951',b'1019.14087',b'351.4461',b'-223.9342',b'1014.9612',b'351.6126',b'-223.96083',b'1022.4741',b'354.88818',b'-40.90817',b'1000.7127',b'357.9202',b'-147.84813',b'1034.5868',b'373.35416',b'-168.2211',b'1024.8406',b'373.51318',b'-199.11932',b'1038.3872',b'423.6671',b'95.26644',b'957.1376',b'426.53992',b'-125.83408',b'1034.3514',b'493.18988',b'25.503403',b'897.899',b'492.4308',b'-284.76404',b'1069.9313',b'455.6731',b'-242.41464',b'888.056',b'420.83105',b'-521.2733',b'1076.4463',b'441.80212',b'-286.0756',b'881.9573',b'403.9539',b'-574.0201',b'1092.9043',b'435.89557',b'-297.31003',b'887.4971',b'398.36688',b'-574.9158',b'1085.448',b'441.3881',b'-256.82706',b'892.3174',b'404.59558',b'-526.21295',b'1022.91345',b'596.394',b'86.94119',b'973.7162',b'596.60724',b'-87.20132',b'1035.8883',b'723.0046',b'167.28778',b'956.36456',b'729.94244',b'-89.6985',b'1030.707',b'842.5868',b'350.82874',b'942.7975',b'855.02814',b'20.507095',b'1019.80457',b'863.9273',b'362.12485',b'940.83344',b'872.2835',b'24.738632',b'1079.8257',b'874.7101',b'260.84567',b'957.3659',b'894.89014',b'-125.3104'
image_101.jpg,b'1022.14154',b'356.74258',b'-203.07375',b'1019.16504',b'347.65198',b'-175.21918',b'1020.4033',b'347.78162',b'-175.23552',b'1021.5755',b'347.87967',b'-175.24579',b'1011.75946',b'347.75656',b'-196.74434',b'1007.81866',b'348.15875',b'-196.78662',b'1003.60315',b'348.7406',b'-196.79445',b'1013.8819',b'352.9565',b'-17.146156',b'990.04565',b'355.41937',b'-118.13617',b'1023.79144',b'367.716',b'-143.48543',b'1013.38153',b'367.93234',b'-172.57683',b'1037.2529',b'425.23657',b'121.11886',b'950.9355',b'424.1916',b'-102.54439',b'1044.3187',b'487.61517',b'39.26908',b'893.3579',b'494.9927',b'-250.13148',b'1073.1942',b'437.072',b'-216.15521',b'879.8176',b'420.17535',b'-462.2796',b'1074.9396',b'420.5911',b'-256.96756',b'875.18475',b'403.05283',b'-510.16595',b'1073.4274',b'411.02048',b'-261.02158',b'881.17285',b'395.97464',b'-510.09985',b'1088.6377',b'422.03986',b'-227.88211',b'885.32043',b'402.6868',b'-466.14923',b'1021.6787',b'593.4581',b'84.2425',b'969.74536',b'591.1403',b'-84.44213',b'1026.8263',b'725.08655',b'145.22667',b'953.4704',b'726.0271',b'-85.05935',b'1033.213',b'844.0787',b'270.09448',b'941.2325',b'858.4577',b'4.0037045',b'1019.5633',b'864.77924',b'275.26617',b'941.1686',b'874.6338',b'6.498584',b'1081.8665',b'875.80927',b'168.89084',b'957.1434',b'898.0712',b'-141.61626'
image_102.jpg,b'1029.9985',b'358.42093',b'-263.99725',b'1026.9065',b'348.68875',b'-235.20148',b'1028.0052',b'348.66473',b'-235.25269',b'1028.9745',b'348.60333',b'-235.2706',b'1020.2743',b'348.98126',b'-257.45547',b'1016.4536',b'349.35147',b'-257.50702',b'1012.4452',b'349.8519',b'-257.55295',b'1020.8027',b'353.58627',b'-70.19307',b'998.9375',b'356.37827',b'-173.55995',b'1031.6215',b'369.8623',b'-201.35368',b'1021.9994',b'369.94876',b'-231.26466',b'1040.0065',b'425.80484',b'79.92368',b'955.2838',b'425.24545',b'-149.49419',b'1036.8394',b'492.1785',b'-8.08366',b'894.4658',b'491.4574',b'-311.2542',b'1077.1234',b'443.97015',b'-299.51956',b'884.75726',b'420.3453',b'-550.27625',b'1080.9386',b'420.86285',b'-345.91968',b'881.1661',b'403.78534',b'-603.9089',b'1078.7628',b'415.65283',b'-352.78748',b'886.7913',b'398.4773',b'-604.46655',b'1074.9417',b'422.115',b'-313.021',b'890.013',b'404.40314',b'-554.9109',b'1016.1103',b'595.61005',b'92.97587',b'966.3543',b'594.9549',b'-93.22645',b'1033.9224',b'724.8449',b'184.40211',b'959.45935',b'728.09784',b'-112.379684',b'1032.1327',b'842.25934',b'363.4409',b'943.864',b'858.1676',b'-21.571041',b'1021.3433',b'863.72815',b'373.7679',b'940.768',b'876.5618',b'-19.831364',b'1080.262',b'874.201',b'269.95233',b'966.10785',b'893.5525',b'-177.12216'
image_103.jpg,b'1037.5293',b'365.54037',b'-210.13686',b'1035.7228',b'354.9158',b'-183.4028',b'1036.7269',b'354.66763',b'-183.43277',b'1037.6454',b'354.36697',b'-183.43831',b'1029.429',b'354.82785',b'-206.27649',b'1025.7534',b'354.71317',b'-206.32294',b'1021.68695',b'354.74713',b'-206.35588',b'1028.5171',b'357.40186',b'-34.383266',b'1005.81494',b'360.49765',b'-140.39522',b'1036.6268',b'375.9158',b'-153.36513',b'1028.0161',b'375.0289',b'-184.09569',b'1045.5343',b'424.32388',b'93.17024',b'960.94183',b'426.05945',b'-121.44818',b'1054.0421',b'479.21817',b'-2.2802832',b'900.5012',b'492.91302',b'-271.11658',b'1086.1752',b'416.5028',b'-263.0997',b'888.9773',b'419.81332',b'-481.09085',b'1092.0751',b'400.8361',b'-302.5468',b'885.3695',b'403.08566',b'-527.85486',b'1089.2375',b'397.67783',b'-300.85922',b'892.0929',b'397.71677',b'-523.4969',b'1085.3971',b'404.31177',b'-271.9268',b'895.42786',b'404.89566',b'-483.123',b'1027.1238',b'595.6062',b'82.35781',b'975.988',b'594.6516',b'-82.61427',b'1031.9486',b'723.0671',b'164.49118',b'957.87775',b'726.6955',b'-108.727875',b'1034.2509',b'842.05536',b'319.70557',b'943.5939',b'855.5202',b'-33.552822',b'1023.01447',b'864.16437',b'328.5286',b'940.0842',b'873.5953',b'-32.737823',b'1083.1938',b'871.06964',b'231.4744',b'961.0801',b'892.72797',b'-180.20361'
image_104.jpg,b'1047.9733',b'382.02075',b'-244.8039',b'1049.7793',b'371.7238',b'-215.47789',b'1051.2406',b'371.7304',b'-215.47404',b'1052.6521',b'371.64246',b'-215.52168',b'1043.5707',b'370.24005',b'-240.93462',b'1040.5011',b'369.41595',b'-240.9772',b'1036.6887',b'368.54523',b'-241.02853',b'1045.6833',b'370.60324',b'-46.143417',b'1021.63196',b'367.3522',b'-166.08002',b'1046.5293',b'390.08688',b'-179.14244',b'1038.6068',b'388.0861',b'-214.08627',b'1047.9448',b'425.91287',b'122.64479',b'966.9966',b'423.05212',b'-142.81374',b'1051.4489',b'473.37112',b'233.83745',b'900.2308',b'482.30133',b'-309.52292',b'1092.3624',b'414.11368',b'202.1156',b'891.09045',b'412.51465',b'-540.6298',b'1103.2452',b'402.5872',b'205.87456',b'883.9586',b'397.11554',b'-589.14386',b'1098.8787',b'399.43863',b'192.97931',b'891.55206',b'393.32886',b'-587.3474',b'1094.22',b'404.5066',b'194.50557',b'896.1472',b'399.4262',b'-544.2602',b'1023.71484',b'595.7309',b'96.79792',b'973.13495',b'595.4139',b'-96.96779',b'1039.1501',b'723.9922',b'133.96057',b'959.5071',b'727.58704',b'-118.43258',b'1033.4525',b'841.67804',b'281.16855',b'943.45795',b'855.5613',b'-31.432903',b'1022.52637',b'862.4181',b'288.8924',b'938.53656',b'872.9874',b'-29.492342',b'1080.5391',b'874.26263',b'187.5643',b'960.55444',b'895.9868',b'-180.30229'
image_105.jpg,b'1033.2386',b'390.37845',b'-184.2065',b'1035.8242',b'381.01544',b'-157.78004',b'1037.2748',b'380.93204',b'-157.78871',b'1038.9692',b'380.81262',b'-157.83229',b'1029.1045',b'379.02002',b'-181.0214',b'1025.4332',b'377.4929',b'-181.07811',b'1021.516',b'375.79507',b'-181.16707',b'1033.1273',b'377.29483',b'-3.808204',b'1006.9133',b'370.56448',b'-111.78157',b'1031.862',b'397.2919',b'-123.84093',b'1022.8591',b'395.10934',b'-155.38652',b'1039.7029',b'424.4505',b'146.30965',b'953.335',b'424.39984',b'-85.47615',b'1041.6301',b'459.2772',b'218.16365',b'880.65424',b'479.30115',b'-184.24802',b'1061.2026',b'400.17413',b'146.0011',b'880.15216',b'407.30853',b'-313.89258',b'1068.7487',b'388.84796',b'142.00098',b'883.38916',b'392.2913',b'-348.9407',b'1067.1484',b'388.48682',b'128.75694',b'892.1296',b'387.38013',b'-346.34607',b'1062.8839',b'393.6367',b'136.34552',b'893.85486',b'394.28586',b'-314.5426',b'1016.21454',b'592.4561',b'84.01383',b'962.86273',b'592.21387',b'-84.07274',b'1029.8458',b'721.2291',b'99.80033',b'951.0338',b'723.8659',b'-146.98175',b'1032.5789',b'841.73267',b'216.13939',b'941.76556',b'854.1121',b'-98.59271',b'1021.46716',b'863.2241',b'220.51144',b'940.51764',b'871.59357',b'-101.05362',b'1080.2759',b'874.68524',b'106.47165',b'960.7357',b'892.8607',b'-262.81134'
image_106.jpg,b'1028.2369',b'374.2239',b'-120.03283',b'1027.6984',b'363.61697',b'-96.765236',b'1029.0328',b'363.42676',b'-96.796974',b'1030.3151',b'363.15463',b'-96.81686',b'1020.12036',b'362.85138',b'-116.57109',b'1015.9042',b'362.26526',b'-116.5935',b'1011.679',b'361.6774',b'-116.5797',b'1022.48425',b'364.7437',b'39.295403',b'998.43933',b'364.22348',b'-54.93345',b'1027.9028',b'385.41812',b'-68.06527',b'1018.23175',b'384.73505',b'-95.25955',b'1041.218',b'424.8751',b'130.17006',b'953.37213',b'426.90594',b'-29.615602',b'1051.9492',b'476.2792',b'-15.169607',b'888.5343',b'490.19138',b'-155.47397',b'1067.769',b'412.0999',b'-301.8082',b'876.1118',b'415.267',b'-332.94928',b'1071.2726',b'398.58078',b'-351.62302',b'875.6369',b'398.41064',b'-374.70636',b'1069.5217',b'395.74396',b'-349.8379',b'882.3376',b'392.9224',b'-373.1255',b'1066.3975',b'401.47574',b'-311.4726',b'884.4073',b'400.73068',b'-336.04404',b'1026.3248',b'594.90356',b'69.22677',b'973.2966',b'593.46533',b'-69.42392',b'1025.9662',b'728.0752',b'129.86513',b'951.0114',b'726.7412',b'-88.423225',b'1033.5533',b'844.6021',b'261.09888',b'941.1679',b'856.8508',b'-15.779637',b'1021.3576',b'862.79785',b'268.1124',b'942.0224',b'869.9326',b'-15.034541',b'1080.1355',b'878.16125',b'160.73141',b'954.5025',b'898.1552',b'-162.34976'
