image_001.jpg,b'1060.7638',b'507.83395',b'-237.79059',b'1059.7009',b'497.01688',b'-206.16595',b'1060.3087',b'496.67624',b'-206.13672',b'1060.8868',b'496.35587',b'-206.18376',b'1054.5237',b'496.73883',b'-239.88072',b'1050.9158',b'496.2828',b'-239.92618',b'1046.6912',b'495.76132',b'-240.02289',b'1048.713',b'495.368',b'-56.539047',b'1028.0603',b'495.71878',b'-213.50058',b'1058.4564',b'519.7361',b'-182.63399',b'1051.1312',b'519.7605',b'-228.42224',b'1039.3942',b'556.5443',b'70.4535',b'961.93225',b'556.7945',b'-216.92322',b'1061.5852',b'585.4025',b'216.61258',b'897.9473',b'606.7447',b'-420.8304',b'1096.8655',b'540.79364',b'254.07309',b'900.99493',b'536.87683',b'-591.489',b'1101.5167',b'530.1985',b'275.53397',b'900.53064',b'522.3249',b'-635.2271',b'1098.2661',b'529.51074',b'265.55576',b'905.5518',b'519.41455',b'-617.70447',b'1093.806',b'533.9586',b'250.43779',b'907.56335',b'525.1482',b'-587.655',b'998.655',b'691.7311',b'99.20002',b'946.26495',b'692.0087',b'-99.56374',b'1083.2991',b'747.19995',b'-73.76221',b'988.52734',b'754.9943',b'-378.28247',b'1031.4832',b'842.32715',b'111.879036',b'950.1939',b'857.81146',b'-221.26392',b'1015.3911',b'856.4616',b'125.56725',b'936.9141',b'873.1139',b'-208.81772',b'1069.6401',b'872.1456',b'44.774776',b'973.6393',b'889.13257',b'-321.52826'
image_002.jpg,b'1058.374',b'592.6124',b'-358.39862',b'1060.063',b'581.7481',b'-322.51764',b'1061.7874',b'581.77094',b'-322.5175',b'1063.6387',b'581.87256',b'-322.56766',b'1052.0869',b'581.336',b'-344.438',b'1047.9142',b'580.9811',b'-344.5404',b'1042.9791',b'580.7366',b'-344.6525',b'1058.2882',b'584.07306',b'-151.41731',b'1027.8066',b'582.3748',b'-256.45743',b'1059.4202',b'603.93036',b'-297.22382',b'1049.4685',b'602.743',b'-327.8216',b'1051.6271',b'633.97437',b'-8.79394',b'973.6179',b'636.0071',b'-235.52576',b'1061.6919',b'673.27356',b'103.48255',b'900.946',b'686.8443',b'-429.26868',b'1094.4727',b'629.0533',b'135.7712',b'907.6269',b'626.4412',b'-621.4626',b'1103.8477',b'613.2066',b'154.06906',b'905.62634',b'608.5405',b'-660.1506',b'1102.4005',b'612.54694',b'147.55682',b'913.2362',b'608.1393',b'-650.16815',b'1097.1549',b'617.769',b'134.85945',b'916.00653',b'614.3029',b'-620.5988',b'1009.11005',b'764.3984',b'89.26205',b'956.0497',b'765.1042',b'-89.578926',b'1097.7452',b'760.2404',b'-114.47608',b'997.5505',b'769.65295',b'-410.6343',b'1031.7172',b'840.9722',b'127.90875',b'953.4738',b'858.2129',b'-154.4889',b'1018.93524',b'853.92175',b'148.99457',b'940.8047',b'867.1502',b'-129.21689',b'1069.6866',b'876.34076',b'89.16143',b'973.8263',b'893.19775',b'-212.22168'
image_003.jpg,b'1061.3413',b'603.36804',b'-236.30911',b'1062.2463',b'592.77185',b'-211.14383',b'1063.1665',b'592.3858',b'-211.15656',b'1063.9784',b'591.9666',b'-211.19717',b'1055.5316',b'592.7399',b'-238.52956',b'1051.3375',b'592.19257',b'-238.63916',b'1047.2568',b'591.35223',b'-238.73602',b'1048.1749',b'592.0',b'-83.43856',b'1029.4282',b'591.08997',b'-213.09402',b'1058.6018',b'614.89813',b'-188.87445',b'1049.7997',b'613.42865',b'-226.63347',b'1040.0544',b'639.88635',b'15.020229',b'966.6887',b'641.3202',b'-192.2575',b'1056.8907',b'687.6233',b'25.37706',b'893.63043',b'693.2184',b'-341.0551',b'1075.0756',b'635.25745',b'-47.893127',b'909.0982',b'632.23175',b'-475.9268',b'1083.1409',b'621.3706',b'-52.291866',b'908.7975',b'617.5976',b'-506.9569',b'1081.7909',b'620.18677',b'-50.419796',b'916.1603',b'616.4478',b'-492.75095',b'1076.9905',b'624.9888',b'-49.68982',b'918.74365',b'623.3091',b'-471.68',b'1000.49976',b'764.45325',b'84.205894',b'948.6749',b'765.4029',b'-84.358826',b'1090.0613',b'755.2282',b'-119.409225',b'991.37823',b'762.7821',b'-416.4122',b'1030.8834',b'840.12616',b'62.10756',b'950.0636',b'858.519',b'-223.7494',b'1018.8734',b'853.38763',b'78.39489',b'940.39325',b'868.49084',b'-205.56587',b'1065.3759',b'875.0359',b'20.417046',b'972.3435',b'891.4316',b'-291.94202'
image_004.jpg,b'1064.1831',b'596.20496',b'-218.67317',b'1062.4741',b'585.8107',b'-189.2799',b'1063.4363',b'585.4324',b'-189.27328',b'1064.3817',b'585.1118',b'-189.31673',b'1056.3466',b'587.3326',b'-213.88678',b'1052.2795',b'587.9706',b'-213.99432',b'1047.9397',b'588.48267',b'-214.09024',b'1050.0885',b'589.9144',b'-54.001595',b'1030.1498',b'591.0789',b'-169.99878',b'1063.4064',b'609.04285',b'-169.92308',b'1054.3472',b'610.72687',b'-203.68144',b'1046.3693',b'638.06903',b'50.691032',b'967.53503',b'645.7338',b'-148.95772',b'1055.7437',b'679.2316',b'147.13127',b'895.78577',b'693.8581',b'-293.8472',b'1077.5062',b'634.59375',b'167.49835',b'917.18524',b'636.0663',b'-420.8994',b'1091.3306',b'622.0698',b'179.72324',b'917.614',b'623.72534',b'-449.25076',b'1090.0315',b'619.8599',b'172.82318',b'927.586',b'623.2136',b'-433.00165',b'1083.5851',b'624.41907',b'164.70474',b'929.99536',b'628.60876',b'-416.10614',b'1011.1385',b'766.2403',b'77.31918',b'959.64404',b'764.94995',b'-77.516495',b'1092.639',b'754.1664',b'-145.42514',b'990.0604',b'759.9537',b'-406.5509',b'1034.0383',b'840.4503',b'25.867712',b'952.8836',b'857.88965',b'-262.74252',b'1020.9905',b'852.69086',b'40.80899',b'941.04706',b'868.5289',b'-248.98782',b'1070.9059',b'873.68896',b'-24.196577',b'973.1733',b'890.15125',b'-346.23663'
image_005.jpg,b'1051.7573',b'477.14',b'-222.59167',b'1048.097',b'465.63333',b'-192.6744',b'1048.375',b'465.0899',b'-192.61821',b'1048.6311',b'464.57822',b'-192.66783',b'1043.5004',b'466.36346',b'-228.10182',b'1040.3236',b'466.46472',b'-228.14471',b'1036.8192',b'466.71124',b'-228.22345',b'1034.0028',b'467.1417',b'-49.65601',b'1019.15643',b'470.40594',b'-214.2475',b'1051.4279',b'486.95142',b'-169.15817',b'1044.8625',b'487.45486',b'-217.1018',b'1032.9783',b'530.78613',b'84.67876',b'964.40424',b'535.90784',b'-232.50227',b'1054.9204',b'562.5907',b'271.55298',b'897.43317',b'594.3529',b'-443.25375',b'1085.5674',b'514.8637',b'341.9136',b'904.3826',b'519.771',b'-626.06744',b'1098.5239',b'503.423',b'370.6414',b'900.7389',b'505.17673',b'-672.9677',b'1094.4607',b'501.87595',b'355.3123',b'907.7284',b'502.04407',b'-653.4439',b'1086.3441',b'508.37473',b'337.0088',b'911.72974',b'507.50327',b'-621.4905',b'1000.57996',b'676.0357',b'102.96955',b'950.9316',b'675.72174',b'-103.26158',b'1084.1674',b'744.3726',b'-33.002716',b'988.55725',b'755.7598',b'-322.75735',b'1034.0276',b'843.4006',b'183.08377',b'949.99384',b'859.70306',b'-109.32691',b'1018.5642',b'859.16565',b'200.1769',b'934.40283',b'872.62665',b'-89.43944',b'1067.3483',b'876.08984',b'120.92009',b'981.5268',b'891.8398',b'-195.04013'
image_006.jpg,b'1059.6259',b'604.55316',b'-219.23622',b'1059.8964',b'593.09863',b'-191.68918',b'1060.6233',b'592.7457',b'-191.6876',b'1061.3768',b'592.5081',b'-191.7236',b'1054.1748',b'593.8672',b'-218.77896',b'1050.2584',b'593.89465',b'-218.88144',b'1045.4641',b'593.77',b'-218.99138',b'1047.2672',b'593.99664',b'-61.24516',b'1027.8179',b'593.0318',b'-188.2658',b'1056.725',b'615.7914',b'-171.45094',b'1048.2883',b'615.97394',b'-208.48415',b'1038.4084',b'637.1511',b'35.828133',b'965.3627',b'645.772',b'-172.27097',b'1051.9984',b'677.2599',b'108.06063',b'894.06604',b'694.3951',b'-339.61423',b'1072.201',b'634.35004',b'106.02744',b'914.45264',b'634.81335',b'-472.91684',b'1083.3518',b'618.8766',b'114.240585',b'917.0906',b'620.62726',b'-503.45117',b'1079.4753',b'618.2078',b'107.39626',b'924.91113',b'620.3108',b'-484.27942',b'1075.1002',b'621.9975',b'102.80897',b'927.0064',b'625.6149',b'-466.94717',b'1011.57117',b'765.9671',b'81.25983',b'960.1185',b'767.2037',b'-81.44977',b'1091.1875',b'754.964',b'-138.62874',b'992.25195',b'766.0139',b'-420.6621',b'1033.6425',b'839.93115',b'57.627445',b'953.78253',b'859.89355',b'-255.34604',b'1020.2502',b'851.5369',b'74.990746',b'941.9997',b'869.3749',b'-240.10237',b'1069.1718',b'874.123',b'11.710653',b'971.8038',b'890.2147',b'-337.47385'
image_007.jpg,b'1051.2399',b'489.01096',b'-328.12512',b'1049.3363',b'477.41055',b'-295.83203',b'1049.9292',b'477.209',b'-295.79965',b'1050.5227',b'477.00693',b'-295.8813',b'1043.4812',b'476.95203',b'-327.08685',b'1040.1233',b'476.46872',b'-327.15378',b'1036.3179',b'475.91208',b'-327.26724',b'1039.5181',b'478.59735',b'-133.50096',b'1019.2996',b'477.02472',b'-279.19995',b'1049.3381',b'500.23984',b'-267.26813',b'1041.7849',b'498.03967',b'-309.78812',b'1039.5619',b'534.8291',b'24.347624',b'963.81726',b'538.98584',b'-272.92102',b'1060.2399',b'574.3529',b'214.22331',b'892.28',b'596.66064',b'-473.39917',b'1086.1964',b'520.6106',b'288.93335',b'901.2271',b'524.634',b'-676.2289',b'1094.7125',b'509.0096',b'315.64896',b'900.9159',b'510.39148',b'-724.1588',b'1092.2709',b'506.86462',b'303.86115',b'907.634',b'506.13257',b'-712.3709',b'1087.9583',b'511.7618',b'285.85522',b'909.8373',b'512.5544',b'-674.857',b'998.2702',b'681.1292',b'98.22269',b'944.5199',b'680.8474',b'-98.57794',b'1081.6835',b'748.9216',b'-41.932743',b'986.3967',b'757.9915',b'-333.2521',b'1032.5785',b'843.21216',b'211.14809',b'949.3861',b'860.7847',b'-123.90412',b'1020.7671',b'858.37067',b'230.85492',b'937.5157',b'875.4388',b'-106.0568',b'1073.2426',b'878.32227',b'142.83852',b'980.3808',b'891.29736',b'-234.76826'
image_008.jpg,b'1087.604',b'501.23718',b'-201.07',b'1085.4126',b'490.69882',b'-175.03358',b'1085.8958',b'490.69055',b'-175.03831',b'1086.279',b'490.78598',b'-175.12576',b'1079.8076',b'489.79602',b'-205.51515',b'1075.9226',b'489.23398',b'-205.61407',b'1070.9983',b'488.84174',b'-205.74051',b'1072.5553',b'494.766',b'-43.974564',b'1051.5049',b'493.9675',b'-185.6124',b'1084.7296',b'513.8048',b'-151.76909',b'1077.1844',b'513.96436',b'-193.26044',b'1085.4933',b'563.2227',b'87.86924',b'983.9642',b'557.4118',b'-191.75906',b'1085.5059',b'603.9968',b'291.937',b'928.42',b'643.46106',b'-385.41418',b'1115.9824',b'552.3445',b'434.42065',b'943.3658',b'560.0364',b'-586.6001',b'1117.5807',b'537.5992',b'478.6235',b'943.2851',b'542.49164',b'-628.6327',b'1114.899',b'536.796',b'471.46683',b'946.60046',b'538.2568',b'-612.4818',b'1111.5267',b'539.5703',b'434.99155',b'948.6805',b'543.29333',b'-583.2575',b'1034.9031',b'714.1082',b'88.67523',b'968.1925',b'707.53424',b'-88.900696',b'1122.6609',b'738.17694',b'-168.00691',b'1008.0216',b'746.7638',b'-535.5349',b'1062.2993',b'846.5997',b'31.855717',b'966.69916',b'870.5273',b'-402.53894',b'1045.23',b'866.77484',b'46.03498',b'953.1131',b'888.96234',b'-392.67267',b'1113.9824',b'873.8158',b'-58.836014',b'1000.3799',b'901.67523',b'-549.4621'
image_009.jpg,b'1084.1097',b'491.95016',b'-228.8724',b'1080.4762',b'481.68005',b'-199.45668',b'1080.84',b'481.65546',b'-199.4396',b'1081.2083',b'481.65887',b'-199.52618',b'1075.2244',b'481.2614',b'-232.34332',b'1071.4501',b'481.1048',b'-232.46915',b'1067.2928',b'481.0676',b'-232.59773',b'1069.0541',b'486.4317',b'-53.661346',b'1047.2104',b'487.08463',b'-206.15474',b'1081.4672',b'505.39868',b'-174.54272',b'1073.7954',b'505.36993',b'-219.31914',b'1081.9371',b'557.70105',b'99.33976',b'985.45966',b'553.762',b'-230.21254',b'1092.8057',b'590.1792',b'342.48123',b'936.0772',b'638.6403',b'-473.72452',b'1119.0201',b'538.8242',b'533.1041',b'945.34674',b'554.72723',b'-724.49536',b'1118.8268',b'527.819',b'590.1001',b'944.5648',b'538.1315',b'-773.8596',b'1118.2173',b'526.5546',b'584.6611',b'946.65295',b'533.0611',b'-757.28314',b'1114.8074',b'529.95056',b'536.0249',b'948.7227',b'538.8581',b'-721.93634',b'1036.8074',b'712.9168',b'104.5999',b'970.7993',b'708.1494',b'-104.96332',b'1125.0898',b'742.878',b'-68.674355',b'1009.7907',b'748.5084',b'-586.4556',b'1061.2407',b'849.62976',b'144.2922',b'965.62787',b'870.7108',b'-508.76627',b'1045.083',b'869.544',b'159.31236',b'950.5633',b'890.4239',b'-504.2145',b'1112.0397',b'875.439',b'59.074493',b'998.43475',b'900.46967',b'-666.1697'
image_010.jpg,b'1079.396',b'480.66867',b'-211.44618',b'1075.623',b'469.32648',b'-186.91014',b'1076.2915',b'469.24194',b'-186.9264',b'1076.9',b'469.32812',b'-187.02289',b'1070.056',b'469.058',b'-220.92778',b'1066.0963',b'468.9018',b'-221.03864',b'1061.5948',b'469.01825',b'-221.15807',b'1062.7064',b'475.4949',b'-59.911694',b'1041.7405',b'476.18945',b'-218.42969',b'1077.3688',b'493.86148',b'-162.86238',b'1069.5515',b'494.0459',b'-209.18437',b'1079.6173',b'547.11273',b'74.98049',b'977.5763',b'540.219',b'-226.42534',b'1081.0665',b'596.37305',b'248.2418',b'924.3655',b'627.0435',b'-424.95834',b'1115.7927',b'538.8305',b'334.35376',b'937.2523',b'544.6915',b'-643.0565',b'1114.8395',b'527.0509',b'363.98898',b'935.9349',b'526.56757',b'-690.50165',b'1113.1011',b'524.1623',b'357.34195',b'938.5231',b'522.77374',b'-677.8561',b'1110.7186',b'527.44293',b'333.3777',b'941.10425',b'527.61176',b'-641.355',b'1032.7981',b'697.1569',b'97.24531',b'966.32043',b'690.8509',b'-97.393456',b'1116.7245',b'738.0918',b'-108.00963',b'1009.2717',b'746.77234',b'-552.03424',b'1060.3213',b'847.26715',b'97.103325',b'966.2224',b'869.9443',b'-437.70627',b'1047.8027',b'867.0239',b'111.41826',b'948.79517',b'889.19586',b'-430.10892',b'1111.98',b'876.4171',b'5.729766',b'998.05035',b'902.0995',b'-590.4986'
image_011.jpg,b'1076.8606',b'519.18976',b'-186.26828',b'1075.3907',b'507.99646',b'-159.54248',b'1076.4911',b'507.97763',b'-159.57971',b'1077.4319',b'507.9815',b'-159.6713',b'1068.2859',b'508.14462',b'-185.24057',b'1063.6979',b'508.08075',b'-185.33398',b'1058.0056',b'508.1896',b'-185.4242',b'1066.1865',b'511.95215',b'-27.44676',b'1039.1074',b'512.95764',b'-148.02878',b'1075.5566',b'533.15186',b'-137.12479',b'1066.3175',b'532.97815',b'-172.39864',b'1081.2947',b'577.1529',b'86.49',b'978.197',b'575.061',b'-125.68332',b'1083.4364',b'624.9039',b'208.94405',b'930.238',b'659.1449',b'-274.1224',b'1108.3912',b'569.41437',b'250.80502',b'938.40796',b'577.08673',b'-453.72568',b'1108.083',b'555.3024',b'267.9754',b'937.59235',b'560.4484',b'-489.23694',b'1104.92',b'553.2204',b'264.0055',b'942.1017',b'556.85645',b'-477.73523',b'1102.9731',b'556.7671',b'249.7843',b'943.82355',b'562.6614',b'-451.67392',b'1037.5994',b'726.35706',b'74.06122',b'972.0415',b'720.82056',b'-74.10509',b'1120.2261',b'739.58954',b'-185.55981',b'1015.37256',b'745.658',b'-499.62048',b'1060.1697',b'848.61395',b'-43.264126',b'968.8783',b'874.79285',b'-419.05594',b'1046.3375',b'866.9888',b'-33.461796',b'955.7859',b'892.91345',b'-413.93988',b'1110.9612',b'875.42426',b'-132.98534',b'996.301',b'895.2403',b'-558.2705'
image_012.jpg,b'1075.8295',b'465.52225',b'-243.2394',b'1072.012',b'453.22516',b'-214.77435',b'1072.1779',b'453.1977',b'-214.84476',b'1072.2501',b'453.38574',b'-214.91994',b'1067.0095',b'452.90366',b'-248.92279',b'1063.1813',b'452.74033',b'-249.01994',b'1058.4619',b'452.77832',b'-249.06676',b'1060.0927',b'458.86523',b'-67.2294',b'1036.45',b'458.13806',b'-223.96054',b'1073.8969',b'477.8064',b'-187.14261',b'1066.804',b'476.05627',b'-232.66306',b'1072.9106',b'528.5205',b'53.104652',b'967.6007',b'524.89166',b'-232.18965',b'1079.1177',b'590.00354',b'-49.152287',b'922.93005',b'610.5702',b'-456.57263',b'1103.0695',b'521.7081',b'-286.95306',b'937.2094',b'522.1253',b'-680.7879',b'1106.5189',b'509.0929',b'-321.7209',b'934.3521',b'505.81458',b'-736.0949',b'1103.5532',b'504.98257',b'-312.98386',b'936.4106',b'499.86703',b'-720.6487',b'1099.6787',b'510.57855',b'-293.2163',b'938.87506',b'505.0797',b'-678.6759',b'1030.81',b'693.23',b'106.25621',b'965.755',b'688.867',b'-106.14687',b'1117.1147',b'733.0173',b'-158.73363',b'1014.2162',b'744.76465',b'-561.07825',b'1057.6451',b'848.7319',b'20.4896',b'966.7709',b'866.6176',b'-456.19925',b'1044.2882',b'868.9881',b'32.77631',b'949.2897',b'886.92645',b'-449.87555',b'1109.7085',b'875.242',b'-68.795586',b'993.82007',b'893.057',b'-605.42444'
image_013.jpg,b'1083.6224',b'497.30685',b'-176.50859',b'1081.9364',b'486.17044',b'-151.01364',b'1083.0074',b'486.2275',b'-151.08623',b'1084.0646',b'486.32706',b'-151.15453',b'1075.4944',b'485.13004',b'-180.17435',b'1071.5725',b'484.44666',b'-180.29057',b'1067.2109',b'484.0108',b'-180.39534',b'1071.6626',b'490.85312',b'-19.099066',b'1048.3678',b'489.66797',b'-156.16011',b'1081.471',b'510.86978',b'-126.671104',b'1072.3239',b'509.64975',b'-166.77774',b'1083.9325',b'564.64856',b'83.586395',b'982.2978',b'553.38214',b'-159.33276',b'1081.309',b'617.339',b'46.464558',b'929.9281',b'640.253',b'-348.05945',b'1116.4784',b'547.6287',b'-75.81738',b'944.4226',b'555.3662',b'-544.4797',b'1115.7717',b'533.27435',b'-86.73036',b'943.0412',b'537.85815',b'-585.9502',b'1113.5024',b'532.01434',b'-78.58858',b'945.37695',b'534.7827',b'-571.3183',b'1111.1803',b'536.1089',b'-77.79624',b'947.76953',b'539.6163',b'-541.2877',b'1035.5953',b'715.454',b'89.10669',b'968.33154',b'708.52356',b'-89.01787',b'1126.2294',b'741.77673',b'-130.40942',b'1013.2845',b'748.0425',b'-541.40704',b'1057.3368',b'849.1741',b'66.97052',b'966.76355',b'872.7856',b'-424.6516',b'1042.2593',b'869.37537',b'81.69863',b'949.6131',b'889.6316',b'-416.96777',b'1112.4982',b'874.4616',b'-13.817331',b'994.91034',b'903.9609',b'-576.02783'
image_014.jpg,b'1084.4238',b'530.6083',b'-277.09515',b'1082.5951',b'519.25714',b'-248.82872',b'1083.5885',b'519.06934',b'-248.92499',b'1084.5267',b'518.99994',b'-248.99443',b'1075.6929',b'518.9885',b'-280.1762',b'1071.3583',b'518.78143',b'-280.28552',b'1066.1731',b'518.9361',b'-280.3608',b'1074.1724',b'523.5836',b'-105.972664',b'1048.9045',b'524.7027',b'-250.05936',b'1083.2361',b'542.54974',b'-223.62555',b'1076.006',b'543.2166',b'-265.42783',b'1080.5542',b'586.48004',b'-1.7246362',b'986.2623',b'586.218',b'-242.04451',b'1098.2867',b'637.90344',b'-124.84559',b'935.59296',b'662.4427',b'-440.98312',b'1109.3711',b'584.9043',b'-350.58325',b'959.94556',b'591.9176',b'-640.36865',b'1108.6681',b'569.343',b'-386.2361',b'966.4961',b'572.1436',b'-690.6751',b'1103.8323',b'564.35693',b'-373.63638',b'966.73694',b'567.23987',b'-674.16736',b'1102.2152',b'570.78564',b'-353.04538',b'966.0142',b'574.9354',b'-636.7644',b'1018.04675',b'728.74457',b'87.38963',b'956.7304',b'723.4587',b'-87.25338',b'1104.0671',b'749.3692',b'-129.47327',b'982.107',b'758.9665',b'-506.71246',b'1040.4381',b'846.0984',b'75.45537',b'958.5471',b'868.7596',b'-328.95874',b'1027.1393',b'864.6959',b'89.921555',b'945.69995',b'886.65424',b'-317.07236',b'1087.9244',b'869.6461',b'-4.2285905',b'984.573',b'893.3151',b'-462.80188'
image_015.jpg,b'1092.2627',b'533.50287',b'-313.58978',b'1090.2386',b'523.16895',b'-279.19748',b'1090.9617',b'523.1576',b'-279.21265',b'1091.6302',b'523.2212',b'-279.2648',b'1084.517',b'523.1791',b'-311.74557',b'1080.1333',b'523.3691',b'-311.8597',b'1075.0201',b'523.8204',b'-312.01077',b'1082.2588',b'527.3069',b'-116.62784',b'1057.5768',b'528.9796',b'-267.6858',b'1091.5536',b'545.5601',b'-254.62549',b'1084.1833',b'545.34845',b'-298.84534',b'1085.3102',b'585.56854',b'29.408054',b'997.1024',b'589.2132',b'-259.6939',b'1092.2421',b'629.9128',b'179.87671',b'945.8111',b'666.68414',b'-476.8955',b'1106.2673',b'580.74786',b'271.58292',b'967.54877',b'593.07947',b'-696.0867',b'1107.9333',b'566.75433',b'304.58267',b'968.5675',b'575.1293',b'-745.8103',b'1104.5757',b'562.7845',b'305.1299',b'968.3297',b'571.0646',b'-726.90094',b'1102.6473',b'567.94446',b'275.26965',b'968.86633',b'576.8042',b'-691.8507',b'1025.2158',b'724.2185',b'93.38057',b'965.2453',b'721.6722',b'-93.71996',b'1107.189',b'751.6513',b'-105.00422',b'990.18256',b'761.0627',b'-525.782',b'1045.6255',b'846.3633',b'130.64125',b'959.97205',b'870.5874',b'-361.10284',b'1029.5153',b'865.66797',b'147.8348',b'947.6443',b'886.5181',b'-349.98788',b'1088.9662',b'871.1673',b'50.367157',b'985.7407',b'895.9259',b'-498.63766'
image_016.jpg,b'1088.7401',b'563.47144',b'-252.38766',b'1088.0715',b'551.84705',b'-223.19377',b'1089.3741',b'551.5844',b'-223.22845',b'1090.5406',b'551.41986',b'-223.29906',b'1080.8722',b'552.05054',b'-252.39496',b'1076.1254',b'551.70917',b'-252.50578',b'1071.4596',b'551.75055',b'-252.5835',b'1081.6552',b'555.50256',b'-82.253334',b'1054.1516',b'555.96295',b'-215.19258',b'1087.6501',b'573.8348',b'-200.60535',b'1079.605',b'573.77606',b'-239.38039',b'1081.328',b'605.606',b'46.578087',b'988.77264',b'615.40314',b'-195.54099',b'1090.9655',b'630.874',b'222.43758',b'936.2676',b'695.2069',b'-336.92673',b'1089.0269',b'629.9639',b'326.90952',b'961.9273',b'624.0059',b'-503.47653',b'1094.2509',b'639.853',b'355.1803',b'961.50995',b'605.3103',b'-545.08386',b'1091.9071',b'636.00903',b'342.57635',b'961.64465',b'600.5292',b'-538.2493',b'1089.4998',b'635.0503',b'325.29926',b'963.25494',b'605.917',b'-502.83612',b'1023.6396',b'742.66693',b'75.42313',b'963.6854',b'741.171',b'-75.616905',b'1105.4238',b'750.9212',b'-145.88574',b'972.5642',b'758.3163',b'-505.1989',b'1039.6365',b'846.78674',b'37.082947',b'960.9685',b'869.424',b'-373.47818',b'1024.4122',b'863.9666',b'50.234993',b'950.59906',b'889.6111',b'-364.06216',b'1086.914',b'868.8165',b'-43.01793',b'990.4613',b'896.6478',b'-500.7433'
image_017.jpg,b'1089.1323',b'555.7119',b'-240.44867',b'1087.264',b'545.25104',b'-214.73398',b'1088.394',b'544.931',b'-214.76682',b'1089.4999',b'544.72766',b'-214.84732',b'1080.3547',b'545.7401',b'-245.07039',b'1076.4523',b'545.91156',b'-245.16714',b'1071.9583',b'546.056',b'-245.26546',b'1079.6782',b'548.74054',b'-82.13624',b'1051.9753',b'551.0355',b'-221.21916',b'1088.2278',b'566.7516',b'-190.63667',b'1080.2567',b'566.5706',b'-231.16083',b'1078.4714',b'608.2444',b'48.103428',b'990.3938',b'610.56586',b'-223.10896',b'1068.2021',b'663.7743',b'248.82921',b'934.3256',b'684.1313',b'-424.70212',b'1086.0884',b'663.70605',b'358.4673',b'961.4034',b'617.82556',b'-642.94885',b'1096.3157',b'668.7685',b'395.1605',b'961.8873',b'599.48865',b'-685.78156',b'1097.6447',b'662.02997',b'380.0339',b'964.2666',b'593.9873',b'-676.6924',b'1089.3553',b'665.56903',b'357.08368',b'965.3209',b'600.2149',b'-641.86707',b'1018.67944',b'746.3375',b'91.02985',b'956.869',b'743.93054',b'-91.360725',b'1108.0463',b'752.9545',b'-81.04068',b'986.2367',b'760.7388',b'-471.04214',b'1041.3284',b'848.8564',b'93.05842',b'961.661',b'867.4205',b'-290.13858',b'1026.5535',b'865.3161',b'105.99518',b'950.24835',b'886.4745',b'-273.55905',b'1085.8527',b'872.74963',b'30.84884',b'987.76575',b'893.6694',b'-378.11993'
image_018.jpg,b'1088.5966',b'564.9742',b'-276.74887',b'1086.8047',b'554.2937',b'-248.76454',b'1087.8383',b'553.9962',b'-248.80145',b'1088.9203',b'553.8212',b'-248.86923',b'1080.4026',b'554.8138',b'-281.10602',b'1076.3986',b'555.1027',b'-281.20782',b'1072.0781',b'555.7091',b'-281.35095',b'1078.1532',b'558.53796',b'-107.97838',b'1054.1665',b'561.36804',b'-258.2637',b'1087.655',b'576.9504',b'-224.44957',b'1080.1737',b'576.3669',b'-268.31256',b'1080.133',b'619.3721',b'24.428898',b'992.2782',b'620.1654',b'-250.8264',b'1082.8137',b'672.6688',b'154.18076',b'939.88824',b'697.3136',b'-461.70905',b'1100.489',b'633.1548',b'193.36603',b'963.0866',b'628.3584',b'-698.2181',b'1105.2504',b'601.96326',b'217.00066',b'961.9969',b'610.38184',b'-748.2688',b'1102.6757',b'599.76514',b'215.22998',b'964.2325',b'604.9083',b'-732.82605',b'1098.6692',b'602.95874',b'195.6895',b'966.87286',b'610.6783',b'-695.2135',b'1023.12115',b'752.4502',b'92.039505',b'964.5037',b'750.54034',b'-92.40308',b'1109.0756',b'752.0307',b'-110.97314',b'982.3264',b'768.73395',b'-520.21436',b'1042.9089',b'845.30176',b'95.72697',b'961.39746',b'869.5194',b'-301.11237',b'1024.7302',b'863.5709',b'111.18951',b'949.65',b'886.9144',b'-283.00754',b'1086.8256',b'869.99146',b'25.180706',b'987.55865',b'895.86096',b'-400.89935'
image_019.jpg,b'1041.4348',b'543.4719',b'-178.89622',b'1038.8625',b'532.7075',b'-153.1489',b'1040.0476',b'532.34753',b'-153.16083',b'1041.234',b'531.934',b'-153.20717',b'1031.8716',b'533.61835',b'-181.31506',b'1028.0488',b'534.2084',b'-181.3964',b'1023.533',b'534.9509',b'-181.4866',b'1029.3334',b'535.979',b'-29.921629',b'1004.29596',b'541.3557',b'-160.72145',b'1043.3308',b'555.43146',b'-133.45892',b'1032.7776',b'555.2548',b'-171.68126',b'1039.1094',b'602.5416',b'78.656494',b'947.32654',b'602.2713',b'-148.0382',b'1072.2485',b'644.5704',b'139.0307',b'894.1368',b'676.54834',b'-305.23553',b'1080.5983',b'588.39',b'144.95494',b'909.96313',b'601.8327',b'-471.8667',b'1079.5652',b'569.687',b'154.52205',b'912.44824',b'583.0666',b'-506.5773',b'1072.844',b'568.0327',b'161.44638',b'916.8427',b'580.69415',b'-495.37137',b'1069.4447',b'575.1415',b'148.61958',b'918.96094',b'586.02966',b'-469.34152',b'986.5447',b'726.30035',b'83.82391',b'930.58527',b'719.7161',b'-84.077515',b'1080.1216',b'740.53973',b'-119.87974',b'934.02295',b'749.9453',b'-478.59677',b'1028.7579',b'841.10425',b'-46.808712',b'904.5635',b'862.7226',b'-425.59537',b'1008.8703',b'862.2346',b'-43.719948',b'894.2458',b'880.0335',b'-424.00623',b'1074.1815',b'869.6774',b'-135.86357',b'940.2088',b'893.33325',b'-549.77'
image_020.jpg,b'1035.1555',b'472.01456',b'-326.0043',b'1031.5094',b'462.31937',b'-297.25827',b'1032.5437',b'462.3272',b'-297.32373',b'1033.6951',b'462.48657',b'-297.40222',b'1024.3357',b'462.28033',b'-329.0405',b'1020.31244',b'462.46497',b'-329.13022',b'1015.724',b'463.14334',b'-329.20935',b'1022.0856',b'468.57797',b'-147.66272',b'998.3454',b'471.12958',b'-295.55615',b'1034.7397',b'484.4022',b'-269.62427',b'1024.1752',b'485.2741',b'-312.55066',b'1036.9218',b'530.7058',b'-14.654226',b'945.8263',b'533.37335',b'-278.6564',b'1052.9017',b'590.42505',b'-65.55313',b'881.00836',b'612.1307',b'-462.83963',b'1074.5734',b'526.9978',b'-244.65866',b'898.53485',b'533.92926',b'-660.78925',b'1074.6442',b'511.48166',b'-272.5557',b'900.3237',b'515.2339',b'-711.3643',b'1070.2819',b'508.05252',b'-264.57626',b'903.9967',b'510.2905',b'-698.5807',b'1068.4601',b'513.26373',b'-247.59534',b'905.7022',b'516.55',b'-658.8624',b'983.61316',b'680.6791',b'94.375984',b'924.60583',b'678.7042',b'-94.403435',b'1072.777',b'741.1484',b'-109.500595',b'946.9085',b'752.22003',b'-436.83173',b'1026.1315',b'844.9772',b'97.84142',b'906.2135',b'861.4376',b'-238.72455',b'1007.42664',b'867.9913',b'112.01823',b'894.8112',b'878.50104',b'-224.74808',b'1077.7205',b'871.6064',b'13.284216',b'942.3695',b'887.15234',b'-368.56436'
image_021.jpg,b'1039.9902',b'521.67566',b'-175.16501',b'1038.522',b'510.10477',b'-152.23659',b'1039.7769',b'510.02386',b'-152.27563',b'1040.8856',b'510.09692',b'-152.31961',b'1031.0768',b'510.3118',b'-178.91112',b'1026.0778',b'510.44345',b'-178.99042',b'1020.9169',b'510.88602',b'-179.02686',b'1029.0326',b'515.3076',b'-33.742134',b'1003.40845',b'516.8395',b'-158.73596',b'1038.1647',b'534.30914',b'-130.3051',b'1028.8113',b'534.227',b'-166.85086',b'1037.5669',b'578.1968',b'57.493443',b'944.57587',b'575.19543',b'-147.07117',b'1062.1818',b'633.7837',b'-5.915597',b'885.18976',b'644.331',b'-319.52335',b'1075.9122',b'575.0601',b'-145.9667',b'901.8182',b'576.95715',b'-502.7937',b'1077.2153',b'553.33765',b'-165.48535',b'900.7383',b'559.88324',b'-541.9988',b'1071.945',b'551.466',b'-155.58817',b'907.40393',b'555.33405',b'-529.4131',b'1069.6206',b'558.63794',b'-146.25533',b'910.45264',b'561.8169',b'-499.90848',b'984.4128',b'717.0672',b'77.61526',b'925.0597',b'710.39764',b'-77.54608',b'1079.2736',b'742.0501',b'-165.55006',b'932.60864',b'748.5448',b'-514.9072',b'1028.7438',b'839.697',b'-50.11756',b'903.9489',b'863.1778',b'-445.82678',b'1007.58167',b'863.56946',b'-43.458935',b'892.9907',b'880.1069',b'-443.7205',b'1076.6194',b'867.52454',b'-135.88022',b'940.3771',b'890.91016',b'-584.2072'
image_022.jpg,b'1038.4167',b'527.25433',b'-137.3244',b'1036.6934',b'516.698',b'-115.164375',b'1038.022',b'516.71704',b'-115.20419',b'1039.367',b'516.85815',b'-115.25087',b'1029.294',b'516.696',b'-141.00478',b'1024.66',b'516.7178',b'-141.0829',b'1020.08826',b'517.11475',b'-141.13371',b'1026.4374',b'521.86835',b'-5.7495756',b'1002.3698',b'523.3288',b'-126.21211',b'1037.1222',b'539.57654',b'-96.15275',b'1028.0443',b'539.1596',b'-131.40013',b'1038.9218',b'583.5208',b'79.55593',b'944.8481',b'580.94934',b'-117.4549',b'1063.6643',b'639.9646',b'42.054214',b'888.6087',b'652.6701',b'-273.18094',b'1074.6462',b'579.56604',b'-56.99777',b'902.9687',b'582.1675',b'-435.46783',b'1075.9993',b'558.8397',b'-68.07821',b'903.98254',b'564.8373',b'-468.84253',b'1070.2994',b'556.6983',b'-58.025406',b'909.0741',b'560.3726',b'-457.92953',b'1067.6914',b'563.50195',b'-55.626713',b'911.31665',b'567.1876',b'-432.68616',b'984.9573',b'720.72455',b'72.30766',b'926.2782',b'712.5571',b'-72.26651',b'1078.5309',b'740.6422',b'-184.67944',b'934.6787',b'748.4533',b'-502.62354',b'1027.729',b'840.86896',b'-93.41815',b'905.2044',b'862.4294',b'-452.3038',b'1007.1066',b'863.1587',b'-89.09417',b'894.45465',b'878.4556',b'-451.7736',b'1076.3407',b'866.68207',b'-181.07796',b'938.49414',b'892.26086',b'-588.66254'
image_023.jpg,b'1046.0563',b'545.9807',b'-179.51297',b'1044.6366',b'534.3665',b'-155.24896',b'1046.0524',b'533.865',b'-155.28476',b'1047.3912',b'533.198',b'-155.34363',b'1037.2899',b'535.3967',b'-181.45679',b'1032.569',b'535.82294',b'-181.55138',b'1027.3301',b'536.18964',b'-181.6255',b'1037.2014',b'537.22296',b'-38.978355',b'1008.6974',b'541.26794',b'-160.5082',b'1047.5194',b'558.10895',b'-136.52235',b'1036.8589',b'557.47',b'-172.04909',b'1045.7446',b'601.0682',b'56.77625',b'951.10205',b'600.4452',b'-150.1805',b'1068.9143',b'653.99805',b'97.5378',b'893.4503',b'672.3879',b'-311.0701',b'1079.9607',b'592.30383',b'88.62567',b'912.71686',b'600.1325',b'-496.14835',b'1082.6675',b'575.0441',b'96.89678',b'915.18036',b'581.82855',b'-532.01526',b'1075.7478',b'572.3271',b'105.75982',b'919.91943',b'577.60004',b'-520.9177',b'1072.4135',b'578.08484',b'92.75723',b'921.3382',b'583.82104',b'-494.18445',b'988.03894',b'728.6968',b'75.64272',b'929.31024',b'720.5747',b'-75.76343',b'1080.826',b'743.5753',b'-139.73453',b'938.5412',b'748.38086',b'-492.70352',b'1027.338',b'841.4977',b'-9.027249',b'907.1655',b'861.6353',b'-387.12573',b'1007.1198',b'859.9222',b'-0.7875159',b'898.0909',b'879.80286',b'-380.27267',b'1072.4843',b'867.7268',b'-90.9804',b'938.1455',b'894.6649',b'-510.17194'
image_024.jpg,b'1035.6986',b'493.21432',b'-320.6313',b'1032.2974',b'483.04688',b'-294.126',b'1033.3654',b'483.20557',b'-294.1982',b'1034.474',b'483.44458',b'-294.2843',b'1025.813',b'483.4844',b'-323.65967',b'1021.2355',b'484.0511',b'-323.73526',b'1016.5654',b'484.98285',b'-323.80075',b'1024.0718',b'490.20135',b'-152.30763',b'999.36194',b'493.13815',b'-289.04752',b'1035.7319',b'505.21652',b'-267.0107',b'1026.1077',b'505.78156',b'-306.6793',b'1037.96',b'557.3823',b'-36.00216',b'942.05676',b'555.147',b'-266.54785',b'1065.5328',b'628.7434',b'-178.30267',b'884.16187',b'631.9805',b'-458.89868',b'1074.2368',b'554.6274',b'-445.75235',b'898.3904',b'556.0015',b'-668.74133',b'1072.8529',b'533.0936',b'-492.31226',b'898.2665',b'537.12665',b'-721.34766',b'1067.7275',b'530.44727',b'-476.24094',b'903.32733',b'533.044',b'-707.5579',b'1066.3379',b'538.43585',b'-448.23608',b'905.45654',b'540.0528',b'-666.92957',b'982.9858',b'699.57947',b'90.495895',b'923.2233',b'695.4979',b'-90.475655',b'1074.9009',b'743.22754',b'-166.93459',b'940.71436',b'754.8823',b'-503.42435',b'1028.6093',b'840.5909',b'41.951572',b'904.8701',b'864.8261',b'-328.74295',b'1008.20734',b'863.24445',b'56.11844',b'894.8755',b'880.3658',b'-318.2677',b'1077.9467',b'866.7004',b'-51.53984',b'940.6456',b'891.9693',b'-477.20953'
image_025.jpg,b'1041.9272',b'549.6919',b'-163.11234',b'1040.2583',b'539.2359',b'-138.61578',b'1041.4603',b'539.2524',b'-138.60742',b'1042.6152',b'539.21826',b'-138.65399',b'1033.3267',b'539.38293',b'-166.309',b'1028.8331',b'539.77484',b'-166.38167',b'1024.1451',b'540.4677',b'-166.45972',b'1032.7152',b'543.7007',b'-20.489685',b'1006.55994',b'546.93854',b'-149.7751',b'1041.5929',b'560.721',b'-119.23894',b'1033.1338',b'560.61096',b'-157.10236',b'1039.0989',b'603.75183',b'82.41704',b'949.579',b'603.90375',b'-131.76521',b'1065.2915',b'656.0972',b'153.27815',b'891.2355',b'678.22284',b'-280.99927',b'1073.8604',b'595.3387',b'170.74277',b'909.23865',b'608.78143',b'-440.06354',b'1073.0336',b'574.8987',b'182.3718',b'909.60516',b'590.3663',b'-473.8665',b'1066.7219',b'572.312',b'189.04582',b'915.1641',b'587.0043',b'-461.34918',b'1064.9062',b'581.17944',b'174.55649',b'917.1697',b'592.8745',b'-437.07956',b'993.0256',b'729.4125',b'73.62334',b'934.5271',b'723.7127',b'-73.8526',b'1079.0286',b'739.3849',b'-182.29173',b'927.3316',b'742.64764',b'-507.02695',b'1029.0643',b'842.3818',b'-93.164474',b'905.2804',b'863.6973',b'-432.17502',b'1009.85284',b'864.4153',b'-88.60124',b'895.3982',b'879.6034',b'-428.57883',b'1075.4746',b'870.49945',b'-185.2606',b'938.15485',b'894.12866',b'-556.47906'
image_026.jpg,b'1041.3364',b'516.01465',b'-222.42906',b'1038.7095',b'504.84402',b'-200.29395',b'1039.2538',b'504.60715',b'-200.34412',b'1039.7748',b'504.30847',b'-200.4151',b'1033.0829',b'505.50546',b'-231.6496',b'1028.7262',b'505.97403',b'-231.72061',b'1023.6625',b'506.58633',b'-231.75418',b'1028.3336',b'508.94855',b'-80.156845',b'1006.48816',b'512.24005',b'-225.62909',b'1040.0294',b'528.34076',b'-176.02919',b'1032.2964',b'528.26495',b'-218.40845',b'1030.2065',b'577.04614',b'16.760233',b'948.16644',b'571.11584',b'-204.10434',b'1064.9869',b'629.2445',b'-68.03908',b'884.5048',b'642.9084',b'-374.27994',b'1078.4944',b'571.3332',b'-259.28583',b'903.0681',b'573.1947',b'-554.2687',b'1077.5797',b'552.2842',b'-289.81607',b'904.4082',b'554.1807',b'-597.7886',b'1072.4724',b'549.19415',b'-281.14972',b'909.76105',b'551.70844',b'-585.4582',b'1071.2145',b'555.9841',b'-261.8211',b'911.5732',b'557.5559',b'-551.47815',b'984.37213',b'708.04156',b'83.13863',b'924.7427',b'703.2539',b'-83.13444',b'1076.5288',b'738.05505',b'-150.43114',b'934.96606',b'749.32947',b'-524.2355',b'1027.984',b'841.2371',b'-21.20922',b'905.04285',b'863.50385',b'-441.11835',b'1008.7491',b'863.57733',b'-14.118057',b'896.0928',b'881.9323',b'-438.72473',b'1077.341',b'867.13354',b'-113.92557',b'941.8928',b'892.2383',b'-585.9185'
image_027.jpg,b'1040.139',b'537.9429',b'-159.18185',b'1038.2932',b'526.49036',b'-136.55345',b'1039.6425',b'526.2651',b'-136.60983',b'1041.0258',b'526.038',b'-136.67326',b'1031.2157',b'527.1304',b'-161.45699',b'1027.5585',b'527.5494',b'-161.50551',b'1023.4575',b'528.14923',b'-161.5269',b'1027.8538',b'531.1797',b'-24.51863',b'1005.2085',b'534.13184',b'-139.50807',b'1040.7788',b'549.566',b'-117.37222',b'1031.0277',b'548.86017',b'-150.98161',b'1040.9778',b'596.1151',b'46.661015',b'945.2584',b'594.40955',b'-120.531395',b'1070.6445',b'651.0987',b'-69.9144',b'891.67944',b'666.10315',b'-287.52795',b'1081.1069',b'587.20355',b'-253.79565',b'909.16235',b'593.14056',b'-465.77136',b'1076.8212',b'568.2369',b'-283.00116',b'910.4683',b'573.0982',b'-502.25446',b'1072.2146',b'565.3015',b'-267.8442',b'915.45306',b'570.64307',b'-488.2876',b'1070.5249',b'571.93964',b'-252.9867',b'918.114',b'576.439',b'-462.26254',b'987.79517',b'724.84485',b'63.93497',b'929.1294',b'718.6764',b'-63.891205',b'1077.2283',b'741.0538',b'-215.45589',b'932.54',b'745.55927',b'-511.07642',b'1027.9678',b'842.10767',b'-136.65309',b'905.3132',b'862.2233',b'-463.60376',b'1008.5439',b'863.80865',b'-134.54285',b'895.21985',b'879.46234',b'-464.4452',b'1076.951',b'867.9965',b'-239.03752',b'935.74225',b'892.78876',b'-606.23126'
image_028.jpg,b'1063.5018',b'517.9806',b'-298.61963',b'1061.5901',b'504.73047',b'-273.03748',b'1062.0068',b'504.06717',b'-272.996',b'1062.4147',b'503.41513',b'-273.08948',b'1056.7369',b'505.6896',b'-307.18622',b'1053.5421',b'505.78366',b'-307.24585',b'1049.7948',b'505.9304',b'-307.33386',b'1048.2118',b'506.17862',b'-137.99384',b'1032.5883',b'508.99326',b'-296.7007',b'1060.4446',b'530.8746',b'-246.45032',b'1053.7837',b'530.83325',b'-292.82373',b'1034.1833',b'559.4863',b'5.3397865',b'968.3236',b'565.32996',b'-284.14706',b'1047.589',b'594.0252',b'200.16478',b'897.31604',b'604.2081',b'-457.13263',b'1086.0083',b'549.533',b'293.91235',b'920.8828',b'544.32495',b'-602.39087',b'1097.707',b'538.84326',b'323.75995',b'927.0456',b'534.75073',b'-640.514',b'1096.099',b'533.8339',b'305.85162',b'934.2943',b'534.77515',b'-623.6336',b'1090.3407',b'538.252',b'289.27234',b'934.53784',b'539.1253',b'-597.68',b'996.68896',b'683.297',b'98.67778',b'943.2529',b'683.22723',b'-98.880844',b'1084.7671',b'745.44617',b'-45.40862',b'990.9754',b'752.78076',b'-323.25787',b'1032.5072',b'844.26855',b'113.39744',b'952.6914',b'859.9255',b'-178.45201',b'1016.90607',b'860.965',b'124.05652',b'938.64343',b'874.77594',b'-166.58939',b'1073.0054',b'873.6212',b'48.006977',b'977.33954',b'891.6869',b'-272.59406'
image_029.jpg,b'1068.3181',b'596.14355',b'-245.03635',b'1071.3589',b'584.04047',b'-214.58417',b'1072.3716',b'583.5003',b'-214.57043',b'1073.4282',b'582.96063',b'-214.60854',b'1065.1444',b'584.0888',b'-243.71213',b'1061.1506',b'583.42566',b'-243.77046',b'1055.9719',b'582.3246',b'-243.83337',b'1057.3326',b'579.49225',b'-69.47714',b'1036.3826',b'577.33514',b'-205.74924',b'1063.9856',b'606.8671',b'-191.30548',b'1054.8326',b'606.17035',b'-230.97626',b'1041.767',b'612.6164',b'42.09416',b'966.30865',b'615.9585',b'-184.33948',b'1062.5897',b'620.4503',b'159.12767',b'889.69495',b'652.5483',b'-329.28397',b'1096.5427',b'597.2805',b'190.24448',b'922.49756',b'601.7965',b'-446.4623',b'1107.5712',b'588.0972',b'205.31348',b'927.2197',b'591.0331',b'-477.22412',b'1106.3645',b'587.8272',b'193.2122',b'937.20636',b'592.00476',b'-466.63342',b'1099.9696',b'592.1205',b'185.79704',b'939.1721',b'596.16235',b'-443.5187',b'995.4037',b'730.10004',b'85.13257',b'940.24084',b'729.45197',b'-85.32577',b'1081.2161',b'743.9761',b'-141.6867',b'984.87317',b'748.7318',b'-430.44666',b'1030.4298',b'842.1804',b'-9.597288',b'950.3194',b'858.84357',b'-281.58994',b'1014.6078',b'856.87244',b'-1.0838722',b'938.3967',b'871.4022',b'-268.96234',b'1074.3373',b'873.9479',b'-77.22513',b'975.10486',b'895.9989',b'-370.00647'
image_030.jpg,b'1108.0394',b'582.92175',b'-448.9131',b'1114.1299',b'569.9516',b'-428.8659',b'1115.2554',b'569.94183',b'-428.78912',b'1116.3002',b'569.88184',b'-428.83887',b'1108.1371',b'568.07153',b'-462.94617',b'1104.0226',b'566.4391',b'-463.11893',b'1098.8628',b'564.34357',b'-463.21188',b'1106.3617',b'566.7281',b'-294.53983',b'1078.578',b'558.58417',b'-452.64297',b'1101.9373',b'591.76886',b'-393.39404',b'1094.8014',b'588.687',b'-439.5714',b'1073.9271',b'580.76636',b'-124.34562',b'995.9403',b'584.0754',b'-372.82394',b'1081.1113',b'582.1421',b'87.927246',b'908.14496',b'631.5955',b'-326.72263',b'1104.3453',b'564.17',b'183.53935',b'958.1817',b'583.8752',b'-225.32971',b'1116.6339',b'557.6063',b'206.61069',b'968.09076',b'568.68475',b'-224.34015',b'1111.0367',b'560.61017',b'192.65842',b'969.8163',b'565.2129',b'-218.78009',b'1107.1315',b'562.97894',b'179.70396',b'968.67816',b'571.09674',b'-216.22592',b'1010.87976',b'686.04834',b'88.61689',b'955.75476',b'689.1694',b'-88.64014',b'1109.542',b'739.7584',b'-129.77748',b'1025.6031',b'749.0067',b'-410.8766',b'1057.5587',b'849.57355',b'-3.1889682',b'972.87585',b'865.3436',b'-312.2898',b'1041.5928',b'867.86926',b'4.7921505',b'956.00684',b'884.31396',b'-303.41205',b'1105.4504',b'878.5729',b'-79.63721',b'998.61237',b'897.25385',b'-413.02054'
image_031.jpg,b'1050.6777',b'606.0306',b'-608.0327',b'1090.3535',b'591.72864',b'-611.3381',b'1089.7954',b'591.2273',b'-611.1442',b'1088.643',b'590.721',b'-611.20325',b'1050.1648',b'593.71674',b'-628.4183',b'1046.4683',b'592.0839',b'-628.6544',b'1042.8258',b'590.512',b'-628.87915',b'1077.1938',b'580.6301',b'-510.84387',b'1046.5588',b'574.3497',b'-590.3222',b'1045.0259',b'608.0866',b'-557.57153',b'1035.0693',b'605.408',b'-581.61426',b'1043.1421',b'574.653',b'-328.671',b'958.46674',b'598.9979',b'-472.20428',b'1039.6671',b'589.5837',b'-103.42704',b'936.595',b'617.19666',b'-558.1117',b'1024.2765',b'597.9831',b'111.29327',b'971.19965',b'574.26917',b'-589.4251',b'1021.3427',b'603.8246',b'147.22838',b'974.1729',b'564.1648',b'-606.4526',b'1022.23505',b'601.45746',b'142.21735',b'975.40784',b'564.78674',b'-595.3208',b'1020.6516',b'599.32434',b'118.393364',b'975.9183',b'567.4794',b'-582.3621',b'1044.158',b'661.2082',b'59.33541',b'990.5383',b'683.89453',b'-59.199944',b'1104.9814',b'735.07263',b'-230.57866',b'1020.1704',b'751.06824',b'-332.6983',b'1061.8245',b'845.869',b'-66.90622',b'972.8326',b'866.39935',b'-267.10718',b'1048.3408',b'861.9359',b'-51.115383',b'960.4826',b'884.4465',b'-262.0535',b'1101.0417',b'877.96234',b'-158.45624',b'1002.6124',b'894.79645',b'-389.3823'
image_032.jpg,b'1111.592',b'639.3716',b'-250.00227',b'1114.9708',b'627.6613',b'-227.4971',b'1116.6774',b'627.4489',b'-227.49168',b'1118.2275',b'627.1598',b'-227.5411',b'1106.6538',b'626.71906',b'-254.78194',b'1102.072',b'625.5714',b'-254.87794',b'1097.4963',b'624.52466',b'-254.96547',b'1104.8998',b'627.89935',b'-109.2046',b'1078.119',b'622.91864',b'-234.52637',b'1108.1558',b'648.97546',b'-205.36638',b'1099.5138',b'647.5247',b'-241.93912',b'1088.776',b'661.853',b'11.358711',b'987.8413',b'664.8702',b'-222.78253',b'1093.2855',b'685.5654',b'140.99136',b'925.5029',b'722.26105',b'-365.01035',b'1112.2544',b'659.81854',b'245.00624',b'973.5923',b'667.7123',b'-495.85007',b'1119.3676',b'649.368',b'279.16763',b'981.9146',b'653.62195',b'-520.7916',b'1116.5375',b'646.3837',b'281.56473',b'985.1319',b'647.2462',b'-509.76523',b'1111.9496',b'651.0205',b'249.23787',b'983.2822',b'652.0512',b'-491.3925',b'1013.1419',b'763.2672',b'76.10293',b'949.0385',b'760.781',b'-76.40859',b'1103.2351',b'753.9083',b'-57.5362',b'1003.24835',b'757.9225',b'-407.21097',b'1039.778',b'846.5177',b'63.842884',b'961.84436',b'867.437',b'-297.8535',b'1026.0509',b'861.50934',b'72.934784',b'946.2775',b'884.20795',b'-287.81976',b'1084.4729',b'875.22955',b'6.298762',b'972.5268',b'896.0944',b'-381.8962'
image_033.jpg,b'1117.5105',b'595.0934',b'-411.85602',b'1120.8727',b'582.67664',b'-388.20758',b'1122.5161',b'582.33105',b'-388.2511',b'1124.0015',b'581.9156',b'-388.32834',b'1112.3025',b'581.4217',b'-419.8294',b'1107.502',b'579.7594',b'-419.9737',b'1102.2158',b'577.93866',b'-420.01',b'1109.1678',b'581.10266',b'-244.49808',b'1083.6295',b'574.5235',b'-390.90448',b'1112.7506',b'603.75964',b'-355.04752',b'1103.713',b'603.0318',b'-397.7597',b'1078.4906',b'612.5081',b'-85.55032',b'994.3345',b'606.6135',b'-317.88916',b'1030.9923',b'663.0262',b'100.44313',b'920.21173',b'658.21606',b'-266.61398',b'1022.731',b'663.52795',b'161.41194',b'975.5123',b'615.8228',b'-169.9859',b'1019.3437',b'668.376',b'179.6404',b'987.9318',b'599.27277',b'-168.30025',b'1026.0011',b'660.22766',b'162.14653',b'987.80194',b'592.3391',b'-167.4403',b'1026.1531',b'656.58795',b'156.88597',b'986.6065',b'597.6664',b'-163.31548',b'996.53973',b'706.16473',b'87.28691',b'940.47595',b'706.17816',b'-87.14492',b'1092.8236',b'742.99664',b'-94.29277',b'994.82886',b'756.23773',b'-390.42242',b'1039.973',b'848.56384',b'47.16107',b'960.9042',b'870.8253',b'-277.44583',b'1026.8804',b'865.37854',b'56.71952',b'945.7832',b'887.2614',b'-270.6016',b'1089.7993',b'872.53595',b'-33.85434',b'992.7999',b'897.21155',b'-399.32114'
image_034.jpg,b'1112.0273',b'586.5921',b'-426.1471',b'1114.0642',b'574.48114',b'-391.55716',b'1115.6163',b'574.3411',b'-391.5651',b'1117.1837',b'574.0381',b'-391.6833',b'1106.4266',b'573.4538',b'-425.29633',b'1101.9329',b'572.3113',b'-425.40042',b'1096.6732',b'570.96564',b'-425.47324',b'1103.3978',b'574.6851',b'-221.22696',b'1076.1881',b'569.50244',b'-374.16415',b'1109.8513',b'597.0305',b'-362.44806',b'1098.1161',b'596.08563',b'-406.98206',b'1078.8517',b'614.4007',b'-42.09951',b'987.6662',b'610.9573',b'-350.4325',b'1081.229',b'635.7703',b'186.75987',b'914.7234',b'663.7782',b'-492.99963',b'1098.1246',b'609.60565',b'385.47403',b'974.5021',b'620.1481',b'-630.7409',b'1108.4347',b'601.2818',b'436.5803',b'983.347',b'607.8466',b'-664.1864',b'1110.3782',b'599.669',b'429.77924',b'984.29156',b'599.83624',b'-653.2841',b'1105.822',b'601.809',b'388.12857',b'981.317',b'605.2303',b'-627.2172',b'995.15234',b'715.3214',b'96.366104',b'936.0417',b'711.43274',b'-96.59575',b'1098.1133',b'746.27106',b'-36.59115',b'991.57446',b'762.8212',b'-444.5684',b'1041.9708',b'846.80945',b'133.0855',b'960.8573',b'869.73944',b'-320.44745',b'1026.9335',b'862.1977',b'145.4661',b'943.34424',b'888.1567',b'-310.3135',b'1091.291',b'875.0874',b'74.07207',b'995.0749',b'892.55426',b'-428.71106'
image_035.jpg,b'1113.7223',b'610.7772',b'-336.25937',b'1116.283',b'599.41205',b'-309.4831',b'1118.152',b'599.26984',b'-309.52087',b'1119.9733',b'599.12866',b'-309.6206',b'1107.6213',b'597.769',b'-337.78815',b'1103.1577',b'596.4623',b'-337.8806',b'1098.4296',b'595.1933',b'-337.9599',b'1106.5922',b'599.8642',b'-165.76692',b'1079.7172',b'592.826',b'-296.88324',b'1110.2239',b'620.06305',b'-282.0758',b'1100.2458',b'618.6479',b'-320.38312',b'1083.6375',b'635.04095',b'-19.563047',b'997.48114',b'628.42694',b'-262.23242',b'1067.6516',b'686.79913',b'143.00562',b'921.4009',b'678.49365',b'-371.06934',b'1094.8461',b'648.8137',b'238.85025',b'973.7455',b'634.65594',b'-480.60184',b'1106.4788',b'642.37854',b'270.28253',b'983.8262',b'620.7042',b'-506.7065',b'1108.4714',b'647.5202',b'265.67484',b'986.28613',b'613.8838',b'-498.88065',b'1103.1742',b'648.2833',b'240.86374',b'985.0809',b'618.91943',b'-477.28183',b'1001.4061',b'727.5058',b'79.319824',b'942.9254',b'727.5634',b'-79.47065',b'1099.7605',b'750.3177',b'-82.46332',b'999.8552',b'757.5076',b'-413.46716',b'1039.5372',b'847.4927',b'64.325005',b'963.4288',b'870.2225',b'-292.87085',b'1025.1687',b'862.8509',b'74.477455',b'946.89386',b'888.33673',b'-282.54007',b'1083.5898',b'876.21106',b'-8.88372',b'993.4971',b'897.53516',b'-399.36194'
image_036.jpg,b'1108.2776',b'629.70447',b'-217.14857',b'1110.7562',b'618.6899',b'-194.67296',b'1111.7635',b'618.3162',b'-194.67944',b'1112.7101',b'617.929',b'-194.73163',b'1104.1158',b'617.99713',b'-221.83205',b'1099.2344',b'616.77936',b'-221.91821',b'1093.4764',b'615.2376',b'-222.03262',b'1101.6273',b'619.172',b'-78.91278',b'1074.7678',b'612.51044',b'-204.4365',b'1104.059',b'638.6423',b'-172.84824',b'1096.3043',b'638.0772',b'-209.46912',b'1085.974',b'653.92523',b'37.02206',b'995.69904',b'656.5252',b'-182.41582',b'1080.814',b'692.433',b'136.7891',b'933.79865',b'721.65247',b'-272.1598',b'1104.897',b'648.0623',b'174.03317',b'979.6082',b'659.6784',b'-349.93292',b'1111.7021',b'638.30505',b'197.11566',b'982.82513',b'642.221',b'-367.3567',b'1111.2106',b'634.45233',b'199.5876',b'983.84985',b'637.6184',b'-356.83368',b'1105.4679',b'637.68134',b'176.61993',b'984.51013',b'642.67535',b'-344.08438',b'1027.5121',b'757.8582',b'77.85442',b'963.7698',b'758.20154',b'-78.13253',b'1104.3708',b'746.67505',b'-85.32236',b'998.83905',b'748.82513',b'-417.59113',b'1044.1259',b'844.0256',b'-2.1285954',b'960.1405',b'865.59503',b'-302.47513',b'1028.091',b'860.57007',b'2.8433056',b'947.5228',b'883.3812',b'-292.21832',b'1083.8611',b'869.5268',b'-63.68368',b'984.64087',b'894.3137',b'-380.20657'
image_037.jpg,b'1099.5214',b'597.21216',b'-308.5879',b'1102.315',b'586.8701',b'-277.6354',b'1104.261',b'586.9574',b'-277.69702',b'1106.3079',b'587.01855',b'-277.76642',b'1093.3712',b'585.3807',b'-307.23492',b'1088.6653',b'584.4268',b'-307.3209',b'1083.9093',b'583.65247',b'-307.42563',b'1097.0354',b'588.4408',b'-123.51332',b'1067.237',b'583.3277',b'-259.52542',b'1097.8475',b'607.7723',b'-251.31918',b'1087.4487',b'606.1995',b'-290.94684',b'1083.5582',b'628.9072',b'22.315907',b'989.7987',b'629.07556',b'-229.56503',b'1079.2512',b'669.28644',b'168.03558',b'924.2546',b'696.33435',b'-359.46365',b'1101.0599',b'638.0907',b'213.8927',b'964.3881',b'640.9346',b'-515.69714',b'1110.91',b'625.1982',b'237.09311',b'972.2962',b'622.5974',b'-552.50287',b'1110.024',b'619.08307',b'227.93503',b'974.0655',b'616.1827',b'-548.1489',b'1104.3865',b'624.66534',b'212.64398',b'973.47485',b'622.00006',b'-514.70154',b'1006.8546',b'736.18005',b'84.1313',b'943.84143',b'735.5547',b'-84.33261',b'1097.4545',b'748.75507',b'-114.58826',b'988.5239',b'755.5369',b'-475.25537',b'1038.6066',b'849.98816',b'19.212358',b'959.50256',b'867.9499',b'-357.45364',b'1025.1096',b'866.08997',b'26.647951',b'945.9326',b'886.59674',b'-349.2458',b'1085.1576',b'870.2307',b'-68.6984',b'988.84174',b'893.48444',b'-478.90897'
image_038.jpg,b'1038.7417',b'450.4709',b'-206.64287',b'1032.5115',b'441.723',b'-175.25671',b'1032.7017',b'441.52835',b'-175.19589',b'1032.8551',b'441.34778',b'-175.26483',b'1028.4857',b'443.03888',b'-211.57837',b'1025.6398',b'443.89142',b'-211.5903',b'1022.57117',b'444.8127',b'-211.62662',b'1018.99854',b'449.9183',b'-31.588419',b'1005.596',b'454.41776',b'-197.52464',b'1039.5338',b'461.88504',b'-152.98347',b'1033.8088',b'462.81003',b'-201.26907',b'1027.0706',b'516.5933',b'104.51495',b'960.2401',b'529.9243',b'-220.93968',b'1057.668',b'542.76904',b'332.30737',b'903.7186',b'584.1229',b'-416.4347',b'1075.2',b'508.29068',b'478.55603',b'905.6358',b'509.1562',b'-547.1296',b'1082.9541',b'500.1251',b'522.73785',b'905.772',b'492.11536',b'-581.73303',b'1082.2183',b'497.0737',b'510.82712',b'909.5865',b'489.4821',b'-562.8247',b'1080.3405',b'501.44028',b'477.0501',b'911.08923',b'495.3046',b'-541.07153',b'1000.2737',b'661.6838',b'100.83261',b'951.7261',b'660.2901',b'-101.27852',b'1078.3677',b'742.393',b'-55.2352',b'982.69617',b'750.84766',b'-322.4796',b'1030.4009',b'844.158',b'127.98806',b'949.8048',b'858.46265',b'-186.1022',b'1018.05414',b'861.45856',b'141.54381',b'939.419',b'874.65546',b'-174.56784',b'1071.187',b'873.2072',b'60.306007',b'978.5774',b'889.6245',b'-288.3147'
image_039.jpg,b'1039.1768',b'580.2704',b'-216.19206',b'1035.7588',b'569.7759',b'-185.5055',b'1037.3225',b'569.3468',b'-185.45912',b'1038.7859',b'569.06476',b'-185.50664',b'1027.8711',b'572.7068',b'-206.04709',b'1023.4347',b'574.46716',b'-206.12604',b'1018.3561',b'576.44995',b'-206.16763',b'1026.9565',b'577.6337',b'-50.7735',b'1001.8804',b'585.92365',b'-147.52728',b'1042.2178',b'592.6915',b'-167.80275',b'1032.5731',b'595.4986',b'-196.0209',b'1027.604',b'633.44775',b'37.50542',b'953.3439',b'648.0761',b'-119.213455',b'1045.4636',b'663.76843',b'130.52649',b'889.9113',b'698.3042',b'-249.09142',b'1068.7244',b'625.8697',b'162.06285',b'906.8184',b'635.15',b'-343.44687',b'1079.1727',b'614.39575',b'172.88399',b'908.4959',b'621.7952',b'-366.92737',b'1077.1207',b'612.71106',b'165.02779',b'917.95996',b'622.22644',b'-346.75455',b'1070.6077',b'618.83405',b'158.93875',b'919.66675',b'627.4648',b'-336.38757',b'1015.4501',b'755.9094',b'52.423824',b'963.78796',b'756.1092',b'-52.58871',b'1082.7489',b'745.13806',b'-240.23541',b'956.3054',b'758.49146',b'-425.492',b'1032.653',b'838.60736',b'-58.306496',b'951.702',b'857.77185',b'-283.78696',b'1019.859',b'850.75793',b'-40.695892',b'943.69965',b'866.0482',b'-268.95895',b'1065.8873',b'871.1598',b'-115.21976',b'972.2241',b'888.9426',b'-375.05252'
image_040.jpg,b'1038.1455',b'451.80728',b'-313.75836',b'1031.4662',b'442.1933',b'-282.84183',b'1031.5857',b'442.17072',b'-282.80017',b'1031.6573',b'442.2913',b'-282.86124',b'1027.3134',b'442.84766',b'-313.4943',b'1024.3159',b'443.35117',b'-313.5602',b'1020.573',b'444.18887',b'-313.68265',b'1020.4224',b'449.36533',b'-127.17254',b'1002.105',b'454.31256',b'-269.04315',b'1039.6305',b'463.86108',b'-255.6049',b'1033.5162',b'464.05438',b'-297.12457',b'1031.0264',b'516.3295',b'42.663464',b'960.2732',b'522.3037',b'-285.49158',b'1053.0808',b'545.3354',b'268.33917',b'892.29205',b'578.6165',b'-506.33487',b'1079.2502',b'505.42346',b'401.4134',b'902.57874',b'510.90216',b'-723.62726',b'1087.4171',b'489.323',b'440.66446',b'901.04565',b'494.7759',b'-772.80286',b'1085.5557',b'487.6497',b'430.76758',b'906.2775',b'491.15555',b'-762.3656',b'1081.7593',b'492.94815',b'401.27243',b'908.5896',b'497.19232',b'-723.24475',b'988.30676',b'664.7765',b'110.68536',b'938.53033',b'665.792',b'-111.127556',b'1078.7148',b'741.2185',b'10.484502',b'984.08295',b'750.15027',b'-285.02664',b'1029.2845',b'841.9944',b'220.52718',b'952.265',b'860.7695',b'-120.66054',b'1015.3979',b'858.8451',b'235.23828',b'938.4345',b'877.11304',b'-108.303024',b'1075.6062',b'871.9017',b'147.18016',b'982.11237',b'892.81085',b'-235.19824'
image_041.jpg,b'1047.9795',b'534.21484',b'-176.1439',b'1044.4812',b'524.65027',b'-148.69687',b'1044.6743',b'524.623',b'-148.69269',b'1044.7307',b'524.70074',b'-148.75797',b'1039.953',b'525.93823',b'-177.14328',b'1036.6499',b'526.88586',b'-177.20854',b'1032.5161',b'528.03595',b'-177.28773',b'1029.0367',b'532.47656',b'-22.725796',b'1013.78687',b'536.0097',b'-155.26683',b'1047.8663',b'546.2626',b'-129.46902',b'1041.2197',b'548.3543',b'-168.1743',b'1035.5876',b'589.8522',b'78.64943',b'962.33014',b'599.99426',b'-146.71735',b'1048.56',b'628.2743',b'195.85739',b'899.98315',b'650.41364',b'-289.8118',b'1082.9653',b'574.65546',b'242.06897',b'913.30554',b'591.15845',b'-410.9464',b'1090.9495',b'563.45654',b'260.48264',b'915.7901',b'576.9127',b'-440.88873',b'1092.2588',b'561.7815',b'251.84404',b'921.5409',b'576.8934',b'-423.6291',b'1087.1796',b'567.58936',b'239.04352',b'923.6599',b'582.2284',b'-405.91116',b'1009.6029',b'720.43353',b'73.267586',b'957.01483',b'720.4463',b'-73.32132',b'1087.3705',b'749.6604',b'-175.05728',b'982.4208',b'755.942',b'-449.53632',b'1030.7408',b'841.95844',b'-7.505335',b'953.93695',b'861.0025',b'-317.1812',b'1018.1274',b'853.2334',b'5.33905',b'942.0577',b'873.7678',b'-306.0621',b'1072.2291',b'875.66034',b'-77.68975',b'980.17706',b'892.0882',b'-425.32602'
image_042.jpg,b'1041.604',b'521.0133',b'-250.6679',b'1036.8126',b'508.75406',b'-228.73593',b'1036.9229',b'508.34695',b'-228.662',b'1036.9617',b'508.00662',b'-228.71616',b'1032.7805',b'509.77847',b'-262.8159',b'1029.8016',b'510.07214',b'-262.89862',b'1026.3938',b'510.59055',b'-262.96774',b'1021.1256',b'513.3254',b'-112.18379',b'1007.87244',b'517.042',b'-269.52298',b'1039.0558',b'533.1711',b'-204.17415',b'1034.4895',b'532.3261',b'-250.01244',b'1014.6349',b'556.58417',b'10.460524',b'948.84467',b'581.58276',b'-250.60834',b'1027.4835',b'575.6753',b'228.40123',b'893.7787',b'636.7739',b'-372.8243',b'1075.8037',b'554.39716',b'344.13074',b'906.9239',b'570.32916',b'-456.83887',b'1086.4884',b'545.66266',b'376.70944',b'906.9931',b'558.20355',b'-483.8871',b'1083.544',b'546.2579',b'351.47772',b'910.2597',b'556.7366',b'-471.12277',b'1078.5939',b'551.0098',b'336.54477',b'910.8997',b'561.60345',b'-450.852',b'1006.35223',b'695.80835',b'82.0615',b'954.5809',b'692.00287',b'-82.194405',b'1082.3777',b'752.2473',b'-115.10933',b'975.095',b'756.44073',b'-364.10132',b'1030.887',b'841.8236',b'116.18966',b'950.7513',b'861.15857',b'-212.0405',b'1018.17755',b'855.9885',b'135.6126',b'941.38934',b'877.26746',b'-198.93988',b'1069.4846',b'875.19415',b'54.71987',b'977.14716',b'889.77325',b'-317.21863'
image_043.jpg,b'1045.0051',b'460.7427',b'-299.33185',b'1041.5278',b'450.94403',b'-269.74454',b'1042.056',b'450.76605',b'-269.75974',b'1042.4847',b'450.64655',b'-269.80667',b'1036.0962',b'450.98187',b'-296.15695',b'1032.645',b'450.97687',b'-296.22552',b'1028.6051',b'451.30392',b'-296.30438',b'1033.9423',b'455.0703',b'-115.83455',b'1012.6376',b'458.53693',b'-240.38953',b'1045.7953',b'472.31094',b'-241.80826',b'1038.1023',b'472.3365',b'-278.08832',b'1044.6428',b'527.00916',b'27.338898',b'963.98425',b'525.6145',b'-238.68692',b'1055.7595',b'580.07153',b'63.81684',b'899.0598',b'583.7965',b'-442.66803',b'1088.5005',b'514.1657',b'-23.088812',b'907.0194',b'511.58505',b'-660.64984',b'1098.5393',b'497.91507',b'-33.05942',b'906.42865',b'494.96722',b'-711.94415',b'1096.6707',b'496.25165',b'-34.772846',b'913.25824',b'490.7569',b'-701.7329',b'1092.3357',b'501.21652',b'-27.704927',b'914.8549',b'497.57645',b'-660.76434',b'993.1948',b'670.9121',b'101.72793',b'942.3609',b'669.04236',b'-101.82264',b'1078.468',b'744.78864',b'-19.573902',b'985.58795',b'751.13684',b'-317.9727',b'1032.3718',b'847.9617',b'162.98108',b'954.1965',b'860.82825',b'-171.58893',b'1018.7031',b'866.26544',b'174.5495',b'942.01495',b'877.44507',b'-162.31326',b'1078.6754',b'875.30115',b'74.49757',b'981.5702',b'894.94',b'-304.27527'
image_044.jpg,b'1056.3048',b'572.8528',b'-335.05255',b'1055.2032',b'561.1653',b'-301.36624',b'1056.6554',b'560.7785',b'-301.3005',b'1057.914',b'560.49634',b'-301.33374',b'1046.7471',b'563.5189',b'-322.1439',b'1041.6749',b'564.69995',b'-322.24142',b'1035.836',b'566.1473',b'-322.32486',b'1050.0156',b'567.7372',b'-144.59822',b'1019.32935',b'574.1782',b'-241.84073',b'1058.2335',b'586.90295',b'-279.67798',b'1048.2098',b'587.98456',b'-308.0651',b'1055.3823',b'628.5398',b'10.147339',b'968.46405',b'634.3741',b'-223.56932',b'1062.8467',b'648.2715',b'182.9308',b'893.8093',b'681.4159',b'-389.43198',b'1087.0562',b'610.1003',b'302.96762',b'919.976',b'621.39996',b'-527.537',b'1097.1913',b'598.31396',b'337.2871',b'924.45465',b'606.0952',b'-559.52057',b'1095.2184',b'598.5008',b'328.97934',b'933.65247',b'607.50116',b'-544.06323',b'1088.9958',b'604.2988',b'303.76752',b'934.36237',b'613.9632',b'-523.2372',b'999.67255',b'748.63574',b'88.07719',b'944.8605',b'748.8156',b'-88.39514',b'1086.8295',b'749.8602',b'-179.69357',b'987.53265',b'750.3186',b'-423.8643',b'1031.9545',b'843.1663',b'14.050607',b'953.4359',b'861.71564',b'-239.19872',b'1017.055',b'856.9708',b'29.080717',b'940.728',b'874.6551',b'-221.70007',b'1072.1412',b'875.4455',b'-57.08242',b'976.8122',b'891.2955',b'-330.8033'
image_045.jpg,b'1052.9087',b'555.90027',b'-314.84775',b'1051.0294',b'547.24426',b'-282.51862',b'1052.7622',b'547.1524',b'-282.44626',b'1054.4111',b'547.09247',b'-282.4802',b'1043.142',b'549.0252',b'-305.16467',b'1038.7827',b'550.3802',b'-305.25797',b'1033.597',b'552.1661',b'-305.32025',b'1048.5648',b'552.9383',b'-132.42021',b'1015.6579',b'562.83844',b'-237.94342',b'1056.3307',b'569.0566',b'-261.7882',b'1045.4407',b'570.5552',b'-292.5772',b'1057.7969',b'612.8824',b'20.450003',b'972.62695',b'624.22943',b'-227.99806',b'1071.8759',b'627.68286',b'210.58516',b'899.88336',b'669.2979',b'-388.51025',b'1094.252',b'596.32874',b'353.94733',b'919.61444',b'611.5492',b'-525.3197',b'1104.1405',b'584.49615',b'394.61404',b'921.26874',b'594.96594',b'-556.6288',b'1101.5409',b'585.8794',b'384.64032',b'927.4955',b'595.06946',b'-543.96405',b'1095.5942',b'592.30206',b'354.6221',b'929.59576',b'601.5743',b'-522.20715',b'1003.30023',b'738.3813',b'89.60008',b'949.3449',b'736.1638',b'-89.9358',b'1087.6056',b'750.1363',b'-176.63905',b'993.885',b'750.9539',b'-419.55502',b'1031.0239',b'844.23126',b'0.7954085',b'952.85913',b'862.268',b'-247.38791',b'1017.4033',b'859.71826',b'14.236859',b'940.7603',b'876.12213',b'-231.03076',b'1071.1187',b'874.109',b'-68.11532',b'978.8099',b'893.4468',b'-335.4355'
image_046.jpg,b'1059.4944',b'489.0935',b'-272.89777',b'1053.3541',b'476.93112',b'-243.645',b'1053.6774',b'476.43048',b'-243.62529',b'1053.9066',b'475.92767',b'-243.7126',b'1048.3336',b'478.66058',b'-275.6542',b'1044.5045',b'479.53452',b'-275.72052',b'1039.9352',b'480.6208',b'-275.81256',b'1043.171',b'482.5685',b'-102.192055',b'1022.56714',b'489.10883',b'-250.76065',b'1060.9553',b'501.44485',b'-220.19354',b'1053.0792',b'502.0519',b'-263.51184',b'1046.4045',b'550.2334',b'41.96656',b'973.1879',b'557.0611',b'-252.64584',b'1060.9146',b'594.3414',b'242.29651',b'904.5222',b'610.90485',b'-446.79123',b'1091.0989',b'534.07306',b'360.2616',b'920.0722',b'540.0315',b'-617.4854',b'1097.3367',b'520.6095',b'393.78815',b'926.8572',b'526.908',b'-658.9874',b'1097.1947',b'517.79285',b'379.04416',b'932.22266',b'523.11273',b'-643.30835',b'1093.0453',b'523.79614',b'357.29126',b'931.3046',b'529.3141',b'-614.2799',b'1002.27576',b'685.00745',b'99.273125',b'948.52295',b'684.80255',b'-99.508484',b'1086.7986',b'745.83673',b'-81.39912',b'987.15375',b'750.4507',b'-395.89044',b'1031.1129',b'846.4686',b'95.964676',b'952.02893',b'860.5968',b'-239.16281',b'1021.00146',b'861.91693',b'107.69345',b'939.6506',b'876.59705',b'-226.90247',b'1071.7399',b'877.9511',b'20.457819',b'980.0506',b'892.377',b'-349.69135'
image_047.jpg,b'1061.468',b'463.11313',b'-278.09097',b'1056.1984',b'454.69257',b'-250.34239',b'1056.7632',b'454.88495',b'-250.45178',b'1057.3938',b'455.20676',b'-250.5326',b'1050.9856',b'455.65582',b'-278.88345',b'1047.6005',b'456.55237',b'-278.957',b'1043.6958',b'457.64127',b'-279.0439',b'1048.0629',b'464.60144',b'-107.43468',b'1024.8236',b'470.56558',b'-238.46942',b'1063.0203',b'475.57504',b'-224.93216',b'1055.8131',b'476.75092',b'-262.87906',b'1065.793',b'537.28107',b'13.920592',b'978.81683',b'537.0406',b'-248.44385',b'1078.2896',b'606.06555',b'-121.13404',b'937.8492',b'623.23254',b'-458.0616',b'1101.1366',b'543.87537',b'-404.1789',b'951.3963',b'549.9868',b'-676.1137',b'1098.0',b'528.10565',b'-450.50195',b'951.7607',b'531.2611',b'-732.0879',b'1095.6771',b'521.6693',b'-439.707',b'951.5176',b'525.6771',b'-720.8368',b'1094.7405',b'528.49384',b'-409.94086',b'952.8885',b'532.58154',b'-676.48083',b'1009.9728',b'692.9236',b'101.578735',b'951.7129',b'689.6038',b'-101.66259',b'1094.6793',b'745.5028',b'-18.270334',b'978.03314',b'762.99884',b'-425.44742',b'1041.5913',b'846.4372',b'191.08846',b'960.26196',b'867.9157',b'-262.3318',b'1027.3486',b'864.87415',b'205.34215',b'949.2312',b'884.4192',b'-251.32144',b'1091.8936',b'867.2851',b'107.46686',b'989.4359',b'894.8093',b'-395.18967'
image_048.jpg,b'1077.6584',b'561.4864',b'-194.54189',b'1074.3027',b'551.7562',b'-171.18106',b'1075.9606',b'551.4347',b'-171.25429',b'1077.598',b'551.1465',b'-171.31776',b'1066.7026',b'553.1586',b'-196.2615',b'1063.0479',b'554.383',b'-196.3559',b'1059.0121',b'555.7853',b'-196.43158',b'1071.6649',b'556.87994',b'-52.52849',b'1042.4724',b'566.7174',b'-168.62302',b'1080.9194',b'573.59216',b'-150.30798',b'1072.2483',b'574.4178',b'-184.13747',b'1082.5557',b'624.1164',b'29.49799',b'989.6929',b'628.8566',b'-152.98737',b'1087.4902',b'689.8853',b'-71.83904',b'946.3291',b'713.4336',b'-317.9233',b'1098.7344',b'647.3874',b'-272.10138',b'966.7354',b'635.32635',b'-503.56686',b'1102.679',b'622.8906',b'-297.5045',b'964.2991',b'616.77515',b'-543.1683',b'1102.1003',b'616.0646',b'-287.16434',b'963.9592',b'611.8216',b'-529.9834',b'1096.2349',b'630.747',b'-273.42932',b'965.48035',b'618.24396',b'-500.65836',b'1027.4288',b'756.7084',b'64.67793',b'968.70825',b'755.76917',b'-64.62352',b'1107.8132',b'748.79517',b'-173.40147',b'964.7826',b'755.3682',b'-498.5535',b'1040.6133',b'845.7311',b'-46.3831',b'960.4363',b'868.49756',b'-401.5306',b'1027.9954',b'862.59143',b'-38.790134',b'953.87256',b'886.0143',b'-397.2052',b'1082.9998',b'869.0855',b'-135.24777',b'985.3933',b'892.46387',b'-538.5393'
image_049.jpg,b'1092.0101',b'567.1255',b'-194.02562',b'1089.4357',b'556.3935',b'-170.5596',b'1090.9493',b'556.183',b'-170.5942',b'1092.2711',b'556.05005',b'-170.67496',b'1081.9402',b'557.41046',b'-195.76593',b'1077.709',b'558.2179',b'-195.87148',b'1073.019',b'559.2266',b'-195.97623',b'1083.8235',b'562.3746',b'-53.45618',b'1054.3917',b'568.04474',b'-169.86472',b'1093.173',b'578.39264',b'-150.63356',b'1083.9781',b'579.3678',b'-184.58017',b'1089.5002',b'626.20703',b'47.37972',b'998.4048',b'633.20636',b'-161.62808',b'1091.5607',b'690.8797',b'187.1797',b'953.5202',b'713.29834',b'-318.44077',b'1097.9601',b'677.7588',b'246.55275',b'972.54877',b'638.9242',b'-501.51547',b'1101.5382',b'676.53033',b'272.44287',b'970.6196',b'620.6873',b'-537.94617',b'1104.4258',b'668.04364',b'264.84628',b'971.35345',b'615.3969',b'-528.0066',b'1100.8494',b'668.44836',b'246.69653',b'973.13153',b'621.77124',b'-499.87317',b'1031.7263',b'758.64606',b'67.460686',b'973.59796',b'759.1594',b'-67.72131',b'1115.2231',b'752.1388',b'-118.7288',b'964.01',b'757.16943',b'-471.63168',b'1043.1389',b'844.0554',b'50.923958',b'963.5906',b'866.01495',b'-307.50827',b'1028.7092',b'861.12317',b'64.08063',b'959.0909',b'882.89557',b'-293.38785',b'1086.9446',b'869.14905',b'-14.614326',b'983.87994',b'890.97253',b'-406.1978'
image_050.jpg,b'1073.9583',b'541.1489',b'-233.50291',b'1070.6512',b'529.76794',b'-207.04338',b'1072.0365',b'529.8362',b'-207.14688',b'1073.2118',b'530.0452',b'-207.2052',b'1063.7821',b'530.74786',b'-232.2858',b'1059.3737',b'531.20715',b'-232.40411',b'1054.8574',b'531.8975',b'-232.48401',b'1066.3641',b'536.8943',b'-74.730835',b'1039.7537',b'541.0641',b'-189.95114',b'1074.6707',b'552.01587',b'-184.42995',b'1067.7968',b'552.2717',b'-217.96394',b'1079.6837',b'601.3542',b'15.859739',b'983.0041',b'604.98334',b'-171.83598',b'1077.1296',b'665.21533',b'-2.327912',b'940.1484',b'691.33154',b'-360.6608',b'1079.0573',b'669.0142',b'-144.85394',b'960.77966',b'618.47644',b'-593.9215',b'1084.656',b'678.4722',b'-166.44788',b'960.0976',b'599.3188',b'-647.7469',b'1085.9064',b'661.8374',b'-178.52644',b'960.08264',b'593.4825',b'-637.25745',b'1082.7251',b'659.7696',b'-153.04204',b'961.5708',b'599.66254',b'-593.1506',b'1022.27',b'737.3517',b'67.64506',b'962.47705',b'736.31396',b'-67.51007',b'1102.2936',b'748.4295',b'-188.67151',b'976.09235',b'757.3756',b'-527.6213',b'1040.5787',b'845.14624',b'-22.861906',b'959.98566',b'867.52905',b'-418.73813',b'1026.406',b'863.551',b'-13.071443',b'949.68005',b'885.7704',b'-414.29623',b'1085.9629',b'868.8203',b'-118.538284',b'988.94073',b'893.5771',b'-570.94617'
image_051.jpg,b'1084.8818',b'547.7849',b'-165.58185',b'1080.2189',b'535.5726',b'-139.06386',b'1081.042',b'535.04535',b'-139.09694',b'1081.8373',b'534.61194',b'-139.1344',b'1074.4005',b'537.57355',b'-166.30954',b'1070.9453',b'538.52747',b'-166.43155',b'1067.2257',b'539.8195',b'-166.54819',b'1073.289',b'541.3989',b'-18.620005',b'1048.0474',b'548.8247',b'-145.10017',b'1085.4569',b'558.3571',b'-122.778336',b'1078.2854',b'559.06464',b'-159.49525',b'1080.988',b'604.4633',b'81.80917',b'991.2203',b'612.9318',b'-154.07512',b'1122.3606',b'607.1754',b'154.63406',b'942.974',b'694.6151',b'-318.0534',b'1074.1456',b'579.6483',b'251.85596',b'967.5013',b'619.1872',b'-472.73688',b'1064.4407',b'572.5549',b'273.55746',b'966.4708',b'601.0173',b'-509.22134',b'1064.2155',b'570.78394',b'290.14926',b'966.7361',b'597.03516',b'-493.55267',b'1068.2196',b'573.94855',b'259.48462',b'967.6108',b'602.516',b'-468.9466',b'1021.4938',b'743.88257',b'80.69244',b'962.7097',b'742.51495',b'-80.7189',b'1105.7725',b'751.4539',b'-122.96591',b'983.7059',b'760.251',b'-484.95078',b'1043.5776',b'847.83923',b'35.76928',b'960.9255',b'870.41595',b'-366.0994',b'1027.5994',b'863.913',b'47.435444',b'948.6961',b'887.86365',b'-357.49832',b'1089.7881',b'869.47266',b'-36.402138',b'987.15845',b'893.93274',b'-490.72018'
image_052.jpg,b'1047.5813',b'508.8461',b'-258.1356',b'1045.2594',b'497.3684',b'-227.5501',b'1045.7697',b'496.886',b'-227.48302',b'1046.2296',b'496.34885',b'-227.50972',b'1039.6184',b'497.96555',b'-262.23657',b'1035.8522',b'497.85815',b'-262.27005',b'1031.4303',b'497.70294',b'-262.381',b'1032.9669',b'497.66656',b'-77.69448',b'1014.0624',b'500.5127',b'-239.28316',b'1045.2695',b'521.0888',b'-202.16615',b'1037.6415',b'521.54865',b'-249.30688',b'1030.2249',b'560.6348',b'65.67889',b'958.593',b'564.79016',b'-258.43277',b'1041.5914',b'589.4587',b'260.52786',b'889.93884',b'610.4565',b'-482.6783',b'1073.5178',b'542.13947',b'365.7238',b'900.9924',b'546.80365',b'-638.4437',b'1084.1564',b'530.4758',b'402.8206',b'904.86',b'535.9359',b'-678.2253',b'1081.1155',b'527.51636',b'391.3605',b'911.79614',b'532.72644',b'-655.12286',b'1075.624',b'532.5726',b'363.88495',b'912.57855',b'537.63336',b'-631.0674',b'999.5049',b'703.6656',b'106.13861',b'952.1288',b'703.1382',b'-106.601654',b'1065.6057',b'760.06976',b'-2.8763072',b'1007.192',b'759.21277',b'-330.96625',b'1032.3428',b'848.6362',b'233.05336',b'950.0304',b'859.27875',b'-158.62831',b'1021.17303',b'863.983',b'251.51093',b'933.21844',b'870.2423',b'-143.43257',b'1077.167',b'874.8844',b'172.30826',b'971.3009',b'893.2097',b'-254.96507'
image_053.jpg,b'1056.7563',b'572.7441',b'-323.55093',b'1056.3477',b'561.7138',b'-289.119',b'1057.9685',b'561.3941',b'-289.0605',b'1059.4371',b'561.2944',b'-289.09024',b'1048.5869',b'562.8136',b'-314.82764',b'1043.982',b'563.307',b'-314.9342',b'1039.1637',b'563.8536',b'-315.05008',b'1049.9362',b'566.01294',b'-128.30852',b'1022.12976',b'567.2599',b'-249.37794',b'1056.557',b'585.7832',b'-266.51532',b'1046.8815',b'585.93414',b'-301.85928',b'1045.5007',b'620.20984',b'30.399044',b'968.49414',b'624.1153',b'-250.79839',b'1077.4285',b'629.5263',b'228.919',b'894.3398',b'668.23444',b'-466.77966',b'1092.7838',b'595.38446',b'379.39746',b'914.02124',b'609.74835',b'-654.0103',b'1098.3994',b'586.4254',b'422.56412',b'920.68207',b'597.75806',b'-692.77655',b'1092.5315',b'586.3545',b'419.20273',b'928.8546',b'597.0433',b'-676.80396',b'1088.3843',b'591.0168',b'383.3551',b'929.5093',b'602.21906',b'-650.28864',b'994.07385',b'753.8694',b'102.34615',b'945.502',b'752.7884',b'-102.930984',b'1078.9274',b'768.11664',b'-65.701935',b'1014.7918',b'770.30884',b'-404.69925',b'1031.719',b'848.89075',b'141.33012',b'951.4236',b'861.788',b'-224.70935',b'1017.8391',b'863.3151',b'157.19962',b'935.2303',b'869.62164',b'-208.05165',b'1077.8936',b'874.3459',b'87.32939',b'964.3077',b'895.36694',b'-304.1996'
image_054.jpg,b'1055.9127',b'515.4738',b'-283.5195',b'1054.2511',b'503.64764',b'-258.55597',b'1054.3156',b'503.18237',b'-258.56784',b'1054.2952',b'502.6567',b'-258.6268',b'1050.4255',b'503.9132',b'-289.95816',b'1047.4026',b'503.7422',b'-290.02466',b'1043.8638',b'503.6277',b'-290.13797',b'1042.1393',b'503.40137',b'-122.792946',b'1025.9061',b'505.3643',b'-270.05313',b'1052.4205',b'527.1071',b'-231.57042',b'1046.5981',b'527.39856',b'-274.57007',b'1036.9807',b'561.00653',b'15.999261',b'962.5297',b'561.533',b'-277.84573',b'1053.2056',b'588.0425',b'142.55467',b'891.21094',b'606.27374',b'-487.84772',b'1087.9738',b'533.0805',b'162.28061',b'906.1489',b'540.53815',b'-693.4291',b'1098.8192',b'524.1039',b'175.80179',b'910.32385',b'529.58325',b'-743.52496',b'1097.2347',b'521.8542',b'164.50113',b'918.895',b'527.99054',b'-732.9195',b'1091.446',b'526.26807',b'157.75558',b'919.54706',b'532.6595',b'-692.9814',b'988.2303',b'699.0065',b'110.86739',b'939.6742',b'699.40735',b'-111.1038',b'1068.9551',b'757.2471',b'-36.962536',b'1008.1463',b'759.95483',b'-323.97784',b'1031.5543',b'849.3964',b'161.8962',b'950.7874',b'859.237',b'-171.39842',b'1019.17004',b'866.05145',b'176.0548',b'935.29095',b'870.7097',b'-159.99274',b'1076.3464',b'875.9481',b'92.714035',b'968.6852',b'892.5559',b'-277.54276'
image_055.jpg,b'1066.1388',b'574.77295',b'-314.97754',b'1065.5164',b'563.6156',b'-283.22992',b'1066.7035',b'563.32837',b'-283.22607',b'1067.912',b'563.14294',b'-283.2837',b'1058.9524',b'563.69116',b'-314.40244',b'1054.823',b'563.4117',b'-314.48618',b'1050.358',b'563.1166',b'-314.62936',b'1056.1587',b'564.14465',b'-129.82213',b'1033.0995',b'563.91364',b'-275.9077',b'1064.606',b'586.58276',b'-259.05832',b'1055.8115',b'585.80347',b'-301.58002',b'1047.0703',b'614.0549',b'21.366713',b'970.3624',b'619.96124',b'-284.8817',b'1064.4879',b'624.6712',b'212.46559',b'896.70056',b'661.6779',b'-512.2569',b'1095.2012',b'593.4127',b'319.8993',b'915.49036',b'608.9219',b'-725.2065',b'1107.406',b'583.5914',b'357.11575',b'918.9857',b'595.61224',b'-771.7907',b'1103.5585',b'583.46387',b'345.8685',b'926.9703',b'592.5944',b'-758.18164',b'1097.8298',b'587.5665',b'319.4431',b'928.2797',b'598.4321',b'-723.0973',b'990.5905',b'747.3025',b'109.56473',b'941.39514',b'746.21277',b'-110.092674',b'1075.5073',b'768.10254',b'-83.55456',b'1019.08026',b'771.47455',b'-396.0218',b'1033.0078',b'851.35913',b'141.97005',b'950.9219',b'861.01416',b'-181.35771',b'1019.3802',b'864.7409',b'159.53394',b'933.8411',b'867.5901',b'-161.24179',b'1077.8093',b'879.04626',b'85.74342',b'962.8045',b'898.73065',b'-259.48642'
image_056.jpg,b'1064.1024',b'544.696',b'-291.73676',b'1063.3739',b'532.9628',b'-256.48746',b'1064.0497',b'532.73755',b'-256.43143',b'1064.6827',b'532.5569',b'-256.45163',b'1058.5398',b'533.2912',b'-290.95465',b'1055.0018',b'533.41614',b'-290.99216',b'1050.7039',b'533.57465',b'-291.10776',b'1048.516',b'533.2353',b'-92.671486',b'1029.4187',b'535.4427',b'-253.01297',b'1062.3593',b'554.8111',b'-231.83861',b'1054.5519',b'555.6294',b'-278.5778',b'1043.2017',b'589.58936',b'52.68275',b'967.58136',b'593.2974',b'-267.12405',b'1058.6685',b'610.5294',b'224.8623',b'893.99744',b'631.5302',b'-490.54333',b'1093.4067',b'563.97845',b'307.92847',b'913.8212',b'567.42645',b'-648.16895',b'1105.4744',b'554.7212',b'343.83167',b'918.05005',b'558.2057',b'-686.2248',b'1104.7166',b'553.3657',b'334.05237',b'928.16656',b'556.94916',b'-665.3187',b'1098.3549',b'557.45435',b'306.79846',b'928.6555',b'561.2612',b'-641.5843',b'998.7039',b'719.47205',b'109.66127',b'950.26544',b'721.4765',b'-110.203026',b'1070.7268',b'763.499',b'-61.193424',b'1016.26294',b'769.362',b'-327.49854',b'1030.1989',b'846.93427',b'153.32964',b'950.4898',b'860.8222',b'-142.6619',b'1020.2668',b'860.39923',b'170.75616',b'933.96643',b'870.8424',b'-125.75635',b'1076.571',b'874.62714',b'102.64622',b'968.0836',b'895.2067',b'-221.40381'
image_057.jpg,b'1063.5175',b'557.8451',b'-299.0242',b'1064.4081',b'545.534',b'-264.09967',b'1065.2687',b'545.3264',b'-264.05002',b'1066.0886',b'545.19745',b'-264.10342',b'1058.7229',b'545.4434',b'-295.7145',b'1055.36',b'544.925',b'-295.7538',b'1050.8447',b'544.3122',b'-295.83157',b'1050.6893',b'544.6777',b'-101.04573',b'1029.5764',b'544.0574',b'-247.28156',b'1061.4401',b'567.4362',b'-239.28793',b'1053.9762',b'566.69745',b'-281.92224',b'1043.6691',b'594.9663',b'42.288174',b'971.3961',b'599.4003',b'-251.7562',b'1054.4869',b'602.22375',b'239.77022',b'903.747',b'639.4364',b'-471.889',b'1096.2019',b'566.50793',b'365.40207',b'917.03674',b'579.42725',b'-637.73083',b'1108.5535',b'560.4656',b'407.6716',b'922.78503',b'570.2303',b'-672.3413',b'1106.4818',b'560.8444',b'392.5627',b'928.8433',b'568.79846',b'-655.46497',b'1100.687',b'564.67285',b'363.72464',b'929.91406',b'572.47485',b'-632.7235',b'1008.32544',b'722.3281',b'101.42271',b'959.8406',b'723.73975',b'-101.86679',b'1077.6495',b'765.14624',b'-73.40109',b'1020.50616',b'770.82214',b'-303.9425',b'1032.2751',b'846.00507',b'130.97899',b'952.1029',b'860.813',b'-144.09306',b'1021.33496',b'858.6026',b'148.05399',b'936.73553',b'868.5997',b'-128.76767',b'1073.3433',b'876.0655',b'88.068756',b'965.85376',b'893.5205',b'-215.45975'
image_058.jpg,b'1071.8031',b'577.8482',b'-292.26364',b'1071.2355',b'566.7494',b'-261.44333',b'1072.1154',b'566.4657',b'-261.44644',b'1073.0585',b'566.3033',b'-261.48618',b'1065.3595',b'566.6382',b'-292.39365',b'1061.5743',b'566.1815',b'-292.49292',b'1057.2607',b'565.6574',b'-292.63303',b'1059.6106',b'565.97015',b'-113.48267',b'1040.1056',b'565.175',b'-258.0115',b'1069.4523',b'588.68726',b'-238.39221',b'1061.2162',b'587.67096',b'-280.46432',b'1049.9705',b'618.18335',b'34.15996',b'973.53345',b'618.04346',b'-274.0745',b'1074.1206',b'635.11896',b'213.27213',b'901.95795',b'660.2946',b'-504.57343',b'1101.5636',b'591.59534',b'308.53836',b'918.1408',b'602.87915',b'-729.5136',b'1115.0554',b'582.33765',b'342.62668',b'919.07306',b'588.3266',b'-778.37415',b'1112.5995',b'581.1125',b'333.6788',b'926.97076',b'586.3793',b'-767.4492',b'1105.8774',b'584.88184',b'308.59885',b'928.9014',b'592.65314',b'-729.1164',b'989.6733',b'748.89667',b'113.35539',b'942.90515',b'746.082',b'-113.825554',b'1078.4434',b'770.8087',b'-58.523163',b'1020.7043',b'773.375',b'-410.3337',b'1030.7706',b'851.99963',b'154.02289',b'950.9119',b'859.8248',b'-203.36586',b'1018.8882',b'865.91235',b'170.76363',b'935.07916',b'868.5497',b'-183.714',b'1074.4418',b'881.8057',b'106.33968',b'961.8983',b'895.0116',b'-269.77054'
image_059.jpg,b'1066.3069',b'522.97577',b'-257.5961',b'1064.1428',b'510.87036',b'-229.95601',b'1064.3256',b'510.27484',b'-229.86978',b'1064.4547',b'509.5459',b'-229.91074',b'1059.7833',b'511.0626',b'-264.82874',b'1056.6841',b'510.71497',b'-264.87726',b'1053.1716',b'510.28723',b'-264.9719',b'1046.7161',b'510.01495',b'-92.41049',b'1034.442',b'511.22696',b'-254.46524',b'1063.1632',b'533.5254',b'-205.30211',b'1056.8762',b'533.2771',b'-252.64435',b'1042.1941',b'560.0529',b'43.349617',b'970.7879',b'573.59204',b'-264.2408',b'1054.2722',b'579.35614',b'271.10086',b'902.27783',b'617.3737',b'-485.57172',b'1092.8416',b'542.51886',b'415.05188',b'919.2275',b'552.7744',b'-651.8912',b'1107.6986',b'534.08075',b'460.34436',b'924.37006',b'541.35535',b'-690.69257',b'1106.8429',b'531.64325',b'441.48083',b'930.92194',b'539.8447',b'-665.43445',b'1100.219',b'535.6442',b'411.9609',b'931.73535',b'545.2214',b'-643.4023',b'1013.0981',b'697.2972',b'97.2591',b'962.55945',b'696.8878',b'-97.64075',b'1081.5226',b'762.349',b'-67.83442',b'1011.6369',b'769.37317',b'-296.78168',b'1032.0775',b'846.3416',b'185.58124',b'950.4656',b'857.91364',b'-89.057785',b'1019.7637',b'856.2286',b'207.05685',b'937.4574',b'865.673',b'-69.37041',b'1069.914',b'877.6303',b'133.03798',b'967.8319',b'892.62885',b'-168.66055'
image_060.jpg,b'1083.1945',b'524.7426',b'-311.30698',b'1080.4246',b'514.1753',b'-281.21106',b'1080.1665',b'513.80963',b'-281.16132',b'1079.8286',b'513.33215',b'-281.21323',b'1076.9084',b'514.8265',b'-313.64865',b'1074.0363',b'515.0926',b'-313.72034',b'1070.7699',b'515.3149',b'-313.86008',b'1065.0231',b'516.59106',b'-135.18477',b'1051.5378',b'519.0207',b'-286.62286',b'1079.0585',b'536.3616',b'-257.02792',b'1073.5702',b'536.3607',b'-301.21365',b'1063.2805',b'565.80084',b'19.435368',b'982.5106',b'571.6914',b'-293.23984',b'1085.258',b'581.17847',b'260.86407',b'909.0624',b'614.8932',b'-512.84064',b'1114.6312',b'546.1205',b'426.19785',b'930.6276',b'553.1599',b'-709.3531',b'1122.9462',b'536.82465',b'475.54504',b'939.64453',b'540.4877',b'-752.9052',b'1120.8243',b'535.5885',b'462.6096',b'947.39343',b'539.0794',b'-736.4761',b'1116.3264',b'539.9263',b'427.05304',b'947.3642',b'544.05316',b'-704.94214',b'1007.273',b'700.23535',b'104.75554',b'953.5356',b'697.20593',b'-105.289604',b'1086.6992',b'753.66486',b'-7.8216352',b'1000.3942',b'756.988',b'-411.77374',b'1038.3704',b'835.9571',b'263.40204',b'945.37775',b'854.275',b'-221.84033',b'1024.024',b'849.9839',b'285.30832',b'930.9453',b'865.5615',b'-204.94661',b'1076.4749',b'873.3399',b'217.32845',b'965.61676',b'894.5721',b'-321.09537'
image_061.jpg,b'1091.4266',b'602.78986',b'-309.5813',b'1090.4583',b'590.89606',b'-278.4787',b'1091.1613',b'590.44824',b'-278.43732',b'1091.9194',b'590.1358',b'-278.46484',b'1083.6749',b'591.56866',b'-302.7957',b'1079.4283',b'591.5324',b'-302.91937',b'1074.8164',b'591.4512',b'-303.04242',b'1077.1802',b'590.6723',b'-130.59508',b'1056.4088',b'591.6261',b'-245.21527',b'1088.3154',b'615.18585',b'-257.01605',b'1078.8802',b'614.5023',b'-290.5144',b'1074.1464',b'635.0019',b'16.251135',b'993.66235',b'633.2814',b'-246.93486',b'1095.5334',b'641.89716',b'197.08661',b'912.86053',b'663.8444',b'-456.91855',b'1123.4115',b'616.5562',b'318.95187',b'939.4984',b'618.96906',b'-656.7249',b'1134.9661',b'609.26874',b'357.3711',b'947.1486',b'610.70593',b'-698.2586',b'1133.6625',b'608.4851',b'346.57968',b'953.2972',b'607.737',b'-681.33887',b'1127.4469',b'612.0168',b'318.67047',b'953.31195',b'611.6586',b'-653.047',b'1006.0259',b'757.88354',b'99.43652',b'953.3303',b'752.90405',b'-99.890686',b'1102.4523',b'758.64246',b'-78.329216',b'1018.9779',b'754.967',b'-423.9166',b'1042.9231',b'834.39215',b'126.19567',b'951.45306',b'849.5532',b'-224.02194',b'1026.5101',b'846.78076',b'141.85184',b'935.9207',b'857.4681',b'-205.31448',b'1080.396',b'876.4699',b'76.17913',b'961.28595',b'892.7791',b'-300.92944'
image_062.jpg,b'1086.3398',b'610.4325',b'-310.42902',b'1087.4827',b'599.7401',b'-276.49332',b'1088.4224',b'599.59155',b'-276.45667',b'1089.3518',b'599.50604',b'-276.4827',b'1081.2407',b'599.57605',b'-300.4864',b'1077.0659',b'599.32495',b'-300.57544',b'1072.2235',b'599.088',b'-300.67694',b'1079.4879',b'599.93317',b'-118.97764',b'1054.7914',b'600.0987',b'-231.64766',b'1085.2167',b'621.7902',b'-253.72493',b'1076.3269',b'620.42896',b'-286.49756',b'1068.2028',b'637.05',b'28.918556',b'990.93396',b'640.1195',b'-220.61389',b'1085.9475',b'640.7445',b'214.56262',b'908.2496',b'665.831',b'-396.79547',b'1119.6774',b'618.4098',b'327.70654',b'941.2806',b'628.02356',b'-551.3335',b'1133.0557',b'615.70514',b'363.4435',b'950.2565',b'620.56964',b'-584.1205',b'1132.71',b'615.15375',b'348.3159',b'958.4069',b'619.98785',b'-571.72217',b'1126.5493',b'617.01685',b'325.51505',b'958.17194',b'624.1059',b'-547.6435',b'1014.87604',b'755.90027',b'94.86096',b'961.4187',b'753.2837',b'-95.244125',b'1094.2529',b'762.2544',b'-74.73144',b'1012.3522',b'764.2054',b'-425.09445',b'1041.2437',b'835.80975',b'135.59149',b'950.2569',b'855.37524',b'-231.10619',b'1025.2052',b'849.33466',b'151.77217',b'934.0171',b'862.44476',b'-213.15543',b'1079.4993',b'875.30743',b'89.74601',b'961.5514',b'896.4032',b'-311.8906'
image_063.jpg,b'1072.6034',b'484.60385',b'-354.69977',b'1069.4302',b'472.1101',b'-320.53116',b'1069.6969',b'471.63644',b'-320.45496',b'1069.9255',b'471.20764',b'-320.52768',b'1064.6997',b'473.1021',b'-351.2986',b'1061.0444',b'473.49957',b'-351.36423',b'1056.7759',b'474.15195',b'-351.4469',b'1056.0898',b'475.51917',b'-155.62769',b'1039.6201',b'479.50922',b'-298.4114',b'1070.6147',b'495.83008',b'-293.77008',b'1064.0219',b'496.5336',b'-335.4931',b'1059.3566',b'530.3344',b'27.715214',b'985.8568',b'538.81824',b'-299.19702',b'1080.7446',b'532.2263',b'323.1675',b'904.70294',b'577.2418',b'-528.43353',b'1111.0851',b'504.06662',b'542.65656',b'924.82385',b'515.0392',b'-742.2105',b'1123.7783',b'497.38495',b'599.858',b'932.7414',b'505.11923',b'-785.71643',b'1121.3706',b'496.89227',b'578.1032',b'939.7903',b'503.4559',b'-773.0935',b'1115.9076',b'500.4874',b'541.3292',b'938.70715',b'508.01266',b'-739.794',b'1004.71765',b'668.0181',b'114.77297',b'953.16693',b'667.23883',b'-115.3097',b'1090.123',b'740.37775',b'-45.892895',b'1004.2725',b'749.52795',b'-329.6169',b'1041.3733',b'839.3466',b'151.28093',b'948.5582',b'853.7985',b'-182.70378',b'1024.2849',b'854.7886',b'164.71777',b'931.7739',b'861.8681',b'-170.3738',b'1078.7999',b'879.65393',b'87.70779',b'963.04736',b'895.4523',b'-280.74255'
image_064.jpg,b'1093.8209',b'611.7948',b'-354.43073',b'1094.3068',b'600.35754',b'-319.7356',b'1095.3472',b'599.8675',b'-319.7018',b'1096.3724',b'599.4278',b'-319.73227',b'1087.562',b'600.7496',b'-347.76746',b'1083.4125',b'600.6594',b'-347.90128',b'1078.836',b'600.66486',b'-348.06595',b'1082.825',b'599.8088',b'-157.25883',b'1061.5953',b'600.673',b'-287.85074',b'1091.2625',b'622.88745',b'-295.76096',b'1081.6373',b'623.2563',b'-333.7462',b'1069.4431',b'633.6295',b'5.3249936',b'992.4994',b'639.87805',b'-272.86472',b'1087.1807',b'636.47107',b'197.81113',b'909.66693',b'662.4463',b'-459.8955',b'1121.0541',b'610.4429',b'304.51004',b'943.5736',b'622.78925',b'-623.2033',b'1136.485',b'606.0658',b'338.0258',b'952.44745',b'615.9905',b'-663.14355',b'1135.256',b'605.4895',b'320.31662',b'958.24615',b'614.34235',b'-648.1985',b'1127.3771',b'607.47217',b'300.73947',b'957.6011',b'617.5442',b'-618.74725',b'1003.94244',b'750.7606',b'105.87933',b'951.9978',b'753.3837',b'-106.40795',b'1098.9988',b'759.99286',b'-101.817726',b'1018.29846',b'760.76544',b'-462.185',b'1040.5327',b'838.0638',b'109.95773',b'949.5167',b'851.123',b'-245.23187',b'1024.4667',b'848.9355',b'126.25703',b'934.1019',b'856.48706',b'-224.49843',b'1076.744',b'877.40424',b'55.75536',b'955.6488',b'894.397',b'-320.25305'
image_065.jpg,b'1093.9276',b'535.4949',b'-257.2568',b'1094.3926',b'524.07635',b'-230.17021',b'1094.9707',b'523.42584',b'-230.13048',b'1095.5707',b'522.68024',b'-230.18506',b'1089.0408',b'524.6071',b'-266.1008',b'1085.3839',b'524.3866',b'-266.17062',b'1081.3497',b'524.0609',b'-266.27472',b'1077.0533',b'521.15265',b'-95.965996',b'1063.2823',b'523.2503',b'-263.34512',b'1088.3009',b'547.16895',b'-206.23982',b'1081.6611',b'547.3551',b'-255.12903',b'1057.9912',b'559.3123',b'31.793392',b'987.1998',b'563.47406',b'-261.02072',b'1082.3593',b'577.1344',b'209.18875',b'906.8358',b'589.8756',b'-468.7741',b'1119.7156',b'545.2733',b'298.26398',b'940.7308',b'547.489',b'-642.63477',b'1135.2274',b'538.0025',b'327.35904',b'950.8214',b'537.9061',b'-683.88654',b'1135.3053',b'536.53',b'309.59164',b'958.1835',b'536.54504',b'-666.54553',b'1127.988',b'539.8105',b'293.47305',b'958.1348',b'541.0518',b'-638.23914',b'1009.47015',b'679.80865',b'102.16971',b'952.1875',b'677.7145',b'-102.47096',b'1087.0415',b'740.63776',b'-67.15753',b'997.2688',b'740.6968',b'-386.40182',b'1039.8867',b'835.719',b'94.684395',b'945.9351',b'851.3743',b'-255.8159',b'1024.3999',b'849.4183',b'104.45408',b'933.27234',b'860.27057',b'-246.46994',b'1076.5691',b'874.8193',b'21.077112',b'961.0552',b'897.236',b'-363.46893'
image_066.jpg,b'1109.0505',b'491.61206',b'-198.94843',b'1106.504',b'478.70117',b'-170.34245',b'1106.9286',b'478.54745',b'-170.33905',b'1107.3651',b'478.54636',b'-170.43448',b'1100.2865',b'478.77438',b'-201.86386',b'1096.3107',b'478.65338',b'-201.96733',b'1092.0092',b'478.80594',b'-202.08498',b'1092.5112',b'482.60315',b'-27.685019',b'1070.9885',b'482.48914',b'-174.60718',b'1105.5022',b'503.97537',b'-145.23912',b'1097.4678',b'503.02203',b'-188.15729',b'1105.984',b'540.94366',b'111.75856',b'1004.4784',b'541.6579',b'-190.97717',b'1113.784',b'592.93774',b'356.61505',b'957.3646',b'626.38605',b'-384.28308',b'1139.4154',b'536.1548',b'520.9901',b'966.63654',b'548.20154',b'-591.2513',b'1139.9213',b'522.1882',b'568.48047',b'964.59436',b'531.80444',b'-631.3067',b'1137.794',b'519.1014',b'560.51483',b'965.57306',b'525.58374',b'-618.42096',b'1135.0541',b'525.6727',b'522.68945',b'968.43567',b'532.0238',b'-587.8217',b'1081.4182',b'715.3666',b'95.377014',b'1011.1756',b'709.85895',b'-95.63234',b'1166.483',b'764.64856',b'-93.53251',b'1056.7339',b'774.92725',b'-498.3427',b'1075.5681',b'836.1263',b'226.86278',b'973.22974',b'860.13916',b'-256.42685',b'1056.2981',b'845.7223',b'255.6183',b'950.77515',b'867.8146',b'-231.57104',b'1103.4769',b'886.25775',b'186.52254',b'1001.51483',b'903.31287',b'-349.87857'
image_067.jpg,b'1117.8839',b'528.47534',b'-265.63947',b'1117.3445',b'515.03864',b'-237.57828',b'1118.1908',b'514.7959',b'-237.59229',b'1118.875',b'514.59784',b'-237.69093',b'1110.7407',b'515.01874',b'-269.63156',b'1106.4011',b'514.59467',b'-269.73755',b'1101.3135',b'514.05145',b'-269.86575',b'1105.3948',b'516.6381',b'-100.18025',b'1079.6915',b'515.4906',b'-247.50928',b'1115.7522',b'539.38196',b'-214.59285',b'1107.9448',b'538.6812',b'-257.4921',b'1109.2268',b'573.9505',b'35.07148',b'1008.04675',b'579.3028',b'-262.71655',b'1116.1036',b'593.85925',b'249.83316',b'957.88446',b'658.98804',b'-485.76337',b'1130.2299',b'564.594',b'424.44064',b'976.5414',b'579.7883',b'-702.1942',b'1135.494',b'554.63007',b'474.8496',b'975.60895',b'563.0433',b'-744.32623',b'1134.8165',b'554.4186',b'469.28217',b'978.1383',b'558.69366',b'-724.4351',b'1131.8547',b'559.2993',b'426.6877',b'979.6615',b'563.985',b'-696.8906',b'1070.3121',b'732.257',b'96.59846',b'1003.03815',b'731.30817',b'-97.067505',b'1159.8679',b'755.4245',b'-125.34393',b'1050.0426',b'768.6917',b'-450.0395',b'1081.8094',b'832.2202',b'193.42096',b'973.4967',b'861.04767',b'-191.09058',b'1060.8514',b'847.17914',b'222.14442',b'953.5355',b'872.30383',b'-165.99203',b'1105.4839',b'884.7654',b'159.95535',b'997.17706',b'907.3044',b'-277.65805'
image_068.jpg,b'1106.2804',b'564.5984',b'-364.80673',b'1105.4509',b'553.2328',b'-332.71127',b'1106.7478',b'552.979',b'-332.71088',b'1108.0604',b'552.73773',b'-332.75134',b'1098.6061',b'553.1108',b'-362.07153',b'1093.9065',b'552.7371',b'-362.18213',b'1088.6663',b'552.3892',b'-362.29202',b'1098.4194',b'555.1872',b'-176.90775',b'1070.289',b'555.0924',b'-311.69098',b'1106.024',b'575.9802',b'-308.196',b'1097.1754',b'575.2045',b'-347.11548',b'1090.843',b'609.9725',b'-13.096636',b'1000.03564',b'617.0267',b'-316.1947',b'1105.9567',b'608.9293',b'175.79753',b'943.90436',b'690.10333',b'-532.0017',b'1108.2695',b'602.4288',b'310.95895',b'978.6668',b'624.93915',b'-765.1003',b'1120.1738',b'597.9182',b'352.03754',b'976.17865',b'609.37177',b'-814.3895',b'1124.8105',b'602.2831',b'346.57355',b'977.2838',b'604.6641',b'-800.7236',b'1121.1692',b'603.75354',b'312.4216',b'979.07684',b'608.77594',b'-762.90845',b'1025.2762',b'748.7572',b'101.9996',b'962.56793',b'746.8383',b'-102.378944',b'1123.1035',b'746.6824',b'-13.444474',b'996.6426',b'760.71436',b'-468.78113',b'1044.8723',b'834.60114',b'234.59566',b'965.1301',b'852.7433',b'-221.40073',b'1028.1293',b'849.82104',b'255.0822',b'952.90546',b'864.5078',b'-197.211',b'1084.4478',b'870.4352',b'200.94551',b'984.5319',b'893.5586',b'-284.5627'
image_069.jpg,b'1091.153',b'496.27185',b'-336.7882',b'1089.7826',b'484.81128',b'-299.75616',b'1090.6912',b'484.72467',b'-299.76547',b'1091.5183',b'484.74237',b'-299.8554',b'1083.5868',b'484.08142',b'-329.84427',b'1078.928',b'483.371',b'-329.94208',b'1073.6791',b'482.82678',b'-330.05978',b'1080.7812',b'488.08884',b'-126.246346',b'1055.3408',b'486.44223',b'-265.302',b'1088.7834',b'507.39722',b'-273.86963',b'1081.3008',b'507.75214',b'-314.38318',b'1078.5654',b'546.85266',b'28.953793',b'992.5707',b'548.1137',b'-260.35883',b'1100.8491',b'558.71783',b'222.06563',b'938.7488',b'627.5665',b'-445.96173',b'1106.1003',b'546.2215',b'345.78284',b'966.24255',b'557.46594',b'-611.7022',b'1107.4078',b'539.3662',b'380.94925',b'967.7124',b'540.75464',b'-652.30566',b'1103.4482',b'538.0141',b'373.06332',b'969.2318',b'537.26776',b'-635.755',b'1100.66',b'541.3093',b'346.03848',b'971.0938',b'542.99426',b'-606.9241',b'1028.9529',b'698.6381',b'92.82795',b'969.2458',b'696.72327',b'-93.24811',b'1122.0172',b'746.9102',b'-60.541378',b'996.76117',b'767.5653',b'-351.50043',b'1053.3287',b'830.00946',b'245.36304',b'958.27985',b'854.31537',b'-104.51097',b'1034.2206',b'843.9599',b'271.59406',b'945.96405',b'867.64374',b'-82.43603',b'1088.6025',b'871.6038',b'200.41669',b'986.0133',b'892.69403',b'-201.79002'
image_070.jpg,b'1090.5319',b'567.586',b'-374.41174',b'1090.1218',b'556.21185',b'-338.88556',b'1091.564',b'555.9206',b'-338.86783',b'1092.919',b'555.6607',b'-338.905',b'1082.1794',b'556.329',b'-368.58676',b'1077.5269',b'556.2112',b'-368.69165',b'1072.2594',b'555.9986',b'-368.77585',b'1082.5791',b'557.0723',b'-170.56615',b'1053.3315',b'559.0148',b'-307.12946',b'1089.3448',b'578.5992',b'-313.67957',b'1080.3429',b'578.39886',b'-353.18994',b'1079.497',b'610.5373',b'-5.175548',b'987.30206',b'623.2949',b'-293.7312',b'1090.3563',b'619.284',b'186.01682',b'933.0441',b'697.46545',b'-447.70966',b'1104.1311',b'609.9583',b'295.35486',b'962.0836',b'634.3937',b'-613.02356',b'1111.6367',b'602.7026',b'332.94138',b'963.1205',b'618.3218',b'-652.2796',b'1108.1132',b'600.6752',b'326.66113',b'964.7384',b'612.3729',b'-643.0091',b'1108.9596',b'607.02356',b'296.29086',b'965.6662',b'616.8524',b'-610.31134',b'1029.4388',b'753.5319',b'94.11994',b'970.5079',b'750.4648',b'-94.600815',b'1128.7122',b'758.9187',b'-92.37839',b'980.777',b'772.07434',b'-476.24304',b'1043.9235',b'838.5108',b'158.9724',b'955.5043',b'856.7445',b'-171.6769',b'1026.099',b'853.4769',b'178.68762',b'947.7806',b'864.6488',b'-142.3699',b'1080.8812',b'874.85364',b'120.79062',b'974.8907',b'888.4153',b'-214.39674'
image_071.jpg,b'1084.1215',b'466.43097',b'-363.1231',b'1083.0631',b'455.45718',b'-329.5471',b'1084.19',b'455.4484',b'-329.5294',b'1085.355',b'455.5983',b'-329.59686',b'1076.3975',b'454.717',b'-363.67834',b'1071.9268',b'454.23642',b'-363.7375',b'1067.5507',b'454.02203',b'-363.8714',b'1073.1217',b'459.9275',b'-159.59344',b'1049.664',b'457.56396',b'-316.26953',b'1080.6864',b'479.17554',b'-299.1974',b'1072.0765',b'478.45596',b'-344.94812',b'1065.3123',b'525.9332',b'35.023033',b'985.29553',b'518.6352',b'-326.85468',b'1081.1715',b'568.17365',b'279.64078',b'932.8789',b'605.1453',b'-557.7898',b'1103.8309',b'519.1743',b'406.5873',b'957.25476',b'532.03516',b'-792.9563',b'1108.9425',b'507.35318',b'446.3656',b'960.08356',b'515.71497',b'-846.9307',b'1104.9324',b'503.98932',b'437.0828',b'960.2463',b'509.64975',b'-833.2816',b'1101.2087',b'507.8116',b'406.43607',b'960.3445',b'514.7821',b'-790.10736',b'1023.0035',b'682.2075',b'114.49708',b'964.37885',b'682.1505',b'-114.86745',b'1113.9205',b'745.24335',b'40.412495',b'994.1398',b'765.79156',b'-270.3175',b'1048.2361',b'838.12',b'321.66962',b'952.4332',b'858.1459',b'-45.834442',b'1030.7296',b'854.03534',b'344.2947',b'937.5115',b'872.75916',b'-26.673931',b'1091.9418',b'874.1184',b'268.87738',b'984.6912',b'893.65594',b'-141.86513'
image_072.jpg,b'1072.5868',b'525.9403',b'-266.20407',b'1072.9635',b'514.4032',b'-233.16519',b'1074.4684',b'514.3965',b'-233.20155',b'1076.0029',b'514.497',b'-233.26765',b'1064.3527',b'513.4597',b'-257.2524',b'1059.6587',b'512.8474',b'-257.3474',b'1054.8384',b'512.3593',b'-257.42892',b'1067.6184',b'517.79626',b'-78.16007',b'1039.3931',b'516.0459',b'-188.49088',b'1070.8018',b'538.5829',b'-210.00278',b'1061.2897',b'537.311',b'-242.11661',b'1074.8202',b'574.8164',b'54.6022',b'983.1147',b'581.90845',b'-188.79391',b'1077.3563',b'592.5204',b'238.31886',b'940.7198',b'664.15326',b'-353.01395',b'1095.8655',b'578.04095',b'362.08496',b'953.95166',b'593.6302',b'-534.7878',b'1097.6914',b'572.50775',b'399.2477',b'954.2554',b'575.3048',b'-571.10547',b'1093.4706',b'569.5234',b'388.14398',b'954.5754',b'569.9787',b'-561.59796',b'1090.9509',b'572.6931',b'361.19867',b'955.31036',b'577.57306',b'-532.65594',b'1031.7278',b'732.9188',b'79.461075',b'970.77484',b'729.47375',b'-79.69418',b'1127.2898',b'756.17456',b'-95.02532',b'992.20496',b'770.5011',b'-426.1456',b'1046.0488',b'834.5838',b'147.30502',b'951.412',b'857.33685',b'-224.86612',b'1029.6227',b'850.436',b'167.46074',b'940.3553',b'869.64624',b'-206.05544',b'1084.7036',b'871.6361',b'101.65904',b'976.6664',b'890.1963',b'-314.92517'
image_073.jpg,b'1052.5292',b'464.7291',b'-218.37961',b'1045.8915',b'454.83234',b'-187.7101',b'1045.622',b'454.70035',b'-187.6553',b'1045.1282',b'454.49554',b'-187.70157',b'1041.7681',b'454.7364',b'-218.5313',b'1038.8895',b'454.7433',b'-218.56679',b'1035.7173',b'454.84344',b'-218.64662',b'1033.132',b'459.37646',b'-50.173233',b'1018.49255',b'463.24036',b'-191.66637',b'1051.3796',b'475.89264',b'-167.77132',b'1045.9298',b'474.88336',b'-209.04121',b'1040.2017',b'523.11456',b'93.093796',b'969.64484',b'530.6013',b'-225.79631',b'1060.1207',b'550.15894',b'333.82996',b'895.7134',b'579.11926',b'-441.97238',b'1100.5292',b'497.92844',b'491.68024',b'909.4068',b'505.98685',b'-628.24225',b'1113.3389',b'485.95764',b'537.23395',b'913.3123',b'491.37308',b'-672.13855',b'1108.3324',b'484.06226',b'522.2449',b'921.30475',b'488.6837',b'-652.8178',b'1101.665',b'489.09555',b'489.43484',b'921.58276',b'494.0928',b'-623.8739',b'1000.2624',b'669.7356',b'107.93658',b'949.88135',b'668.76105',b'-108.32131',b'1090.1644',b'744.51636',b'-23.975359',b'981.8836',b'757.83374',b'-250.92465',b'1033.1624',b'843.5655',b'161.56152',b'941.6864',b'862.64795',b'-58.40814',b'1020.21674',b'861.1712',b'174.64346',b'930.42957',b'877.7862',b'-42.100334',b'1079.2009',b'874.8603',b'95.78535',b'961.94904',b'895.9686',b'-153.76662'
image_074.jpg,b'1072.1182',b'527.3529',b'-277.1369',b'1067.7258',b'516.5448',b'-248.4958',b'1067.0812',b'516.28204',b'-248.47166',b'1066.1504',b'515.99786',b'-248.55125',b'1063.9391',b'517.6912',b'-282.2789',b'1060.5323',b'518.52264',b'-282.3443',b'1056.9316',b'519.48425',b'-282.43832',b'1047.4845',b'522.74603',b'-107.98142',b'1035.4271',b'527.2693',b'-265.01816',b'1068.0427',b'542.31036',b'-224.09987',b'1062.027',b'541.79254',b'-269.97897',b'1047.0592',b'571.70526',b'26.413012',b'971.8467',b'566.6392',b'-268.1019',b'1071.0687',b'581.61084',b'199.45238',b'894.5686',b'589.141',b'-474.1865',b'1106.5453',b'549.989',b'293.59674',b'918.7404',b'556.7231',b'-648.4324',b'1120.6791',b'540.9644',b'322.51306',b'932.1115',b'548.59235',b'-689.6307',b'1119.092',b'537.36163',b'305.6172',b'940.7908',b'545.63635',b'-673.4974',b'1112.4083',b'541.70105',b'289.25433',b'938.51483',b'551.3241',b'-644.8461',b'995.4176',b'691.7865',b'102.94448',b'942.0078',b'690.1175',b'-103.20764',b'1089.8728',b'748.73755',b'-45.28654',b'984.379',b'760.08856',b'-353.3463',b'1034.2812',b'845.6765',b'127.75893',b'942.36774',b'862.9273',b'-206.36395',b'1019.99335',b'863.39075',b'138.7356',b'930.7492',b'874.9037',b'-195.33319',b'1078.2076',b'874.76605',b'62.044487',b'959.906',b'898.03973',b'-307.44244'
image_075.jpg,b'1072.7603',b'612.3584',b'-198.51826',b'1071.3075',b'601.98676',b'-172.21988',b'1071.5967',b'601.5307',b'-172.25206',b'1071.8308',b'601.0269',b'-172.32622',b'1066.4749',b'602.61035',b'-201.4824',b'1063.0693',b'602.7893',b'-201.57071',b'1058.9905',b'603.0865',b'-201.65558',b'1058.3602',b'603.2397',b'-51.275055',b'1039.7451',b'608.2457',b'-187.42375',b'1071.2235',b'622.3598',b'-153.97739',b'1064.1206',b'623.95215',b'-193.71338',b'1057.9141',b'641.9777',b'45.373795',b'981.5458',b'648.60876',b'-202.06592',b'1075.7279',b'645.94836',b'180.7692',b'921.96533',b'665.18896',b'-392.75726',b'1109.9125',b'625.5509',b'262.63107',b'926.0139',b'636.5623',b'-569.43933',b'1126.6995',b'616.4607',b'291.58777',b'929.74994',b'628.38043',b'-606.65564',b'1125.8114',b'614.3881',b'277.12695',b'935.21136',b'625.22235',b'-596.8446',b'1118.4008',b'617.09155',b'258.99167',b'934.8242',b'629.5994',b'-569.322',b'1000.95245',b'756.2439',b'84.030365',b'948.9942',b'757.2467',b'-84.2027',b'1094.1405',b'760.7686',b'-109.53986',b'979.817',b'766.0472',b'-426.8647',b'1035.1182',b'845.70953',b'59.684727',b'943.61786',b'861.718',b'-220.75264',b'1018.10956',b'859.4744',b'72.150894',b'930.8827',b'873.5576',b'-201.29735',b'1077.4902',b'876.22516',b'9.342722',b'957.2254',b'896.6002',b'-289.58252'
image_076.jpg,b'1072.4972',b'528.80444',b'-330.854',b'1067.449',b'518.31805',b'-309.2197',b'1066.9921',b'518.035',b'-309.1303',b'1066.3489',b'517.74365',b'-309.20053',b'1063.4178',b'520.4033',b'-342.2312',b'1060.3427',b'521.50415',b'-342.29822',b'1056.5656',b'522.67676',b'-342.37912',b'1046.9233',b'525.7268',b'-189.63614',b'1033.0118',b'530.0119',b'-342.9891',b'1068.9152',b'543.98145',b'-283.82907',b'1062.913',b'544.99963',b'-328.7242',b'1045.2925',b'569.43964',b'-55.136913',b'969.8337',b'581.5742',b'-334.53513',b'1067.3146',b'591.9044',b'160.99551',b'901.5005',b'607.39435',b'-523.3118',b'1104.5348',b'558.77997',b'310.0879',b'925.6505',b'555.3207',b'-647.4982',b'1119.2128',b'548.58826',b'349.95206',b'936.7386',b'545.7806',b'-682.10864',b'1118.0275',b'545.3183',b'329.45395',b'945.0015',b'546.05597',b'-660.1132',b'1111.218',b'549.79126',b'306.15677',b'943.86896',b'550.5649',b'-640.4232',b'1006.3312',b'694.7943',b'85.178734',b'950.46185',b'694.5813',b'-85.47551',b'1096.2065',b'753.90845',b'-102.85066',b'985.7874',b'765.9664',b'-353.55508',b'1036.9974',b'841.8666',b'142.84093',b'943.7022',b'862.09406',b'-169.83893',b'1021.0186',b'853.0727',b'163.43861',b'933.83374',b'874.3117',b'-154.64703',b'1071.1725',b'877.57336',b'84.0661',b'963.1868',b'895.7019',b'-271.50223'
image_077.jpg,b'1100.8795',b'554.4094',b'-361.87808',b'1098.0642',b'542.6616',b'-327.17703',b'1098.607',b'542.4292',b'-327.1665',b'1099.1582',b'542.24506',b'-327.24857',b'1092.1432',b'542.2989',b'-362.59164',b'1088.2426',b'542.03046',b'-362.6905',b'1084.1481',b'541.929',b'-362.79572',b'1083.2227',b'545.8175',b'-162.81055',b'1063.3887',b'546.3206',b'-326.09888',b'1097.4951',b'565.2928',b'-301.85422',b'1089.2954',b'565.0143',b'-349.35513',b'1079.0632',b'599.3819',b'3.299973',b'989.9129',b'606.7179',b'-312.0657',b'1113.5354',b'597.30426',b'188.3273',b'924.35364',b'671.65497',b'-532.9335',b'1122.1182',b'584.4013',b'327.28302',b'958.00885',b'599.8008',b'-758.45245',b'1125.3438',b'574.1472',b'366.7981',b'958.3186',b'581.4115',b'-811.0806',b'1120.3792',b'572.3907',b'364.7486',b'961.88544',b'576.4951',b'-790.0971',b'1116.4048',b'577.54517',b'330.47064',b'962.73755',b'583.63104',b'-753.79877',b'1012.2557',b'713.9174',b'107.74689',b'952.8725',b'717.6523',b'-108.190506',b'1109.2898',b'738.33264',b'-178.19162',b'1017.797',b'744.71436',b'-513.9712',b'1056.0815',b'849.7811',b'-4.866221',b'967.60645',b'869.7896',b'-362.83798',b'1040.3167',b'869.26117',b'7.170941',b'952.1644',b'887.3694',b'-351.306',b'1104.3308',b'873.00793',b'-92.46737',b'990.8831',b'897.8674',b'-488.39114'
image_078.jpg,b'1104.389',b'527.1062',b'-355.13565',b'1102.7783',b'514.99475',b'-320.10568',b'1103.3623',b'514.71423',b'-320.07578',b'1103.9694',b'514.59906',b'-320.1676',b'1096.6561',b'514.45734',b'-356.7123',b'1092.8639',b'513.97284',b'-356.82397',b'1088.9486',b'513.924',b'-356.91782',b'1089.2101',b'517.1454',b'-153.70612',b'1070.3712',b'517.726',b'-321.8881',b'1101.0103',b'538.75806',b'-293.64297',b'1093.3864',b'538.2166',b'-342.75714',b'1086.1826',b'568.3192',b'19.783115',b'996.52155',b'579.52264',b'-310.28467',b'1119.3044',b'572.059',b'262.77933',b'926.5123',b'642.5031',b'-523.49396',b'1130.6545',b'562.0556',b'459.4768',b'955.00037',b'574.56433',b'-745.4975',b'1134.5856',b'550.97894',b'510.25406',b'955.7305',b'557.65594',b'-797.04175',b'1130.2821',b'548.82916',b'499.22534',b'960.5634',b'552.9118',b'-778.78204',b'1126.3383',b'554.3203',b'460.47943',b'961.95215',b'559.70807',b'-741.84424',b'1024.9961',b'696.1487',b'106.377266',b'963.83057',b'697.1282',b'-106.803314',b'1108.3656',b'735.8192',b'-204.50525',b'1016.2054',b'743.89905',b'-548.8782',b'1058.0562',b'851.3621',b'-27.991894',b'967.69904',b'869.3743',b'-414.63522',b'1042.2997',b'870.15375',b'-16.270157',b'953.28986',b'888.13947',b'-405.25842',b'1107.9264',b'874.0164',b'-123.985374',b'996.8513',b'895.46747',b'-553.6603'
image_079.jpg,b'1101.6047',b'525.12537',b'-306.691',b'1098.4141',b'513.2625',b'-273.477',b'1098.7104',b'513.10345',b'-273.4474',b'1098.961',b'512.94073',b'-273.52466',b'1093.4915',b'513.1342',b'-312.175',b'1089.5212',b'512.95807',b'-312.27197',b'1084.5216',b'512.8649',b'-312.3911',b'1083.5806',b'517.83887',b'-115.89696',b'1063.9347',b'518.97217',b'-294.37042',b'1099.0438',b'537.3706',b'-248.155',b'1092.5786',b'537.7014',b'-300.24637',b'1090.2043',b'575.4003',b'41.044838',b'994.32654',b'581.4629',b'-289.3474',b'1104.1958',b'599.6447',b'270.22913',b'924.7707',b'654.3158',b'-533.7723',b'1123.0515',b'568.3966',b'437.06064',b'952.32117',b'577.88446',b'-766.5201',b'1129.3541',b'556.43646',b'484.2126',b'952.85315',b'559.0692',b'-819.8251',b'1125.6057',b'553.2612',b'471.80655',b'958.2842',b'555.396',b'-797.02295',b'1122.3936',b'558.4353',b'436.9027',b'959.7168',b'562.2303',b'-761.68274',b'1029.0905',b'709.63367',b'106.53257',b'964.3919',b'705.99066',b'-106.93901',b'1107.5195',b'734.3047',b'-225.29509',b'1014.82086',b'737.6239',b'-575.08044',b'1060.4927',b'850.4533',b'-46.04453',b'967.33484',b'869.46576',b'-431.3153',b'1041.9486',b'870.4154',b'-34.087345',b'952.92163',b'889.31726',b'-421.43878',b'1108.91',b'874.52673',b'-145.18425',b'1000.2849',b'898.61383',b'-574.195'
image_080.jpg,b'1106.4464',b'542.56036',b'-345.77353',b'1104.4551',b'531.0576',b'-310.44824',b'1105.3326',b'530.86115',b'-310.39203',b'1106.1525',b'530.82544',b'-310.4564',b'1098.5145',b'531.33344',b'-344.54025',b'1094.3733',b'531.20776',b'-344.64746',b'1089.8391',b'531.18274',b'-344.73578',b'1092.1349',b'535.5287',b'-144.73193',b'1071.2888',b'536.2781',b'-301.62616',b'1104.3181',b'553.9847',b'-285.6102',b'1096.9055',b'554.5649',b'-331.38727',b'1092.4009',b'592.27716',b'27.224178',b'997.6743',b'595.34894',b'-287.16678',b'1121.3042',b'583.6439',b'251.5898',b'925.46814',b'662.2578',b'-493.21353',b'1131.5634',b'576.60297',b'442.5902',b'958.063',b'592.7361',b'-693.30457',b'1134.3662',b'565.6882',b'490.3593',b'960.26965',b'572.3589',b'-741.82935',b'1129.4485',b'565.11005',b'479.59473',b'964.1477',b'568.7127',b'-721.7761',b'1126.3795',b'570.00806',b'443.1141',b'964.98083',b'577.25433',b'-688.8198',b'1025.3921',b'716.7311',b'102.536026',b'964.947',b'712.6751',b'-102.95654',b'1106.9421',b'735.46216',b'-236.81586',b'1013.7438',b'742.15894',b'-532.9016',b'1053.9487',b'851.67285',b'-87.0542',b'967.97205',b'867.74646',b'-407.1155',b'1040.4916',b'870.87897',b'-77.05314',b'956.1294',b'888.0568',b'-397.94193',b'1101.4767',b'873.45514',b'-184.31232',b'992.0905',b'896.5295',b'-540.02936'
image_081.jpg,b'1089.6819',b'549.0637',b'-403.2975',b'1088.2949',b'539.0492',b'-366.2017',b'1089.8333',b'539.0458',b'-366.20825',b'1091.4268',b'539.1676',b'-366.28528',b'1080.6635',b'539.288',b'-396.54703',b'1076.4117',b'539.7871',b'-396.64374',b'1071.601',b'540.3108',b'-396.76617',b'1083.9486',b'542.6516',b'-191.10727',b'1053.0822',b'547.21515',b'-330.36475',b'1090.6984',b'560.36414',b'-339.90634',b'1081.3712',b'560.583',b'-380.51428',b'1084.212',b'596.764',b'-16.839573',b'989.1956',b'603.63763',b'-306.19382',b'1087.2308',b'620.8037',b'177.12526',b'922.52594',b'673.27277',b'-498.77362',b'1102.2351',b'593.24316',b'315.45468',b'959.4257',b'609.62537',b'-712.286',b'1108.5951',b'582.41785',b'356.37466',b'963.6459',b'592.791',b'-758.3358',b'1111.8312',b'585.09393',b'348.21954',b'965.88904',b'587.4376',b'-743.2347',b'1108.5165',b'586.3187',b'316.53445',b'965.3808',b'593.54297',b'-708.76544',b'1011.1292',b'719.3864',b'94.862305',b'949.12274',b'716.3693',b'-95.3362',b'1094.1624',b'749.89197',b'-161.35724',b'989.86084',b'753.1927',b'-507.49936',b'1037.1521',b'847.2909',b'38.60073',b'956.97925',b'868.1703',b'-351.96686',b'1022.23596',b'864.85406',b'52.78248',b'942.2561',b'886.598',b'-341.2332',b'1083.1418',b'873.70197',b'-48.49169',b'985.45795',b'893.83685',b'-486.90097'
image_082.jpg,b'1092.045',b'592.7559',b'-264.73392',b'1091.7781',b'581.2456',b'-236.94342',b'1093.1522',b'581.1188',b'-236.95853',b'1094.518',b'580.9961',b'-237.01604',b'1084.2657',b'581.1383',b'-267.64383',b'1079.6249',b'580.81537',b'-267.73843',b'1075.0353',b'580.7357',b'-267.8555',b'1084.5273',b'585.6594',b'-101.52891',b'1057.9607',b'584.8807',b'-242.31113',b'1091.1483',b'603.7352',b'-215.0414',b'1082.4106',b'603.72266',b'-256.03577',b'1076.3901',b'632.71643',b'33.257313',b'981.98535',b'641.9995',b'-236.58804',b'1089.2526',b'651.7125',b'168.98972',b'920.7783',b'709.5305',b'-404.66586',b'1103.7771',b'631.7831',b'257.37994',b'958.4586',b'645.3405',b'-570.8482',b'1108.2598',b'618.5658',b'289.24933',b'962.42523',b'628.4299',b'-606.4963',b'1106.1614',b'615.49927',b'290.09726',b'963.01337',b'624.13684',b'-594.53436',b'1102.7426',b'620.2659',b'260.73096',b'962.9204',b'629.3531',b'-567.4698',b'1006.40454',b'748.66345',b'90.179756',b'943.1662',b'749.2545',b'-90.56287',b'1093.3281',b'748.9293',b'-92.428055',b'992.6367',b'753.6357',b'-440.21735',b'1036.8882',b'850.3044',b'50.527386',b'960.4295',b'866.61725',b'-286.87335',b'1022.20404',b'866.20056',b'60.478592',b'945.8226',b'885.1286',b'-273.94324',b'1081.6653',b'872.19293',b'-18.583326',b'986.6303',b'894.198',b'-379.248'
image_083.jpg,b'1082.7438',b'590.38367',b'-290.7803',b'1081.6567',b'579.022',b'-261.48343',b'1083.0809',b'578.8476',b'-261.4866',b'1084.4954',b'578.7484',b'-261.53983',b'1074.0911',b'579.42847',b'-291.78375',b'1070.0868',b'579.61',b'-291.89737',b'1065.873',b'579.9661',b'-292.04022',b'1075.22',b'583.919',b'-115.827614',b'1046.5267',b'584.58185',b'-255.7304',b'1083.4597',b'601.6962',b'-236.90942',b'1073.6322',b'601.4033',b'-277.66168',b'1076.2626',b'634.11383',b'30.587694',b'977.4064',b'645.47015',b'-243.36594',b'1067.1589',b'678.29',b'173.3361',b'915.1314',b'722.0957',b'-411.8907',b'1087.9528',b'632.8236',b'256.15128',b'950.062',b'652.37244',b'-576.638',b'1099.3799',b'621.11914',b'290.1203',b'951.5264',b'636.5884',b'-609.32715',b'1098.4607',b'617.77527',b'291.82202',b'953.6157',b'631.2205',b'-597.1498',b'1094.5857',b'621.84033',b'259.58978',b'953.6049',b'636.7816',b'-572.73627',b'1008.3846',b'758.84033',b'88.77505',b'943.37085',b'756.9902',b'-89.152245',b'1087.1559',b'744.4106',b'-135.23853',b'983.95514',b'747.9215',b'-466.61273',b'1036.176',b'849.463',b'18.646719',b'961.0292',b'866.7453',b'-300.37762',b'1024.0133',b'866.26215',b'30.24042',b'949.449',b'885.07135',b'-285.6846',b'1082.828',b'868.3853',b'-56.041622',b'972.45886',b'895.31683',b'-396.5214'
image_084.jpg,b'1077.6688',b'516.0788',b'-392.3568',b'1076.1927',b'505.15613',b'-357.7325',b'1077.0767',b'505.0221',b'-357.7631',b'1077.8542',b'504.8493',b'-357.86984',b'1069.2307',b'505.16995',b'-392.29718',b'1065.3085',b'505.10028',b'-392.39273',b'1061.1578',b'505.1422',b'-392.49957',b'1066.0524',b'508.18124',b'-186.52728',b'1043.6761',b'510.3137',b'-343.93625',b'1075.8807',b'527.82056',b'-328.75702',b'1067.4012',b'527.25714',b'-374.67737',b'1068.4032',b'565.38367',b'-9.50329',b'972.2668',b'570.38776',b'-317.8959',b'1070.5061',b'595.01953',b'229.53925',b'914.4253',b'641.54',b'-502.50668',b'1077.3867',b'588.11615',b'402.29852',b'946.28455',b'574.07623',b'-704.2671',b'1088.5546',b'588.2633',b'448.4463',b'950.07935',b'559.4123',b'-752.1432',b'1089.8678',b'586.3183',b'434.60898',b'951.686',b'553.6024',b'-741.8704',b'1087.4762',b'586.6793',b'402.2243',b'950.65454',b'559.1812',b'-702.5827',b'998.09705',b'696.53754',b'94.04967',b'938.7519',b'696.32306',b'-94.47054',b'1078.7113',b'739.33856',b'-102.02501',b'985.61957',b'751.1686',b'-516.9127',b'1038.2115',b'848.73047',b'92.75591',b'958.9201',b'869.78253',b'-417.12888',b'1025.2179',b'866.7236',b'104.92706',b'945.20416',b'886.9318',b'-412.33835',b'1085.6569',b'870.2292',b'-0.95804596',b'992.9447',b'893.3399',b'-570.4206'
image_085.jpg,b'1131.1519',b'546.9358',b'-408.40268',b'1132.293',b'535.4032',b'-379.2118',b'1133.5833',b'535.048',b'-379.18872',b'1134.8025',b'534.64294',b'-379.28378',b'1124.566',b'534.6548',b'-413.56146',b'1120.2544',b'533.76855',b'-413.70837',b'1115.1837',b'532.90436',b'-413.8295',b'1120.4894',b'533.52795',b'-224.62067',b'1094.2649',b'531.8179',b'-381.54968',b'1127.6674',b'557.59344',b'-349.58337',b'1118.5106',b'557.0387',b'-395.337',b'1113.843',b'569.10974',b'-56.740715',b'1019.8674',b'580.0377',b'-358.2958',b'1123.6908',b'580.77637',b'209.61577',b'948.5034',b'648.4646',b'-499.81183',b'1147.0719',b'562.13',b'392.65842',b'982.3219',b'578.93317',b'-635.0304',b'1159.9036',b'555.94775',b'442.4083',b'983.14886',b'562.4978',b'-664.3942',b'1155.8649',b'554.13495',b'424.74884',b'985.8601',b'558.1851',b'-655.83624',b'1148.2544',b'558.80566',b'391.2207',b'987.03827',b'564.4993',b'-630.80927',b'1070.3082',b'707.47675',b'99.73821',b'1010.6686',b'711.70856',b'-100.14563',b'1168.3865',b'771.7661',b'-25.790857',b'1082.2603',b'780.8429',b'-385.01862',b'1082.6526',b'827.9081',b'307.58755',b'983.5038',b'855.85223',b'-159.78578',b'1063.7917',b'830.3619',b'337.4967',b'958.75354',b'862.8963',b'-137.14232',b'1110.8856',b'880.9078',b'297.6626',b'1005.5964',b'904.7276',b'-227.43259'
image_086.jpg,b'1138.2654',b'534.5399',b'-325.19342',b'1140.2607',b'522.7962',b'-293.81488',b'1140.9236',b'522.38544',b'-293.7993',b'1141.582',b'521.9314',b'-293.8664',b'1135.0365',b'521.53625',b'-332.6563',b'1131.5951',b'520.24176',b'-332.7638',b'1128.0873',b'518.9173',b'-332.89606',b'1125.0299',b'518.7926',b'-140.05907',b'1110.376',b'515.6684',b'-317.8393',b'1131.5515',b'544.20575',b'-267.2541',b'1125.3625',b'542.217',b'-319.0332',b'1111.3148',b'552.82916',b'17.436039',b'1022.0913',b'558.64557',b'-321.11356',b'1137.0696',b'553.5437',b'245.90735',b'953.39105',b'627.20667',b'-550.83405',b'1150.9371',b'542.2219',b'407.27686',b'992.0265',b'555.9012',b'-768.1205',b'1157.6622',b'532.14087',b'454.72244',b'996.4962',b'537.54663',b'-814.62805',b'1155.6216',b'531.7477',b'445.71506',b'1000.4503',b'533.28516',b'-793.7894',b'1151.8042',b'535.9086',b'408.5667',b'1000.341',b'539.0336',b'-761.51544',b'1066.0076',b'693.6361',b'112.47372',b'1003.933',b'693.9627',b'-112.91104',b'1156.2039',b'745.4536',b'-88.94258',b'1064.1165',b'759.8369',b'-435.5743',b'1076.369',b'832.7709',b'190.3428',b'982.7392',b'860.4272',b'-230.39465',b'1057.566',b'845.8346',b'212.95657',b'964.1625',b'872.2068',b'-211.6526',b'1107.6171',b'881.4161',b'141.64577',b'1002.9119',b'901.1978',b'-327.19083'
image_087.jpg,b'1131.9363',b'566.0952',b'-347.46875',b'1132.0115',b'555.6049',b'-311.57068',b'1132.5706',b'555.3472',b'-311.55328',b'1133.0542',b'555.02185',b'-311.60815',b'1126.0583',b'554.7685',b'-345.8339',b'1122.3821',b'553.888',b'-345.9587',b'1118.4812',b'553.0152',b'-346.11603',b'1116.175',b'553.8698',b'-146.52129',b'1097.828',b'551.9477',b'-302.80103',b'1126.5886',b'576.4121',b'-287.3504',b'1119.3124',b'576.1215',b'-332.6545',b'1106.5067',b'596.8241',b'16.961914',b'1020.36304',b'596.49664',b'-308.94107',b'1131.6415',b'585.7733',b'232.23425',b'940.5861',b'654.918',b'-525.64594',b'1138.7715',b'569.4133',b'400.82596',b'980.8938',b'592.7294',b'-711.15283',b'1143.0651',b'560.6583',b'446.8959',b'984.86444',b'576.1596',b'-753.76685',b'1140.9962',b'563.2137',b'442.09167',b'989.7582',b'573.1332',b'-733.93445',b'1136.9688',b'566.5795',b'402.76517',b'990.2201',b'579.0478',b'-704.51324',b'1045.8242',b'729.3193',b'117.882034',b'988.5864',b'727.5095',b'-118.42297',b'1154.9445',b'757.13446',b'-64.34459',b'1069.7657',b'758.67395',b'-441.62796',b'1074.984',b'838.56464',b'173.25421',b'979.3959',b'859.2961',b'-246.93155',b'1056.2421',b'854.59955',b'192.69618',b'958.6924',b'872.3959',b'-228.1919',b'1109.8477',b'880.60406',b'129.01637',b'1002.34406',b'901.66345',b'-329.90704'
image_088.jpg,b'1117.4551',b'627.7229',b'-311.54782',b'1119.0652',b'615.6018',b'-286.63376',b'1120.9897',b'615.7624',b'-286.61838',b'1122.7598',b'615.93555',b'-286.6574',b'1109.7988',b'614.86816',b'-310.4261',b'1104.8441',b'614.7479',b'-310.5339',b'1099.3372',b'614.8416',b'-310.59802',b'1112.4475',b'617.6887',b'-153.32077',b'1077.8175',b'616.92267',b'-263.5837',b'1116.7766',b'640.023',b'-261.14426',b'1105.0875',b'638.04126',b'-293.0928',b'1104.8331',b'658.0437',b'-17.918875',b'1001.27185',b'661.0255',b'-223.98314',b'1110.2456',b'674.56946',b'97.08655',b'929.2382',b'717.33685',b'-277.63983',b'1115.6084',b'652.3099',b'178.887',b'978.6953',b'664.5245',b'-327.84552',b'1124.351',b'644.0545',b'203.30342',b'987.89844',b'649.70325',b'-342.2559',b'1123.0999',b'640.9602',b'206.45839',b'990.23047',b'645.1504',b'-337.2434',b'1117.7617',b'645.0491',b'182.19662',b'988.83704',b'650.2904',b'-323.78836',b'1027.5922',b'757.39075',b'76.01047',b'968.39355',b'758.5323',b'-76.21946',b'1125.9741',b'748.61334',b'-67.15677',b'993.94525',b'756.66876',b'-440.84744',b'1045.7368',b'834.9325',b'96.766754',b'958.4356',b'861.198',b'-301.677',b'1028.7775',b'849.9441',b'110.84301',b'946.90247',b'875.0844',b'-288.2314',b'1080.9265',b'871.0501',b'56.946777',b'983.68195',b'895.67004',b'-378.68323'
image_089.jpg,b'1127.8197',b'643.39105',b'-180.71698',b'1131.4083',b'632.3931',b'-162.36569',b'1133.1414',b'632.3065',b'-162.37509',b'1134.6448',b'632.1046',b'-162.40344',b'1124.4071',b'631.39905',b'-185.22548',b'1120.857',b'630.66',b'-185.31018',b'1116.4987',b'629.69525',b'-185.35683',b'1121.329',b'633.1285',b'-67.896126',b'1096.7249',b'627.18146',b'-174.73611',b'1123.515',b'652.00244',b'-144.60028',b'1114.5508',b'650.59784',b'-175.56165',b'1092.8829',b'666.6167',b'12.663439',b'1015.53235',b'658.3953',b'-153.107',b'1084.0331',b'731.6909',b'74.28769',b'940.5073',b'710.79126',b'-190.32947',b'1080.245',b'740.0991',b'75.90207',b'991.11475',b'666.85693',b'-192.4453',b'1080.9427',b'747.6932',b'88.09177',b'1004.3751',b'665.55133',b'-194.90135',b'1083.0208',b'741.2309',b'86.5872',b'999.6261',b'648.4046',b'-189.61494',b'1079.8336',b'737.1559',b'76.36533',b'996.96533',b'652.9942',b'-187.3322',b'1034.6399',b'762.4209',b'64.19258',b'983.9163',b'761.3483',b'-64.288994',b'1121.5913',b'743.38116',b'-34.061676',b'1004.27466',b'750.44855',b'-309.64066',b'1048.732',b'829.1007',b'68.37731',b'965.67993',b'852.42035',b'-204.91756',b'1030.4811',b'843.3667',b'76.97926',b'954.69867',b'862.70935',b'-194.37053',b'1078.4943',b'868.9263',b'39.568447',b'979.43835',b'893.56476',b'-258.90356'
image_090.jpg,b'1112.9249',b'561.3515',b'-418.6703',b'1114.7031',b'550.76117',b'-388.70905',b'1116.3394',b'550.9487',b'-388.70956',b'1117.9387',b'551.1403',b'-388.77563',b'1106.1769',b'549.6672',b'-422.90332',b'1101.1755',b'549.0513',b'-423.02304',b'1095.3522',b'548.2778',b'-423.05606',b'1107.1268',b'552.072',b'-228.56245',b'1075.0885',b'547.9605',b'-382.72217',b'1111.0264',b'572.97345',b'-357.2033',b'1100.04',b'571.8385',b'-401.72794',b'1089.6879',b'592.2448',b'-53.858353',b'996.4585',b'595.9565',b'-315.3949',b'1094.4652',b'603.1713',b'138.08925',b'928.66614',b'646.3469',b'-218.23059',b'1107.544',b'608.4264',b'223.4879',b'972.2384',b'603.27405',b'-73.78248',b'1113.8938',b'610.6867',b'246.4302',b'982.7953',b'592.829',b'-64.192795',b'1113.1521',b'610.82605',b'232.72563',b'981.6041',b'584.37573',b'-70.3362',b'1109.1373',b'609.87787',b'218.16577',b'980.9523',b'588.1463',b'-68.64405',b'1014.27844',b'708.2051',b'83.26153',b'957.0579',b'710.2329',b'-83.21708',b'1114.5044',b'746.2833',b'-85.358665',b'993.30927',b'757.41656',b'-401.33182',b'1047.574',b'832.35986',b'100.36834',b'957.8409',b'856.4064',b'-224.7117',b'1025.8618',b'850.88873',b'114.01002',b'944.4085',b'870.6747',b'-210.47696',b'1084.8334',b'869.3836',b'41.893497',b'983.0103',b'890.87164',b'-321.57297'
image_091.jpg,b'1112.8713',b'615.4819',b'-305.86584',b'1115.325',b'603.4353',b'-280.72775',b'1116.8492',b'603.2764',b'-280.7284',b'1118.2777',b'603.07324',b'-280.77835',b'1107.3667',b'603.1677',b'-307.92618',b'1102.1925',b'602.82404',b'-308.04028',b'1096.0907',b'602.38324',b'-308.12354',b'1105.9832',b'604.21387',b'-147.2181',b'1076.3219',b'601.96484',b'-272.95648',b'1110.1389',b'626.57776',b'-255.43513',b'1099.3767',b'626.36346',b'-291.9247',b'1096.449',b'646.2956',b'-20.95266',b'1000.2857',b'646.78735',b'-239.66629',b'1103.0718',b'674.57385',b'68.395',b'926.2072',b'703.01044',b'-309.79126',b'1108.7473',b'637.71594',b'113.22865',b'978.53485',b'652.53723',b'-360.87738',b'1117.2136',b'627.835',b'130.74055',b'991.51636',b'640.2955',b'-375.77158',b'1115.5679',b'624.0393',b'136.31133',b'991.264',b'631.8491',b'-367.2803',b'1110.024',b'629.2981',b'116.61069',b'988.5914',b'637.7386',b'-355.46454',b'1024.5255',b'753.6436',b'79.678566',b'964.2365',b'752.74335',b'-79.814804',b'1124.9264',b'750.689',b'-57.471954',b'1003.8445',b'756.3466',b'-445.08795',b'1045.3596',b'834.8241',b'109.676125',b'958.5208',b'855.98804',b'-289.63705',b'1025.7799',b'850.47705',b'123.90169',b'945.2543',b'865.2288',b'-274.59976',b'1079.9327',b'874.34503',b'67.59476',b'980.91956',b'895.4384',b'-360.121'
image_092.jpg,b'1058.5259',b'484.1542',b'-258.66125',b'1052.3423',b'472.67014',b'-232.0728',b'1052.4529',b'472.11273',b'-232.04027',b'1052.3989',b'471.649',b'-232.10417',b'1047.6',b'475.3139',b'-265.85596',b'1044.321',b'476.72217',b'-265.91562',b'1040.4382',b'478.26062',b'-266.03024',b'1040.0402',b'482.3246',b'-100.47354',b'1023.03906',b'488.57846',b'-255.14992',b'1059.9174',b'499.484',b'-208.7316',b'1052.3429',b'499.85007',b'-253.89828',b'1047.6971',b'547.41187',b'51.85955',b'975.6436',b'551.18835',b'-283.1386',b'1058.2142',b'578.2567',b'291.74384',b'905.21826',b'599.4695',b'-489.8896',b'1101.157',b'526.4113',b'457.969',b'911.1291',b'537.3945',b'-667.85516',b'1113.8405',b'516.57074',b'504.73846',b'911.47314',b'522.845',b'-708.3728',b'1110.2822',b'514.5926',b'487.56854',b'918.97736',b'520.6271',b'-698.8203',b'1102.9591',b'518.9338',b'455.637',b'920.5712',b'526.5992',b'-666.63654',b'1005.7276',b'689.14496',b'110.14173',b'954.79114',b'690.25305',b'-110.69322',b'1082.1685',b'756.7882',b'27.95226',b'1019.09143',b'765.8814',b'-298.9945',b'1040.6194',b'846.19104',b'255.22725',b'954.25555',b'862.74243',b'-163.91803',b'1027.5536',b'859.5599',b'272.71225',b'936.96686',b'873.9213',b'-152.88832',b'1085.9126',b'875.4782',b'209.38986',b'964.51355',b'898.5189',b'-258.52774'
image_093.jpg,b'1066.9807',b'576.69366',b'-324.6347',b'1064.829',b'564.9492',b'-289.64716',b'1066.09',b'564.6581',b'-289.59207',b'1067.2678',b'564.53656',b'-289.63278',b'1057.1206',b'567.02936',b'-318.7138',b'1052.5205',b'568.39557',b'-318.79208',b'1047.2921',b'570.0832',b'-318.89938',b'1057.0245',b'571.59265',b'-129.53001',b'1031.6425',b'577.2293',b'-265.0826',b'1068.0975',b'588.87976',b'-266.83295',b'1058.2798',b'590.4943',b'-306.24762',b'1054.5944',b'620.56934',b'40.475273',b'982.0823',b'626.16724',b'-278.96906',b'1077.8782',b'629.73157',b'273.21564',b'905.2143',b'657.3435',b'-508.74728',b'1110.4615',b'600.1796',b'432.74036',b'915.24457',b'619.5508',b'-713.1023',b'1126.5306',b'590.843',b'481.98584',b'920.18286',b'607.0055',b'-754.6812',b'1121.874',b'588.9308',b'468.67627',b'927.4818',b'604.76373',b'-744.9103',b'1115.2993',b'592.2734',b'433.64404',b'928.139',b'609.58417',b'-712.01117',b'997.69354',b'752.6463',b'110.92565',b'949.51526',b'751.47577',b'-111.421875',b'1081.6915',b'769.2424',b'-84.86783',b'1025.8427',b'773.18097',b'-413.11105',b'1038.8271',b'851.0472',b'129.91296',b'955.7454',b'860.97705',b'-203.87048',b'1027.0321',b'864.8342',b'146.8111',b'938.5493',b'869.6059',b'-183.35555',b'1085.6768',b'875.6147',b'86.2511',b'962.4133',b'894.9737',b'-268.47498'
image_094.jpg,b'1063.0876',b'500.92395',b'-298.9766',b'1058.074',b'490.43753',b'-267.30093',b'1058.1492',b'489.92746',b'-267.28113',b'1058.1888',b'489.46802',b'-267.37012',b'1054.2653',b'492.92157',b'-303.5484',b'1051.3657',b'494.37595',b'-303.59433',b'1047.9707',b'496.02304',b'-303.70325',b'1044.0363',b'498.6928',b'-114.845',b'1029.5854',b'506.29712',b'-281.87418',b'1062.8613',b'514.7577',b'-241.81761',b'1057.0553',b'516.0796',b'-290.5639',b'1046.4474',b'559.7306',b'41.92773',b'971.8541',b'564.04285',b'-297.23785',b'1067.3022',b'576.51227',b'269.4114',b'905.3613',b'599.51605',b'-518.40424',b'1103.4558',b'537.4084',b'416.4729',b'909.7706',b'543.3811',b'-711.0491',b'1115.1185',b'530.48785',b'460.98502',b'914.65076',b'535.5513',b'-754.29474',b'1111.8231',b'527.6523',b'444.36694',b'923.1397',b'533.82214',b'-743.3308',b'1106.4634',b'530.40094',b'413.74338',b'923.74493',b'538.41364',b'-709.80273',b'1001.95953',b'694.693',b'111.247826',b'951.4414',b'695.08875',b'-111.79318',b'1076.1786',b'756.81195',b'2.5766535',b'1014.3347',b'762.3123',b'-329.63715',b'1039.0631',b'849.0195',b'209.2274',b'951.73566',b'865.6767',b'-193.5691',b'1027.2264',b'866.54205',b'224.15622',b'934.3353',b'878.012',b'-183.15376',b'1084.7379',b'874.8729',b'151.10088',b'968.4842',b'899.7446',b'-298.73203'
image_095.jpg,b'1068.532',b'562.7753',b'-260.16162',b'1065.5321',b'550.5703',b'-225.28302',b'1066.6625',b'550.17505',b'-225.2628',b'1067.8035',b'549.9023',b'-225.30865',b'1059.2379',b'552.4628',b'-255.71591',b'1055.6736',b'553.54144',b'-255.77908',b'1051.798',b'554.93024',b'-255.87195',b'1054.2727',b'556.4418',b'-69.620575',b'1032.8138',b'564.13574',b'-212.00203',b'1069.561',b'575.4541',b'-204.32242',b'1061.6024',b'576.45197',b'-245.74239',b'1055.3582',b'608.5834',b'57.253212',b'974.4137',b'615.3985',b'-223.0175',b'1079.4691',b'611.16284',b'241.2512',b'902.3375',b'652.71436',b'-438.5014',b'1112.2872',b'591.07245',b'354.92307',b'914.746',b'602.5602',b'-620.65796',b'1122.4509',b'585.7141',b'390.0523',b'917.29584',b'591.9479',b'-662.2989',b'1117.5305',b'584.76416',b'376.1764',b'926.6056',b'590.3893',b'-650.3425',b'1111.8064',b'587.90857',b'352.94598',b'927.9211',b'595.3516',b'-619.22723',b'1015.23425',b'743.32837',b'93.37744',b'960.59155',b'741.3772',b'-93.796585',b'1088.5055',b'765.8062',b'-120.943054',b'1010.9784',b'769.13983',b'-442.80368',b'1039.945',b'844.7231',b'130.03131',b'954.3645',b'861.67194',b'-244.42969',b'1026.8127',b'859.2158',b'150.71637',b'940.1299',b'871.1793',b'-226.52122',b'1084.1168',b'873.62445',b'80.10788',b'963.31104',b'897.6388',b'-340.02106'
image_096.jpg,b'1097.4714',b'470.70813',b'-139.40076',b'1089.5132',b'462.85794',b'-112.876396',b'1089.7854',b'463.06406',b'-113.00827',b'1090.0248',b'463.3819',b'-113.09021',b'1084.9388',b'464.41342',b'-138.01477',b'1082.0261',b'465.70413',b'-138.10962',b'1078.4609',b'467.1544',b'-138.19228',b'1080.7948',b'476.0449',b'9.637993',b'1060.0793',b'483.12036',b'-105.83423',b'1099.8744',b'482.99112',b'-95.19258',b'1094.155',b'483.96643',b'-128.7292',b'1114.5394',b'551.5311',b'87.43512',b'1013.07544',b'558.9724',b'-125.297485',b'1113.1322',b'625.085',b'-28.883833',b'976.3757',b'650.91473',b'-316.56046',b'1141.2766',b'586.2366',b'-277.64114',b'983.87195',b'567.2029',b'-551.2497',b'1143.8983',b'563.11523',b'-314.17673',b'977.04895',b'551.27563',b'-603.95605',b'1145.3435',b'557.123',b'-313.60358',b'976.33655',b'545.3345',b'-592.66064',b'1142.758',b'562.51624',b'-285.51907',b'980.39545',b'550.57324',b'-552.09717',b'1075.6024',b'718.3581',b'86.058525',b'1007.49493',b'711.83093',b'-85.91847',b'1162.9446',b'746.59375',b'-108.3483',b'1045.8563',b'761.2726',b'-514.97064',b'1076.0762',b'837.5595',b'158.52425',b'977.9768',b'863.8022',b'-358.15225',b'1059.4114',b'849.5873',b'179.88095',b'956.5295',b'877.9399',b'-345.6027',b'1109.6775',b'881.82104',b'88.18577',b'1004.9011',b'900.9458',b'-501.89725'
image_097.jpg,b'1110.7054',b'503.37073',b'-135.2684',b'1103.9285',b'495.11893',b'-108.76511',b'1104.2717',b'495.2819',b'-108.80172',b'1104.4753',b'495.48538',b'-108.91984',b'1098.8291',b'495.65857',b'-136.05106',b'1095.6716',b'496.3287',b'-136.18874',b'1092.2711',b'497.16583',b'-136.29877',b'1094.4346',b'505.84695',b'9.049165',b'1074.5914',b'510.83926',b'-117.23271',b'1111.3823',b'516.2093',b'-93.34885',b'1104.5787',b'516.2978',b'-130.42085',b'1121.0002',b'582.6372',b'112.3018',b'1022.5558',b'584.40533',b'-156.94638',b'1133.7455',b'632.30707',b'282.1736',b'979.7256',b'672.94855',b'-380.15216',b'1150.6807',b'600.25464',b'404.40955',b'981.8212',b'588.61475',b'-634.4329',b'1150.3038',b'587.60095',b'445.1374',b'976.08514',b'569.5671',b'-682.1343',b'1151.267',b'579.6239',b'436.4475',b'976.4608',b'564.0054',b'-668.07513',b'1150.7053',b'583.5344',b'404.74814',b'979.73474',b'571.3324',b'-634.30066',b'1076.0491',b'740.9287',b'93.191574',b'1011.2478',b'732.56915',b'-93.292496',b'1165.6871',b'747.24603',b'-124.11914',b'1041.4683',b'761.68915',b'-511.96027',b'1080.1002',b'832.2257',b'107.75875',b'980.4636',b'864.971',b'-345.16547',b'1062.1632',b'847.09924',b'126.7287',b'960.17084',b'877.29803',b'-329.38727',b'1104.1542',b'881.8475',b'47.2111',b'1004.107',b'902.6576',b'-457.958'
image_098.jpg,b'1096.6345',b'491.1408',b'-110.51304',b'1088.6763',b'481.68826',b'-86.033806',b'1088.7068',b'481.8231',b'-86.07119',b'1088.7014',b'482.0322',b'-86.17055',b'1084.7809',b'482.12415',b'-112.47953',b'1081.9926',b'482.68893',b'-112.611176',b'1079.0222',b'483.5307',b'-112.71791',b'1077.819',b'492.65198',b'23.880783',b'1060.7074',b'496.82623',b'-98.433395',b'1097.1754',b'503.85034',b'-70.76218',b'1091.179',b'503.62473',b'-106.633026',b'1107.7671',b'566.4867',b'125.593124',b'1005.8568',b'569.1424',b'-135.77925',b'1115.6472',b'615.6647',b'298.42575',b'967.83075',b'659.335',b'-340.00613',b'1140.328',b'590.6012',b'412.0182',b'971.60693',b'578.5079',b'-575.8498',b'1142.6973',b'567.3045',b'447.8229',b'967.45526',b'561.0748',b'-622.1524',b'1140.7249',b'566.0226',b'437.53247',b'967.9617',b'556.2407',b'-610.03235',b'1139.4487',b'571.8515',b'411.46408',b'971.0563',b'561.6243',b'-575.6007',b'1062.8198',b'729.02844',b'89.1684',b'993.45416',b'721.04114',b'-89.259346',b'1151.9097',b'749.1506',b'-111.91637',b'1027.162',b'762.1255',b'-535.58923',b'1066.7649',b'844.2814',b'104.30683',b'968.42126',b'870.95435',b'-401.87073',b'1051.309',b'859.53766',b'120.692924',b'954.0984',b'885.6712',b'-390.78604',b'1111.4895',b'879.6477',b'34.389606',b'997.53217',b'898.62634',b'-529.2677'
image_099.jpg,b'1100.6456',b'458.4887',b'-168.73274',b'1091.253',b'449.10052',b'-142.20705',b'1090.9546',b'449.28052',b'-142.32338',b'1090.6293',b'449.66318',b'-142.40318',b'1087.8212',b'449.8552',b'-170.14766',b'1085.1263',b'450.54547',b'-170.24338',b'1082.105',b'451.48285',b'-170.31824',b'1078.3693',b'462.04004',b'-13.310539',b'1062.6965',b'466.4031',b'-142.03195',b'1101.1565',b'472.37466',b'-121.133125',b'1095.4967',b'472.61713',b'-158.57866',b'1109.5066',b'538.75604',b'75.23515',b'1007.40314',b'540.0875',b'-157.5417',b'1114.5973',b'607.44617',b'-67.067924',b'970.4362',b'633.6897',b'-346.9377',b'1144.135',b'538.7655',b'-334.13705',b'976.4201',b'544.7843',b'-556.9969',b'1143.014',b'522.9951',b'-376.93292',b'970.79535',b'528.0772',b'-608.3078',b'1141.3734',b'518.7052',b'-366.92987',b'970.4417',b'522.4663',b'-597.2944',b'1139.7953',b'524.95966',b'-339.3201',b'974.2511',b'528.62885',b'-557.28107',b'1067.357',b'701.2662',b'91.767494',b'998.4961',b'693.4687',b'-91.674095',b'1150.4338',b'738.13513',b'-34.202953',b'1038.776',b'746.6789',b'-569.37775',b'1072.1697',b'836.2838',b'241.70663',b'975.39484',b'862.9907',b'-449.2134',b'1057.8673',b'847.8227',b'263.58374',b'958.2186',b'879.8141',b'-440.88382',b'1107.0974',b'881.582',b'166.06374',b'1001.91534',b'898.12787',b'-613.8857'
image_100.jpg,b'1106.1279',b'467.03055',b'-191.19846',b'1097.6493',b'457.23923',b'-165.12361',b'1097.6344',b'457.30167',b'-165.12843',b'1097.5895',b'457.56158',b'-165.22743',b'1093.3815',b'458.0256',b'-196.84917',b'1090.318',b'458.71313',b'-196.99962',b'1087.0249',b'459.81073',b'-197.11536',b'1086.2489',b'468.96335',b'-38.25909',b'1068.3495',b'474.36642',b'-185.29456',b'1106.7012',b'480.20642',b'-144.27278',b'1100.5468',b'480.92816',b'-187.34529',b'1113.5336',b'540.1032',b'91.20979',b'1012.9986',b'551.81775',b'-220.9617',b'1136.4238',b'573.6819',b'327.2439',b'974.9048',b'640.8607',b'-452.3606',b'1147.7992',b'545.0622',b'493.71387',b'978.7819',b'559.0033',b'-725.68207',b'1148.3776',b'534.89294',b'541.5514',b'974.159',b'543.2767',b'-783.1129',b'1148.662',b'530.8387',b'525.4252',b'975.022',b'536.7876',b'-769.1019',b'1146.8252',b'535.1792',b'492.47522',b'978.1208',b'542.08167',b'-725.3435',b'1075.1926',b'712.754',b'100.62939',b'1005.4689',b'703.0727',b'-100.89154',b'1156.7963',b'759.3451',b'-30.886538',b'1035.65',b'760.68713',b'-582.88904',b'1068.1705',b'842.4229',b'286.85767',b'972.81976',b'865.90906',b'-412.47238',b'1052.9918',b'854.7567',b'313.0981',b'955.01324',b'880.7152',b'-397.508',b'1109.4536',b'881.79865',b'224.25464',b'1001.5338',b'899.2423',b'-552.2501'
image_101.jpg,b'1086.9188',b'501.68176',b'-243.36728',b'1081.0885',b'491.4665',b'-214.55264',b'1081.9498',b'491.5705',b'-214.59041',b'1082.7714',b'491.71014',b'-214.67316',b'1075.2367',b'492.3272',b'-242.18777',b'1070.917',b'493.02502',b'-242.30043',b'1066.4462',b'493.97977',b'-242.41396',b'1073.8807',b'499.0832',b'-78.71669',b'1049.5892',b'506.4238',b'-205.25795',b'1087.7216',b'515.4765',b'-193.93536',b'1080.8538',b'516.6634',b'-230.78539',b'1086.1292',b'567.629',b'44.793045',b'996.41144',b'574.7232',b'-218.6098',b'1093.7284',b'608.2009',b'220.12749',b'948.75006',b'656.7493',b'-412.40176',b'1109.3881',b'583.89813',b'322.24915',b'968.37146',b'587.0216',b'-611.4732',b'1109.4609',b'582.69415',b'354.97208',b'970.10583',b'567.6302',b'-653.18726',b'1113.1211',b'576.76794',b'342.22333',b'970.0853',b'562.3882',b'-639.82465',b'1106.246',b'575.5126',b'320.9117',b'970.7679',b'569.3938',b'-608.6507',b'1031.4255',b'716.32227',b'84.50293',b'970.12976',b'713.6173',b'-84.74243',b'1119.7347',b'747.09424',b'-109.241356',b'995.778',b'763.7494',b'-436.3572',b'1049.0745',b'833.5528',b'135.03653',b'957.191',b'855.64624',b'-210.0667',b'1033.1746',b'848.3088',b'154.14517',b'945.1683',b'868.80786',b'-189.94794',b'1082.5701',b'872.2587',b'74.60489',b'983.1886',b'891.5838',b'-308.19055'
image_102.jpg,b'1068.1096',b'533.7491',b'-237.21942',b'1062.1727',b'524.8749',b'-208.38701',b'1063.0338',b'524.77466',b'-208.4147',b'1063.8118',b'524.71106',b'-208.47298',b'1056.2002',b'526.03925',b'-235.1534',b'1052.4364',b'527.1699',b'-235.28273',b'1047.9552',b'528.7332',b'-235.39952',b'1055.9067',b'533.6258',b'-77.66023',b'1033.715',b'542.05695',b'-199.70271',b'1071.3917',b'546.4668',b'-190.58405',b'1065.8931',b'548.57306',b'-226.08073',b'1074.5',b'598.54175',b'36.400795',b'988.2795',b'616.01685',b'-218.34854',b'1084.192',b'623.1016',b'197.32347',b'941.68225',b'700.1634',b'-414.14893',b'1096.3524',b'618.92865',b'291.46945',b'957.4687',b'623.8405',b'-605.9652',b'1094.5385',b'606.1076',b'324.5147',b'956.0072',b'606.3359',b'-646.4439',b'1092.8872',b'597.8183',b'313.9716',b'957.0244',b'602.3614',b'-630.0035',b'1091.1912',b'600.16437',b'291.51733',b'959.10394',b'607.5047',b'-601.7813',b'1036.1279',b'757.8182',b'87.13414',b'976.81445',b'755.3336',b'-87.55982',b'1131.5103',b'760.0793',b'-111.95595',b'988.68085',b'783.5477',b'-441.00793',b'1049.7756',b'835.18176',b'141.34485',b'953.90924',b'855.98834',b'-127.170555',b'1033.6506',b'846.79376',b'164.30801',b'943.03845',b'865.1823',b'-94.73036',b'1081.7146',b'874.8151',b'115.2579',b'980.4857',b'889.8056',b'-159.58922'
image_103.jpg,b'1082.0752',b'540.9035',b'-275.18286',b'1075.904',b'531.6046',b'-244.85419',b'1076.9974',b'531.4126',b'-244.83742',b'1078.1752',b'531.20514',b'-244.8672',b'1069.7957',b'533.0097',b'-268.59518',b'1066.2903',b'534.24475',b'-268.72238',b'1062.6938',b'535.9628',b'-268.84723',b'1069.832',b'537.81537',b'-103.82491',b'1046.2184',b'548.5891',b'-212.5347',b'1085.2158',b'551.5486',b'-225.3137',b'1078.1443',b'553.7093',b'-256.8656',b'1080.3246',b'601.9789',b'34.37264',b'997.2363',b'617.6027',b'-226.97867',b'1103.326',b'597.93085',b'208.03445',b'945.2544',b'694.6421',b'-427.45972',b'1093.8663',b'587.74677',b'369.70776',b'963.663',b'624.829',b'-618.4037',b'1097.2596',b'582.1574',b'415.13196',b'959.7904',b'607.18585',b'-654.0486',b'1096.3235',b'582.7657',b'418.91278',b'960.4931',b'602.42755',b'-638.4',b'1094.1176',b'585.4676',b'376.2562',b'962.9926',b'608.0765',b'-614.0992',b'1038.274',b'755.51013',b'94.186745',b'980.49554',b'752.0735',b'-94.69377',b'1138.8529',b'760.89557',b'-67.914665',b'1008.9527',b'771.23065',b'-415.85672',b'1057.6016',b'830.17633',b'166.27031',b'961.71045',b'848.1854',b'-162.31395',b'1038.8186',b'839.96906',b'187.98055',b'949.2401',b'855.5268',b'-135.57603',b'1082.6025',b'873.865',b'141.95845',b'980.0265',b'890.0777',b'-204.31517'
image_104.jpg,b'1080.9568',b'531.22986',b'-229.44348',b'1076.2723',b'521.2791',b'-202.19403',b'1077.3179',b'521.13513',b'-202.22865',b'1078.3981',b'521.0531',b'-202.29137',b'1069.674',b'522.0861',b'-229.1667',b'1065.8904',b'522.954',b'-229.28296',b'1061.9009',b'524.2365',b'-229.39566',b'1068.5077',b'527.46985',b'-72.02209',b'1044.7495',b'536.2727',b'-195.13023',b'1083.5093',b'543.2467',b'-182.07344',b'1076.8704',b'544.50275',b'-217.96968',b'1078.4666',b'591.8821',b'47.202953',b'994.27435',b'605.60535',b'-207.289',b'1086.0764',b'639.0099',b'201.10143',b'941.42487',b'684.67725',b'-397.63504',b'1101.588',b'622.0855',b'287.15173',b'966.7461',b'617.7095',b'-583.42865',b'1107.0612',b'619.03656',b'319.49194',b'968.39355',b'599.21106',b'-619.74023',b'1109.6554',b'614.3529',b'312.51886',b'967.4833',b'593.76776',b'-606.6925',b'1105.0278',b'616.00397',b'288.1196',b'967.97473',b'599.7691',b'-579.7597',b'1033.4718',b'744.01776',b'85.839066',b'975.65436',b'739.27985',b'-86.182014',b'1127.9615',b'758.28894',b'-92.33912',b'1008.8918',b'766.5197',b'-418.0136',b'1049.0938',b'831.18506',b'146.08519',b'959.3105',b'854.681',b'-209.6727',b'1032.244',b'844.0012',b'166.21864',b'945.2953',b'864.4383',b'-190.2693',b'1082.4567',b'871.83655',b'101.43598',b'978.70355',b'890.6051',b'-291.6181'
image_105.jpg,b'1060.3259',b'471.656',b'-209.9697',b'1053.2494',b'463.44824',b'-181.59692',b'1053.6887',b'463.26324',b'-181.59273',b'1054.1174',b'463.14377',b'-181.66916',b'1048.566',b'465.16714',b'-207.40118',b'1045.1835',b'466.56693',b'-207.49724',b'1041.5514',b'468.03537',b'-207.612',b'1045.2415',b'471.9029',b'-49.17423',b'1024.5125',b'481.27316',b'-166.69968',b'1063.1313',b'484.10635',b'-162.07202',b'1056.3674',b'485.42413',b'-196.4293',b'1071.3567',b'540.7678',b'83.1875',b'980.6876',b'551.79425',b'-202.4477',b'1080.8484',b'563.6101',b'302.6554',b'938.8205',b'635.67334',b'-423.89078',b'1093.4027',b'546.33606',b'449.71445',b'950.8418',b'563.015',b'-662.8561',b'1094.123',b'540.1639',b'493.06308',b'948.8255',b'545.1464',b'-711.1274',b'1092.3354',b'535.1119',b'478.233',b'948.0998',b'540.38306',b'-696.62665',b'1090.971',b'538.16693',b'448.4385',b'950.16223',b'546.99316',b'-661.2059',b'1032.0933',b'704.9374',b'95.34811',b'973.0018',b'701.7242',b'-95.77384',b'1129.6471',b'755.88995',b'-55.531555',b'1003.90356',b'771.1625',b'-371.9298',b'1052.4512',b'829.3691',b'219.05913',b'953.05664',b'851.0585',b'-104.63439',b'1034.4469',b'841.8674',b'242.63005',b'939.5037',b'860.72876',b'-78.10762',b'1083.7269',b'873.92633',b'180.5105',b'983.75574',b'889.84973',b'-164.93005'
image_106.jpg,b'1094.0928',b'494.5188',b'-82.925064',b'1086.2863',b'484.6582',b'-55.9377',b'1086.1912',b'484.79123',b'-55.946472',b'1086.1091',b'485.10587',b'-56.063927',b'1082.0377',b'484.83194',b'-83.00645',b'1078.8339',b'485.1725',b'-83.13783',b'1075.55',b'485.89816',b'-83.241356',b'1073.9458',b'494.56522',b'62.831062',b'1055.4098',b'497.93298',b'-62.66588',b'1094.1805',b'507.78278',b'-39.95206',b'1088.4846',b'508.32224',b'-76.86835',b'1104.1936',b'559.63727',b'169.23412',b'1000.84955',b'565.25726',b'-101.33037',b'1115.9',b'609.2696',b'381.4787',b'954.3602',b'652.07947',b'-308.34726',b'1138.6028',b'564.2944',b'532.92664',b'959.83746',b'579.10913',b'-532.0579',b'1139.3909',b'552.4581',b'579.07715',b'956.6205',b'562.2442',b'-569.7735',b'1139.2598',b'547.2266',b'570.2005',b'959.15515',b'555.2636',b'-552.19226',b'1135.9027',b'553.33606',b'533.6444',b'962.6049',b'561.2358',b'-527.4779',b'1082.5333',b'724.2114',b'83.57345',b'1013.4747',b'720.3984',b'-83.73972',b'1173.5908',b'767.2289',b'-181.16713',b'1045.4087',b'772.60693',b'-556.6252',b'1075.1465',b'830.35516',b'26.640514',b'976.33484',b'857.55054',b'-407.57394',b'1057.0677',b'840.4079',b'43.23985',b'954.3202',b'870.41046',b'-393.45908',b'1095.6162',b'880.41003',b'-40.080143',b'996.1364',b'892.4113',b'-520.61865'
